ref,marque,nom,rayon,famille,prix,icone,dispo,cap,specs,photo,photos,actif,description
CLIBEK09-BPN109,Beko,Climatiseur Beko portatif 9000btu bpn 109c,clim,Climatiseurs,172000,ventilo,jour,9000 BTU,Type: Portatif | Capacité: 9000 BTU | Garantie: 12 mois,images/CLIBEK09-BPN109-1.png,images/CLIBEK09-BPN109-1.png;images/CLIBEK09-BPN109-4.png;images/CLIBEK09-BPN109-3.png;images/CLIBEK09-BPN109-2.png,oui,"Ce climatiseur mobile Beko de 9000 BTU permet de refroidir, déshumidifier et ventiler efficacement les pièces jusqu'à 22 m². Il est équipé de roulettes pour un déplacement facile.

Points forts
• Capacité de refroidissement de 9000 BTU pour une superficie jusqu'à 22 m²
• Fonctions de refroidissement, déshumidification et ventilation
• Télécommande avec capteur de température intégré
• Départ différé programmable pour un confort optimal
• Roulettes et kit de calfeutrage inclus pour une installation aisée

Caractéristiques
Type : Portatif
Capacité : 9000 BTU
Superficie maximum : 22 m²
Déshumidification : 24L/24h
Coloris : Blanc
Dimensions L x H x P : 44 x 71.5 x 33.5 cm
Poids Net : 28,00 Kg
Poids Brut : 32,00 Kg
Débit d'air : 380 m³/h
Classe climatique : T1
Niveau sonore maximum : 65 dB
Niveau sonore minimum : 63 dB
Vitesses : 3 vitesses
Longueur du tuyau d'évacuation : 1,5 m"
CLIELA12-12000B,Elactron,Climatiseur Elactron portatif 12000btu,clim,Climatiseurs,152000,ventilo,jour,12000 BTU,Type: Portatif | Capacité: 12000 BTU | Garantie: 12 mois,images/CLIELA12-12000B-2.png,images/CLIELA12-12000B-2.png;images/CLIELA12-12000B-1.jpg,oui,"Le climatiseur portatif Elactron de 12000 BTU est conçu pour rafraîchir efficacement vos espaces de vie selon vos besoins.

Points forts
• Type portatif facile à positionner
• Capacité de refroidissement de 12000 BTU

Caractéristiques
Type : Portatif
Capacité : 12000 BTU"
CLIMATISEUR-HAIER-PORTATIF-12000BTU-1-5CV-AM12AA1TAA,Haier,Climatiseur Haier portatif 12000btu 1.5cv am12aa1taa,clim,Climatiseurs,161500,ventilo,jour,12000 BTU,Type: Portatif | Capacité: 12000 BTU | Garantie: 12 mois,images/CLIMATISEUR-HAIER-PORTATIF-12000BTU-1-5CV-AM12AA1TAA-2.jpg,images/CLIMATISEUR-HAIER-PORTATIF-12000BTU-1-5CV-AM12AA1TAA-2.jpg;images/CLIMATISEUR-HAIER-PORTATIF-12000BTU-1-5CV-AM12AA1TAA-1.jpg,oui,"Ce climatiseur portatif Haier de 12000 BTU est idéal pour rafraîchir et déshumidifier les pièces jusqu'à 40 m² avec un fonctionnement économe.

Points forts
• Capacité de refroidissement de 12000 BTU
• Adapté pour une chambre de 40 mq
• Fonction déshumidificateur intégrée
• Classe énergétique A
• Équipé d'une minuterie

Caractéristiques
Modèle : AM12AA1TAA
Type : Portatif
Capacité : 12000 BTU
Débit d'air : 350 m3/h
Taille de la chambre : 40 mq
Technologie : Seulement froid
Classe énergétique : A
Niveau sonore : 56 dB
Capacité de déshumidification : 1.20 L
Couleur : Blanc"
CLIHIS12-12000B,Hisense,Climatiseur Hisense 12000btu portatif r410,clim,Climatiseurs,222800,ventilo,jour,12000 BTU,Type: Portatif | Capacité: 12000 BTU | Garantie: 12 mois,images/CLIHIS12-12000B-1.jpg,images/CLIHIS12-12000B-1.jpg;images/CLIHIS12-12000B-4.jpg;images/CLIHIS12-12000B-3.jpg;images/CLIHIS12-12000B-2.jpg;images/CLIHIS12-12000B-5.jpg,oui,"Le climatiseur portatif Hisense de 12000 BTU procure rapidement l'air frais nécessaire pour maintenir une température agréable dans votre pièce.

Points forts
• Puissance de refroidissement de 12 000 btu/h
• Puissance de moteur équivalente à 1.5 CV
• Commandes sur le dessus pour un réglage adapté

Caractéristiques
Type : Portatif
Capacité : 12000 BTU
Puissance moteur : 1.5 CV"
CLIROC09-RACP09,Roch,Climatiseur Roch portatif 9000btu racp09r4a + plaque Roch 2feux a gaz offert,clim,Climatiseurs,142000,ventilo,jour,9000 BTU,Type: Portatif | Capacité: 9000 BTU | Garantie: 12 mois,images/CLIROC09-RACP09-2.png,images/CLIROC09-RACP09-2.png;images/CLIROC09-RACP09-1.png,oui,"Ce climatiseur portatif Roch de 9000 BTU intègre plusieurs modes de fonctionnement et filtres pour assurer un air frais et agréable à la maison.

Points forts
• Capacité de refroidissement de 9000 BTU
• Systèmes de filtration multiples incluant charbon actif et filtres anti-poussière
• Modes turbo et veille disponibles
• Redémarrage automatique
• Ailettes avec résistance à la corrosion

Caractéristiques
Modèle : RAC-P09R4-A
Type : Portatif
Capacité : 9000 BTU
Puissance : 1000W
Tension : 220-240V
Poids : 30 Kg
Type de réfrigérant : R-401A"
SPLAIR12-12000I,Autre Marque,Split Airfel by Daikin 12000btu inverter,clim,Climatiseurs,190000,split,jour,12000 BTU,Type: Split | Capacité: 12000 BTU | Garantie: 12 mois,images/SPLAIR12-12000I-2.jpg,images/SPLAIR12-12000I-2.jpg;images/SPLAIR12-12000I-1.jpg;images/SPLAIR12-12000I-4.jpg;images/SPLAIR12-12000I-3.jpg,oui,"Ce climatiseur fixe Airfel by Daikin de 12000 BTU utilise la technologie Inverter pour offrir un rafraîchissement performant et une grande efficacité énergétique.

Points forts
• Capacité de refroidissement de 12000 BTU
• Classe énergétique A++ pour une haute efficacité
• Technologie Inverter

Caractéristiques
Type de produit : Split
Capacité de refroidissement : 12000 BTU
Classe Énergétique : A.++
Puissance : 1131 W"
SPLAIR24-24000C,Autre Marque,Split Airfel by Daikin 24000btu cassette inverter sans liaison,clim,Climatiseurs,580000,split,jour,24000 BTU,Type: Split | Capacité: 24000 BTU | Garantie: 12 mois,images/SPLAIR24-24000C-3.jpg,images/SPLAIR24-24000C-3.jpg;images/SPLAIR24-24000C-2.jpg;images/SPLAIR24-24000C-1.jpg;images/SPLAIR24-24000C-4.jpg,oui,"Ce climatiseur cassette de type split dispose d'une capacité de refroidissement de 24000 BTU et d'une classe énergétique A++.

Points forts
• Capacité de refroidissement de 24000 BTU
• Classe énergétique A++

Caractéristiques
Type : Split cassette
Capacité : 24000 BTU
Classe énergétique : A++"
SPLAIR24-24000B,Autre Marque,Split Airwell 24000btu cassette inverter ydax0070h09m25,clim,Climatiseurs,550000,split,jour,24000 BTU,Type: Split | Capacité: 24000 BTU | Garantie: 12 mois,images/SPLAIR24-24000B-1.jpg,images/SPLAIR24-24000B-1.jpg,oui,"Ce climatiseur cassette inverter de type split offre une capacité de 24000 BTU.

Points forts
• Technologie inverter
• Capacité de 24000 BTU

Caractéristiques
Type : Split cassette
Capacité : 24000 BTU"
SPLAST12-12000B,Astech,Split Astech 12000btu 1.5 CV 12rbr410,clim,Climatiseurs,152000,split,jour,12000 BTU,Type: Split | Capacité: 12000 BTU | Garantie: 12 mois,images/SPLAST12-12000B-1.jpg,images/SPLAST12-12000B-1.jpg,oui,"Ce climatiseur split d'une capacité de 12000 BTU intègre plusieurs modes et filtres pour le traitement de l'air.

Points forts
• Redémarrage automatique et minuteur 24 heures
• Filtre antibactérien au carbone actif bio
• Direction automatique d'air haut-bas
• Mode nuit et contrôle automatique de température

Caractéristiques
Type : Split
Capacité : 12000 BTU
Puissance moteur : 1.5 CV
Réfrigérant : R410A/0.47KG
Puissance : 3224W
Intensité : 5.6A
Volume : 580m3/h
Poids intérieur : 8.1 kg
Poids extérieur : 25.2 kg
Dimensions : 82.3 x 29 x 21 cm"
SPLAST12-12000I,Astech,Split Astech 12000btu 1.5 CV inverter ast12rtv30c/ast12rtv31ma,clim,Climatiseurs,152000,split,jour,12000 BTU,Type: Split | Capacité: 12000 BTU | Garantie: 12 mois,images/SPLAST12-12000I-1.jpg,images/SPLAST12-12000I-1.jpg,oui,"Ce climatiseur split inverter d'une capacité de 12000 BTU convient pour rafraîchir vos espaces de vie.

Points forts
• Technologie inverter
• Capacité de 12000 BTU

Caractéristiques
Type : Split
Capacité : 12000 BTU"
SPLAST12-12000W,Astech,Split Astech 12000btu 1.5cv inverter ast12vtf11ma/ast12rtv31ma,clim,Climatiseurs,152000,split,jour,12000 BTU,Type: Split | Capacité: 12000 BTU | Garantie: 12 mois,images/SPLAST12-12000W-2.png,images/SPLAST12-12000W-2.png;images/SPLAST12-12000W-1.png,oui,"Ce climatiseur split inverter de 12000 BTU intègre une connectivité Wi-Fi pour faciliter son utilisation.

Points forts
• Technologie inverter
• Connectivité Wi-Fi intégrée
• Capacité de 12000 BTU

Caractéristiques
Type : Split
Capacité : 12000 BTU
Puissance moteur : 1.5 CV"
SPLAST12-1200CI,Astech,Split Astech 12000btu cassette inverter ast12ca103ivma,clim,Climatiseurs,152000,split,jour,12000 BTU,Type: Split | Capacité: 12000 BTU | Garantie: 12 mois,images/SPLAST12-1200CI-1.png,images/SPLAST12-1200CI-1.png,oui,"Ce climatiseur cassette inverter de type split dispose d'une capacité de 12000 BTU.

Points forts
• Technologie inverter
• Type cassette
• Capacité de 12000 BTU

Caractéristiques
Type : Split cassette
Capacité : 12000 BTU"
SPLAST18-18000A,Astech,Split Astech 18000btu 2cv 18rb410,clim,Climatiseurs,552000,split,jour,18000 BTU,Type: Split | Capacité: 18000 BTU | Garantie: 12 mois,images/SPLAST18-18000A-1.jpg,images/SPLAST18-18000A-1.jpg,oui,"Ce climatiseur split Astech de 18000 BTU et 2 chevaux assure le rafraîchissement de vos espaces de vie ou de travail.

Points forts
• Capacité de 18000 BTU
• Puissance de 5275 W
• Fonctionne avec le réfrigérant R410A

Caractéristiques
Type de produit : Climatiseur Split
Capacité : 18000 BTU
Puissance : 5275 W
Nombre de chevaux : 2 CV
Réfrigérant : R410A
Entrée de puissance : 1643 W
Tension nominale : 220-240V~"
SPLAST18-18000W,Astech,Split Astech 18000btu 2cv inverter ast18rtv30c,clim,Climatiseurs,277000,split,jour,18000 BTU,Type: Split | Capacité: 18000 BTU | Garantie: 12 mois,images/SPLAST18-18000W-1.png,images/SPLAST18-18000W-1.png,oui,"Ce climatiseur split inverter Astech intègre une capacité de 18000 BTU et une connexion Wi-Fi pour un usage adapté à vos besoins.

Points forts
• Technologie Inverter intégrée
• Connectivité Wi-Fi
• Capacité de 18000 BTU
• Modèle 2 CV

Caractéristiques
Type de produit : Climatiseur Split
Capacité : 18000 BTU
Nombre de chevaux : 2 CV
Technologie : Inverter
Connectivité : Wi-Fi"
SPLAST18-1800CI,Astech,Split Astech 18000btu cassette inverter ast18ca103ivte,clim,Climatiseurs,552000,split,jour,18000 BTU,Type: Split | Capacité: 18000 BTU | Garantie: 12 mois,images/SPLAST18-1800CI-1.png,images/SPLAST18-1800CI-1.png,oui,"Ce climatiseur split cassette inverter Astech de 18000 BTU convient pour le conditionnement d'air de vos grands espaces.

Points forts
• Modèle cassette
• Technologie Inverter
• Capacité de 18000 BTU

Caractéristiques
Type de produit : Climatiseur Split cassette
Capacité : 18000 BTU
Technologie : Inverter"
SPLAST24-24000A,Astech,Split Astech 24000btu 3cv 24rb410,clim,Climatiseurs,316900,split,jour,24000 BTU,Type: Split | Capacité: 24000 BTU | Garantie: 12 mois,images/SPLAST24-24000A-1.jpg,images/SPLAST24-24000A-1.jpg,oui,"Ce climatiseur mural Astech dispose d'une capacité de 24000 BTU et d'une puissance de 3 chevaux pour rafraîchir efficacement vos pièces.

Points forts
• Type mural
• Capacité de 24000 BTU

Caractéristiques
Type de produit : Climatiseur mural
Capacité : 24000 BTU
Nombre de chevaux : 3 CV"
SPLAST24-24000C,Astech,Split Astech 24000btu 3cv armoire inverter ast24infhma,clim,Climatiseurs,316900,split,jour,24000 BTU,Type: Split | Capacité: 24000 BTU | Garantie: 12 mois,images/SPLAST24-24000C-1.png,images/SPLAST24-24000C-1.png,oui,"Ce climatiseur armoire inverter Astech de 24000 BTU et 3 chevaux est conçu pour la climatisation de grands volumes.

Points forts
• Modèle armoire
• Technologie Inverter
• Capacité de 24000 BTU

Caractéristiques
Type de produit : Climatiseur armoire
Capacité : 24000 BTU
Nombre de chevaux : 3 CV
Technologie : Inverter"
SPLAST24-24RTV3,Astech,Split Astech 24000btu 3cv inverter ast24rtv30c,clim,Climatiseurs,316900,split,jour,24000 BTU,Type: Split | Capacité: 24000 BTU | Garantie: 12 mois,images/SPLAST24-24RTV3-1.png,images/SPLAST24-24RTV3-1.png,oui,"Ce climatiseur split inverter Astech offre une capacité de 24000 BTU et une puissance de 3 chevaux.

Points forts
• Technologie Inverter
• Capacité de 24000 BTU

Caractéristiques
Type de produit : Climatiseur Split
Capacité : 24000 BTU
Nombre de chevaux : 3 CV
Technologie : Inverter"
SPLAST24-24ARMO,Astech,Split Astech 24000btu armoire 24ldma,clim,Climatiseurs,542000,split,jour,24000 BTU,Type: Split | Capacité: 24000 BTU | Garantie: 12 mois,images/SPLAST24-24ARMO-1.jpg,images/SPLAST24-24ARMO-1.jpg,oui,"Découvrez ce climatiseur split armoire Astech d'une capacité de 24000 BTU, conçu pour rafraîchir efficacement vos grands espaces.

Points forts
• Capacité de refroidissement de 24000 BTU
• Puissance de 3 CV
• Appareil de type split armoire

Caractéristiques
Type de produit : Split armoire
Capacité de refroidissement : 24000 BTU
Puissance : 3 CV"
SPLAST24-2400CI,Astech,Split Astech 24000btu cassette inverter ast24ca103ivma,clim,Climatiseurs,316900,split,jour,24000 BTU,Type: Split | Capacité: 24000 BTU | Garantie: 12 mois,images/SPLAST24-2400CI-1.png,images/SPLAST24-2400CI-1.png,oui,"Ce climatiseur split cassette Astech offre une capacité de 24000 BTU pour la climatisation de vos pièces.

Points forts
• Capacité de 24000 BTU
• Type split cassette

Caractéristiques
Type de produit : Split
Capacité : 24000 BTU"
SPLAST36-36GFMA,Astech,Split Astech 36000btu 4cv armoire 36gfma,clim,Climatiseurs,987000,split,jour,36000 BTU,Type: Split | Capacité: 36000 BTU | Garantie: 12 mois,images/SPLAST36-36GFMA-1.png,images/SPLAST36-36GFMA-1.png,oui,"Optez pour ce climatiseur split armoire Astech de 36000 BTU et 4 CV pour climatiser vos grands volumes.

Points forts
• Capacité de 36000 BTU
• Puissance de 4 CV
• Type split armoire

Caractéristiques
Type de produit : Split
Capacité : 36000 BTU
Puissance : 4 CV"
SPLAST48-48000B,Astech,Split Astech 48000btu armoire 48ldma,clim,Climatiseurs,997000,split,jour,48000 BTU,Type: Split | Capacité: 48000 BTU | Garantie: 12 mois,images/SPLAST48-48000B-1.png,images/SPLAST48-48000B-1.png,oui,"Ce climatiseur split armoire Astech de 48000 BTU intègre un cabinet anticorrosion et un système de redémarrage automatique.

Points forts
• Capacité de refroidissement de 48000 Btu
• Cabinet anticorrosion
• Fonction de diagnostic et de protection automatique
• Redémarrage automatique

Caractéristiques
Type de produit : Split Armoire
Capacité de refroidissement : 48000 Btu
Puissance : 6 CV
Réfrigérant : R22
Poids : 33 kg
Dimensions (L x H x P) : 50 x 168 x 23 cm"
SPLAST48-48INFG,Astech,Split Astech 48000btu armoire inverter 48infgga,clim,Climatiseurs,997000,split,jour,48000 BTU,Type: Split | Capacité: 48000 BTU | Garantie: 12 mois,images/SPLAST48-48INFG-1.png,images/SPLAST48-48INFG-1.png,oui,"Ce climatiseur split armoire Inverter Astech de 48000 BTU propose des fonctionnalités pratiques comme une télécommande et un mode veille.

Points forts
• Technologie Inverter pour des économies d'énergie
• Capacité de refroidissement de 48 000 BTU
• Télécommande et minuterie programmable
• Mode veille et redémarrage automatique

Caractéristiques
Type de climatiseur : Split Armoire
Capacité de refroidissement : 48 000 BTU
Technologie : Inverter
Fonctionnalités : Télécommande, programmation de la minuterie, mode veille, redémarrage automatique"
SPLAST09-9000BT,Astech,Split Astech 9000btu 1.25 CV asw09au,clim,Climatiseurs,167800,split,jour,9000 BTU,Type: Split | Capacité: 9000 BTU | Garantie: 12 mois,images/SPLAST09-9000BT-1.jpg,images/SPLAST09-9000BT-1.jpg,oui,"Ce climatiseur split Astech de 9000 BTU et 1,25 CV assure le rafraîchissement de vos pièces au quotidien.

Points forts
• Capacité de 9000 BTU
• Puissance de 1,25 CV
• Fluide frigorigène R410A

Caractéristiques
Type de produit : Climatiseur Split
Puissance : 3517 W
Capacité : 9000 BTU
Nombre de Chevaux : 1,25 CV
Fréquence : 50 Hz
Réfrigérant : R410A
Entrée de puissance : 1015 W
Tension nominale : 220-240V"
SPLAST09-9000IW,Astech,Split Astech 9000btu 1.25 inverter +Wi-Fi ast09vtf11ma,clim,Climatiseurs,167800,split,jour,9000 BTU,Type: Split | Capacité: 9000 BTU | Garantie: 12 mois,images/SPLAST09-9000IW-1.png,images/SPLAST09-9000IW-1.png,oui,"Ce climatiseur split Astech d'une capacité de 9000 BTU et d'une puissance de 1.25 CV intègre la technologie Inverter et le Wi-Fi pour rafraîchir vos pièces.

Points forts
• Capacité de refroidissement de 9000 BTU
• Technologie Inverter intégrée
• Connexion Wi-Fi incluse

Caractéristiques
Type : Split
Capacité : 9000 BTU
Puissance : 1.25 CV"
SPLAST18-18000B,Astech,Split Astech cassette 18000btu ast18ca102te,clim,Climatiseurs,552000,split,jour,18000 BTU,Type: Split | Capacité: 18000 BTU | Garantie: 12 mois,images/SPLAST18-18000B-1.jpg,images/SPLAST18-18000B-1.jpg,oui,"Ce climatiseur split cassette Astech offre une capacité de 18000 BTU et une puissance de 2.5 CV pour rafraîchir efficacement vos espaces.

Points forts
• Capacité de 18000 BTU
• Modèle cassette

Caractéristiques
Type : Split
Capacité : 18000 BTU
Puissance : 2.5 CV"
SPLBEK12-12000BT,Beko,Split Beko 12000btu 1.5 CV gaz 410 brae120,clim,Climatiseurs,181900,split,jour,12000 BTU,Type: Split | Capacité: 12000 BTU | Garantie: 12 mois,images/SPLBEK12-12000BT-1.jpg,images/SPLBEK12-12000BT-1.jpg,oui,"Ce climatiseur split Beko de 12000 BTU dispose de plusieurs modes de ventilation et de filtration pour rafraîchir et purifier l'air de votre intérieur.

Points forts
• Capacité de refroidissement de 12000 BTU
• Filtre antibactérien et filtre à carbone actif
• Fonction minuterie de 24 heures et affichage numérique
• Mode nuit et fonction de déshumidification

Caractéristiques
Type : Split
Capacité : 12000 BTU
Puissance : 1.5 HP
Capacité de refroidissement : 3500 W
Couleur : Blanc
Poids : 30 kg
Niveau sonore : 40 dBA (intérieur) / 50 dBA (extérieur)
Dimensions unité intérieure : 82.3 x 29 x 21 cm"
SPLBEK12-12000I,Beko,Split Beko 12000btu 1.5 CV inverter,clim,Climatiseurs,274900,split,jour,12000 BTU,Type: Split | Capacité: 12000 BTU | Garantie: 12 mois,images/SPLBEK12-12000I-1.jpg,images/SPLBEK12-12000I-1.jpg,oui,"Ce climatiseur split Beko de 12000 BTU intègre la technologie Inverter et un ioniseur pour assurer un rafraîchissement efficace et un air pur.

Points forts
• Capacité de 12000 BTU
• Classe énergétique A+
• Technologie Inverter et fonction IonGuard

Caractéristiques
Type : Split
Capacité : 12000 BTU
Puissance : 1.5 CV
Classe énergétique : A+"
SPLBEK18-18000I,Beko,Split Beko 18000btu 2.5 CV inverter,clim,Climatiseurs,350000,split,jour,18000 BTU,Type: Split | Capacité: 18000 BTU | Garantie: 12 mois,images/SPLBEK18-18000I-1.jpg,images/SPLBEK18-18000I-1.jpg,oui,"Ce climatiseur split Beko d'une capacité de 18000 BTU assure un refroidissement rapide et efficace dans les maisons, restaurants et bureaux.

Points forts
• Capacité de refroidissement de 18000 BTU
• Fonctionnement à faible bruit
• Housse lavable pour un nettoyage facile
• Filtre à carbone actif

Caractéristiques
Type : Split
Capacité : 18000 BTU
Puissance : 2.5 CV"
SPLBEK18-18000B,Beko,Split Beko 18000btu 2cv 410 brac18,clim,Climatiseurs,282800,split,jour,18000 BTU,Type: Split | Capacité: 18000 BTU | Garantie: 12 mois,images/SPLBEK18-18000B-1.png,images/SPLBEK18-18000B-1.png,oui,"Ce climatiseur split Beko de 18000 BTU assure un rafraîchissement optimal grâce à son fluide réfrigérant R410 et ses fonctions de confort intégrées.

Points forts
• Capacité de refroidissement de 18000 BTU
• Filtre antibactérien au carbone actif bio
• Fonction de déshumidification et de givrage
• Mode nuit et minuteur de 24 heures

Caractéristiques
Type : Split
Capacité : 18000 BTU
Puissance moteur : 2 CV
Type de réfrigérant : R410
Poids : 17.5 kg
Dimensions : 82.3 x 29 x 21 cm"
SPLBEK36-36000A,Beko,Split Beko 36000btu 5cv armoire lop360,clim,Climatiseurs,876500,split,jour,36000 BTU,Type: Split | Capacité: 36000 BTU | Garantie: 12 mois,images/SPLBEK36-36000A-2.png,images/SPLBEK36-36000A-2.png;images/SPLBEK36-36000A-1.jpg,oui,"Le split armoire Beko de 36000 BTU et 5 CV assure une climatisation efficace pour maintenir une température agréable dans vos grands espaces.

Points forts
• Capacité de refroidissement de 36000 BTU
• Puissance de 5 CV
• Modèle de type split armoire

Caractéristiques
Type : Split armoire
Capacité : 36000 BTU
Puissance : 5 CV"
SPLDAE18-18000C,Autre Marque,Split daewo cassette 18000btu,clim,Climatiseurs,225000,split,jour,18000 BTU,Type: Split | Capacité: 18000 BTU | Garantie: 12 mois,images/SPLDAE18-18000C-1.png,images/SPLDAE18-18000C-1.png,oui,"Ce climatiseur cassette Daewo de 18000 BTU intègre plusieurs fonctions pratiques pour faciliter son utilisation au quotidien.

Points forts
• Affichage numérique par segments
• Minuterie programmable et auto-diagnostique
• Fonction de démarrage automatique

Caractéristiques
Type : Split cassette
Capacité : 18000 BTU
Affichage : Numérique par segments"
SPLDAI18-RXB18B,Autre Marque,Split Daikin 18000btu inverter rxb18bxvju,clim,Climatiseurs,225000,split,jour,18000 BTU,Type: Split | Capacité: 18000 BTU | Garantie: 12 mois,images/SPLDAI18-RXB18B-1.jpg,images/SPLDAI18-RXB18B-1.jpg,oui,"Le climatiseur mural Daikin 18000 BTU utilise la technologie inverter pour rafraîchir ou réchauffer vos pièces efficacement.

Points forts
• Capacité de refroidissement et de chauffage de 18000 Btu/h
• Mode Turbo pour une action rapide
• Technologie d'onduleur intelligent et filtration avancée

Caractéristiques
Type : Split mural
Capacité de refroidissement : 18000 Btu/h
Capacité de chauffage : 18000 Btu/h
Efficacité énergétique : 17 SEER, 9 HSPF"
SPLDES12-12FV3D,Deska,Split Deska 12000btu 1.5cv des12fv3de,clim,Climatiseurs,139900,split,jour,12000 BTU,Type: Split | Capacité: 12000 BTU | Garantie: 12 mois,images/SPLDES12-12FV3D-1.jpg,images/SPLDES12-12FV3D-1.jpg,oui,"Le climatiseur split Deska de 12000 BTU offre une puissance de 1,5 CV pour rafraîchir efficacement votre intérieur.

Points forts
• Capacité de refroidissement de 12000 BTU
• Puissance de 1,5 CV
• Coloris blanc

Caractéristiques
Type : Split
Puissance : 1.5 CV
Capacité de refroidissement : 12000 BTU
Couleur : Blanc
Poids : 54 kg
Largeur : 1078 mm
Hauteur : 325 mm
Profondeur : 246 mm"
SPLDES12-12000I,Deska,Split Deska 12000btu inverter 1.5cv des12vt14c,clim,Climatiseurs,175000,split,jour,12000 BTU,Type: Split | Capacité: 12000 BTU | Garantie: 12 mois,images/SPLDES12-12000I-1.jpg,images/SPLDES12-12000I-1.jpg,oui,"Le climatiseur split inverter Deska de 12000 BTU combine une puissance de 1,5 CV pour une régulation optimale de la température.

Points forts
• Technologie Inverter
• Capacité de refroidissement de 12000 BTU
• Puissance de 1.5 CV

Caractéristiques
Type : Split Inverter
Puissance : 1.5 CV
Capacité de refroidissement : 12000 BTU
Couleur : Blanc
Poids : 54 kg
Largeur : 1078 mm
Hauteur : 325 mm
Profondeur : 246 mm"
SPLDES18-18VT14,Deska,Split Deska 18000btu 2.5cv inverter des18vt14c,clim,Climatiseurs,215000,split,jour,18000 BTU,Type: Split | Capacité: 18000 BTU | Garantie: 12 mois,images/SPLDES18-18VT14-1.png,images/SPLDES18-18VT14-1.png,oui,"Le climatiseur split Deska de 18000 BTU intègre la technologie inverter et une classe énergétique performante pour votre confort thermique.

Points forts
• Capacité de refroidissement de 18000 BTU
• Puissance de 2.5 CV
• Classe énergétique A++

Caractéristiques
Type : Split Inverter
Puissance : 2.5 CV
Capacité de refroidissement : 18000 BTU
Couleur : Blanc
Consommation d'énergie : A++"
SPLDES18-18FV3D,Deska,Split Deska 18000btu 2cv des18fv3de,clim,Climatiseurs,210000,split,jour,18000 BTU,Type: Split | Capacité: 18000 BTU | Garantie: 12 mois,images/SPLDES18-18FV3D-1.jpg,images/SPLDES18-18FV3D-1.jpg,oui,"Découvrez ce climatiseur split d'une capacité de 18000 BTU et d'une puissance de 2CV. Il assure le rafraîchissement de vos espaces de vie ou de travail à Dakar.

Points forts
• Capacité de refroidissement de 18000 BTU
• Puissance de 2CV
• Coloris blanc

Caractéristiques
Type : Split
Puissance : 2CV
Capacité de refroidissement : 18000 BTU
Couleur : Blanc
Poids : 54 kg
Profondeur : 246 mm
Hauteur : 325 mm
Largeur : 1078 mm"
SPLDES24-24FV3D,Deska,Split Deska 24000btu 3cv des24fv3de,clim,Climatiseurs,272000,split,jour,24000 BTU,Type: Split | Capacité: 24000 BTU | Garantie: 12 mois,images/SPLDES24-24FV3D-1.jpg,images/SPLDES24-24FV3D-1.jpg,oui,"Ce climatiseur split offre une capacité de 24000 BTU et une puissance de 3CV pour rafraîchir efficacement vos pièces.

Points forts
• Capacité de refroidissement de 24000 BTU
• Puissance de 3CV
• Coloris blanc

Caractéristiques
Type : Split
Puissance : 3CV
Capacité de refroidissement : 24000 BTU
Couleur : Blanc
Hauteur : 325 mm
Largeur : 1078 mm"
SPLDES24-24000I,Deska,Split Deska 24000btu inverter 3cv des24vt14c,clim,Climatiseurs,272000,split,jour,24000 BTU,Type: Split | Capacité: 24000 BTU | Garantie: 12 mois,images/SPLDES24-24000I-1.png,images/SPLDES24-24000I-1.png,oui,"Ce climatiseur split propose une capacité de 24000 BTU avec technologie inverter pour le confort de votre intérieur.

Points forts
• Capacité de 24000 BTU
• Technologie inverter

Caractéristiques
Type : Split
Capacité : 24000 BTU"
SPLDES09-09FV3D,Deska,Split Deska 9000btu 1.25cv des09fv3de,clim,Climatiseurs,114900,split,jour,9000 BTU,Type: Split | Capacité: 9000 BTU | Garantie: 12 mois,images/SPLDES09-09FV3D-1.jpg,images/SPLDES09-09FV3D-1.jpg,oui,"Ce climatiseur split d'une capacité de 9000 BTU et de puissance 1.25CV convient pour rafraîchir vos pièces.

Points forts
• Capacité de refroidissement de 9000 BTU
• Puissance de 1.25CV
• Coloris blanc

Caractéristiques
Type : Split
Puissance : 1.25CV
Capacité de refroidissement : 9000 BTU
Couleur : Blanc
Poids : 54 kg
Profondeur : 246 mm
Hauteur : 325 mm
Largeur : 1078 mm"
SPLELA12-12000B,Elactron,Split Elactron 12000btu 1.5cv gaz 410,clim,Climatiseurs,136600,split,jour,12000 BTU,Type: Split | Capacité: 12000 BTU | Garantie: 12 mois,images/SPLELA12-12000B-1.jpg,images/SPLELA12-12000B-1.jpg;images/SPLELA12-12000B-4.jpg;images/SPLELA12-12000B-3.jpg;images/SPLELA12-12000B-2.jpg,oui,"Ce climatiseur split assure le rafraîchissement de votre intérieur grâce à sa capacité de 12000 BTU et sa puissance de 1.5CV.

Points forts
• Capacité de refroidissement de 12000 BTU
• Puissance de 1.5CV

Caractéristiques
Type : Split
Puissance : 1.5CV
Capacité de refroidissement : 12000 BTU"
SPLELA12-12000I,Elactron,Split Elactron 12000btu inverter 12kr1,clim,Climatiseurs,245000,split,jour,12000 BTU,Type: Split | Capacité: 12000 BTU | Garantie: 12 mois,images/SPLELA12-12000I-2.jpg,images/SPLELA12-12000I-2.jpg;images/SPLELA12-12000I-1.jpg,oui,"Ce climatiseur split inverter de 12000 BTU combine efficacité énergétique et performances pour climatiser vos pièces.

Points forts
• Classe énergétique A++
• Capacité de refroidissement de 3450W
• Unité intérieure silencieuse avec un niveau sonore d'environ 39dB

Caractéristiques
Type : Split
Capacité : 12000 BTU
Puissance : 1320W
Tension : 220-240V
Fréquence : 50Hz
Classe énergétique : A++
Capacité de refroidissement : 3450W
Bruit unité intérieure : ~39dB
Poids unité intérieure : 7 kg
Dimensions unité intérieure : 700 x 347 x 277 mm
Bruit unité extérieure : 50dB
Poids unité extérieure : 22,5 kg
Dimensions unité extérieure : 760 x 347 x 277 mm
Couleur : Blanc"
SPLELA18-18000B,Elactron,Split Elactron 18000btu 2.5cv gaz 410,clim,Climatiseurs,212000,split,jour,18000 BTU,Type: Split | Capacité: 18000 BTU | Garantie: 12 mois,images/SPLELA18-18000B-2.jpg,images/SPLELA18-18000B-2.jpg;images/SPLELA18-18000B-1.jpg;images/SPLELA18-18000B-4.jpg;images/SPLELA18-18000B-3.jpg,oui,"Ce climatiseur split Elactron de 18000 BTU est conçu pour rafraîchir efficacement vos pièces grâce à ses fonctions de balançoire automatique et d'auto-nettoyage.

Points forts
• Capacité de refroidissement de 18000 BTU
• Système de balançoire d'air automatique
• Fonction d'auto-nettoyage intégrée
• Fonction de redémarrage automatique

Caractéristiques
Type : Split
Capacité : 18000 BTU
Niveau de pression sonore intérieur : 47 dB
Niveau de pression sonore extérieur : 57 dB
Dimensions intérieur : 940 x 200 x 298 mm
Poids net intérieur : 13 kg
Poids net extérieur : 45 kg"
SPLELA24-24000A,Elactron,Split Elactron 24000btu armoire etn24r1st,clim,Climatiseurs,298400,split,jour,24000 BTU,Type: Split | Capacité: 24000 BTU | Garantie: 12 mois,images/SPLELA24-24000A-1.jpg,images/SPLELA24-24000A-1.jpg;images/SPLELA24-24000A-4.jpg;images/SPLELA24-24000A-3.jpg;images/SPLELA24-24000A-2.jpg;images/SPLELA24-24000A-5.jpg,oui,"Ce climatiseur split armoire Elactron offre une capacité de 24000 BTU pour un rafraîchissement confortable de vos grands espaces.

Points forts
• Modèle de type split armoire
• Capacité de refroidissement de 24000 BTU
• Utilisation facile pour un confort optimal

Caractéristiques
Type : Split armoire
Capacité : 24000 BTU
Référence : ETN-24R1ST"
SPLELA09-9000IN,Elactron,Split Elactron 9000btu inverter,clim,Climatiseurs,223400,split,jour,9000 BTU,Type: Split | Capacité: 9000 BTU | Garantie: 12 mois,images/SPLELA09-9000IN-2.png,images/SPLELA09-9000IN-2.png;images/SPLELA09-9000IN-1.png;images/SPLELA09-9000IN-4.png;images/SPLELA09-9000IN-3.png,oui,"Ce climatiseur split inverter Elactron de 9000 BTU assure un rafraîchissement adapté aux pièces de taille modérée avec une classe énergétique A++.

Points forts
• Capacité de refroidissement de 9000 BTU / 2500W
• Classe énergétique A++
• Technologie inverter
• Matière en cuivre

Caractéristiques
Type : Split
Capacité : 9000 BTU
Consommation d'énergie : A++
Puissance : 950W
Tension : 220-240V
Fréquence : 50Hz
Classe énergétique : A++
Couleur : Blanc
Bruit unité intérieure : 37 dB
Poids unité intérieure : 6,5 kg
Dimensions unité intérieure : 690x283x199 mm
Bruit unité extérieure : 51 dB
Poids unité extérieure : 19,5 kg
Dimensions unité extérieure : 760x347x277 mm
Matière : Copper"
SPLEND36-36000B,Enduro,Split Enduro 36000btu 4cv armoire r410a,clim,Climatiseurs,744000,split,jour,36000 BTU,Type: Split | Capacité: 36000 BTU | Garantie: 12 mois,images/SPLEND36-36000B-1.png,images/SPLEND36-36000B-1.png,oui,"Ce climatiseur split armoire Enduro de 36000 BTU est conçu pour la climatisation de grands volumes.

Points forts
• Capacité de 36000 BTU
• Modèle armoire

Caractéristiques
Type : Split armoire
Capacité : 36000 BTU
Gaz : R410A"
SPLFIN12-12000I,Finix,Split finix 12000btu 1.5cv inverter finix12dbc,clim,Climatiseurs,150000,split,jour,12000 BTU,Type: Split | Capacité: 12000 BTU | Garantie: 12 mois,images/SPLFIN12-12000I-1.png,images/SPLFIN12-12000I-1.png,oui,"Ce climatiseur mural Finix de 12000 BTU est conçu pour le rafraîchissement d'une pièce de vie ou d'une chambre.

Points forts
• Capacité de 12000 BTU
• Montage mural en deux parties
• Mode de refroidissement uniquement

Caractéristiques
Type : Split mural
Capacité : 12000 BTU/h
Tension : 220-240V
Fréquence : 50 Hz
Poids net : 8 kg
Poids brut : 9 kg"
SPLFIN18-18000B,Finix,Split finix 18000btu 2.5cv g410 finix18bb,clim,Climatiseurs,225000,split,jour,18000 BTU,Type: Split | Capacité: 18000 BTU | Garantie: 12 mois,images/SPLFIN18-18000B-1.jpg,images/SPLFIN18-18000B-1.jpg,oui,"Ce climatiseur mural Finix de 18000 BTU assure un refroidissement efficace des pièces spacieuses.

Points forts
• Capacité de 18000 BTU
• Puissance de 2.5 CV
• Mode de refroidissement uniquement

Caractéristiques
Type : Split mural
Capacité : 18000 BTU/h
Puissance : 2.5 CV
Gaz : 410
Poids net : 46 kg
Poids brut : 51 kg"
SPLFIN18-18DBC2,N A,Split finix 18000btu 2.5cv inverter r410a finix 18dbc,clim,Climatiseurs,225000,split,jour,18000 BTU,Type: Split | Capacité: 18000 BTU | Garantie: 12 mois,images/SPLFIN18-18DBC2-1.png,images/SPLFIN18-18DBC2-1.png,oui,"Ce climatiseur split d'une capacité de 18000 Btu par heure intègre la technologie inverter pour rafraîchir efficacement votre pièce.

Points forts
• Capacité de 18000 Btu par heure
• Technologie inverter intégrée
• Fonctionne avec le gaz R410
• Coloris blanc

Caractéristiques
Type : Split
Capacité : 18000 Btu / h
Technologie : Inverter
Fluide frigorigène : R410
Tension : 220-240 V
Fréquence : 50 Hz
Couleur : Blanc
Poids brut / net : 8,5 / 7,5 kg
Dimensions : 800 x 265 x 330 mm"
SPLFIN24-24LA00,Finix,Split finix armoire 24000btu gaz 410,clim,Climatiseurs,504700,split,jour,24000 BTU,Type: Split | Capacité: 24000 BTU | Garantie: 12 mois,images/SPLFIN24-24LA00-1.png,images/SPLFIN24-24LA00-1.png,oui,"Ce climatiseur split armoire de 24000 Btu par heure et 3 CV assure le rafraîchissement de grands espaces avec un design gris clair.

Points forts
• Modèle armoire de 24000 Btu par heure
• Puissance de 3 CV
• Coloris gris clair

Caractéristiques
Type : Split
Capacité : 24000 Btu / h
Puissance : 3 CV
Fluide frigorigène : Gaz 410A
Tension : 220-240 V
Fréquence : 50 Hz
Couleur : Gris clair
Dimensions : 1800 x 438 x 607 mm"
SPLGRE12-12000I,Autre Marque,Split gree 12000btu inverter,clim,Climatiseurs,190000,split,jour,12000 BTU,Type: Split | Capacité: 12000 BTU | Garantie: 12 mois,images/SPLGRE12-12000I-2.jpg,images/SPLGRE12-12000I-2.jpg;images/SPLGRE12-12000I-1.jpg;images/SPLGRE12-12000I-4.jpg;images/SPLGRE12-12000I-3.jpg,oui,"Ce climatiseur split inverter de 12000 BTU propose plusieurs modes de ventilation et un contrôle stable de la température pour votre intérieur.

Points forts
• Classe énergétique A+++
• Modes minuteur, veille, turbo et balançoire
• Fonction déshumidification et protection anticorrosion
• Réglage de la vitesse de ventilation

Caractéristiques
Type : Split
Capacité : 12000 BTU
Technologie : Inverter
Classe énergétique : A+++
Fluide frigorigène : R32
Dimensions condenseur : 77,6 x 54 x 32 cm
Couleur : Blanc"
SPLGRE18-18000C,Autre Marque,Split gree 18000btu inverter cassette,clim,Climatiseurs,225000,split,jour,18000 BTU,Type: Split | Capacité: 18000 BTU | Garantie: 12 mois,images/SPLGRE18-18000C-1.jpg,images/SPLGRE18-18000C-1.jpg,oui,"Ce climatiseur de type cassette offre une capacité de refroidissement de 18000 BTU avec la technologie inverter.

Points forts
• Capacité de refroidissement de 18000 BTU
• Technologie inverter
• Utilise le réfrigérant R410A

Caractéristiques
Type de produit : Climatiseur cassette
Capacité de refroidissement : 18000 BTU
Technologie : Inverter
Réfrigérant : R410A"
SPLGRE24-24000B,Autre Marque,Split gree 24000btu 3cv gaz 410,clim,Climatiseurs,330000,split,jour,24000 BTU,Type: Split | Capacité: 24000 BTU | Garantie: 12 mois,images/SPLGRE24-24000B-1.png,images/SPLGRE24-24000B-1.png,oui,"Ce climatiseur puissant de 24000 BTU assure la climatisation et le chauffage de votre pièce avec plusieurs vitesses de ventilation et une régulation précise.

Points forts
• Capacité de 24000 BTU
• Classes énergétiques élevées en froid et chaud
• Niveaux sonores ajustables pour l'unité intérieure
• Fluide frigorigène R410A

Caractéristiques
Type : Split
Capacité : 24000 BTU
Classe d'efficacité énergétique (chauffage) : A+
Fluide frigorigène : R410A
Alimentation : 230 V / 50 Hz
Dimensions unité intérieure : 325 x 1078 x 246 mm
Poids unité intérieure : 17 kg
Dimensions unité extérieure : 700 x 955 x 396 mm
Poids unité extérieure : 53 kg"
SPLGRE24-24000R,Autre Marque,Split gree 24000btu 3cv inverter cassette r32,clim,Climatiseurs,520000,split,jour,24000 BTU,Type: Split | Capacité: 24000 BTU | Garantie: 12 mois,images/SPLGRE24-24000R-1.png,images/SPLGRE24-24000R-1.png,oui,"Ce climatiseur split cassette de 24000 BTU et 3 CV intègre la technologie inverter et utilise le gaz R32.

Points forts
• Capacité de 24000 BTU
• Puissance de 3 CV
• Technologie inverter
• Utilisation du gaz R32

Caractéristiques
Type : Split cassette
Capacité : 24000 BTU
Puissance : 3 CV
Technologie : Inverter
Fluide frigorigène : R32"
SPLGRE24-24000I,Autre Marque,Split gree 24000btu inverter,clim,Climatiseurs,385000,split,jour,24000 BTU,Type: Split | Capacité: 24000 BTU | Garantie: 12 mois,images/SPLGRE24-24000I-3.jpg,images/SPLGRE24-24000I-3.jpg;images/SPLGRE24-24000I-2.jpg;images/SPLGRE24-24000I-1.jpg;images/SPLGRE24-24000I-4.jpg,oui,"Ce climatiseur split d'une capacité de 24000 BTU intègre la technologie inverter. Il convient pour rafraîchir vos pièces avec un contrôle stable de la température.

Points forts
• Capacité de 24000 BTU
• Classe énergétique A +++
• Fonctionnalités incluant mode Turbo et veille
• Protection anticorrosion

Caractéristiques
Type : Split
Capacité : 24000 BTU
Classe énergétique : A +++
Fluide frigorigène : R32
Couleur : Blanche
Largeur condenseur : 77,6 cm
Hauteur condenseur : 54 cm
Profondeur condenseur : 32 cm"
SPLGRE09-9000BT,Autre Marque,Split gree 9000btu gaz 410,clim,Climatiseurs,140000,split,jour,9000 BTU,Type: Split | Capacité: 9000 BTU | Garantie: 12 mois,images/SPLGRE09-9000BT-1.png,images/SPLGRE09-9000BT-1.png,oui,"Ce climatiseur split d'une capacité de 9000 BTU est conçu pour assurer le refroidissement de votre espace de vie.

Points forts
• Capacité de refroidissement de 9000 BTU
• Volume de refroidissement de 470 m3/h
• Niveau sonore de 37 dB(A)

Caractéristiques
Type : Split
Capacité : 9000 BTU
Volume de refroidissement : 470 m3/h
Niveau sonore : 37 dB(A)"
SPLGRE09-9000IN,Autre Marque,Split gree 9000btu inverter,clim,Climatiseurs,140000,split,jour,9000 BTU,Type: Split | Capacité: 9000 BTU | Garantie: 12 mois,images/SPLGRE09-9000IN-3.jpg,images/SPLGRE09-9000IN-3.jpg;images/SPLGRE09-9000IN-2.jpg;images/SPLGRE09-9000IN-1.jpg;images/SPLGRE09-9000IN-4.jpg,oui,"Ce climatiseur split inverter de 9000 BTU assure un contrôle stable de la température et s'intègre facilement dans votre intérieur.

Points forts
• Capacité de 9000 BTU
• Classe énergétique A +++
• Modes Turbo, veille et minuterie
• Protection anticorrosion

Caractéristiques
Type : Split
Capacité : 9000 BTU
Classe énergétique : A +++
Fluide frigorigène : R32
Couleur : Blanche
Largeur condenseur : 77,6 cm
Hauteur condenseur : 54 cm
Profondeur condenseur : 32 cm"
SPLGRE18-18000G,Autre Marque,Split green 18000btu 2cv gn18000,clim,Climatiseurs,225000,split,jour,18000 BTU,Type: Split | Capacité: 18000 BTU | Garantie: 12 mois,images/SPLGRE18-18000G-1.jpg,images/SPLGRE18-18000G-1.jpg,oui,"Ce climatiseur split d'une capacité de 18000 BTU est adapté pour climatiser efficacement vos espaces.

Points forts
• Capacité de 18000 BTU

Caractéristiques
Type : Split
Capacité : 18000 BTU"
SPLGRE09-9000GN,Autre Marque,Split green 9000btu 1.25cv gn9000,clim,Climatiseurs,140000,split,jour,9000 BTU,Type: Split | Capacité: 9000 BTU | Garantie: 12 mois,images/SPLGRE09-9000GN-1.jpg,images/SPLGRE09-9000GN-1.jpg,oui,"Ce climatiseur split d'une capacité de 9000 BTU convient pour le rafraîchissement de vos pièces.

Points forts
• Capacité de 9000 BTU

Caractéristiques
Type : Split
Capacité : 9000 BTU"
SPLHAI10-10000B,Haier,Split Haier 10000btu inverter gaz 410 hsu10rbsr1e,clim,Climatiseurs,176500,split,jour,10000 BTU,Type: Split | Capacité: 10000 BTU | Garantie: 12 mois,images/SPLHAI10-10000B-1.png,images/SPLHAI10-10000B-1.png,oui,"Ce climatiseur split inverter de 10000 BTU utilise du gaz 410 pour climatiser vos pièces.

Points forts
• Capacité de 10000 BTU
• Technologie inverter

Caractéristiques
Type : Split
Capacité : 10000 BTU"
SPLHAI13-13000B,Haier,Split Haier 13000btu inverter hsu13rbsr1e,clim,Climatiseurs,210000,split,jour,13000 BTU,Type: Split | Capacité: 13000 BTU | Garantie: 12 mois,images/SPLHAI13-13000B-1.jpg,images/SPLHAI13-13000B-1.jpg,oui,"Ce climatiseur split Haier d'une capacité de 13000 BTU intègre la technologie inverter pour rafraîchir efficacement vos pièces au quotidien.

Points forts
• Technologie inverter intégrée
• Capacité de refroidissement de 13000 BTU

Caractéristiques
Type : Split
Capacité : 13000 BTU"
SPLHAI19-19000B,Haier,Split Haier 19000btu 2.5cv inverter hsu19rbsr1e,clim,Climatiseurs,277500,split,jour,19000 BTU,Type: Split | Capacité: 19000 BTU | Garantie: 12 mois,images/SPLHAI19-19000B-1.png,images/SPLHAI19-19000B-1.png;images/SPLHAI19-19000B-2.png,oui,"Découvrez ce climatiseur split Haier de 19000 BTU, d'une puissance de 2,5 chevaux, équipé de la technologie inverter pour vos besoins de climatisation.

Points forts
• Technologie inverter
• Capacité de 19000 BTU
• Puissance de 2,5 cv

Caractéristiques
Type : Split
Capacité : 19000 BTU
Puissance : 2,5 cv"
SPLHAI24-24000I,Haier,Split Haier 24000btu 3cv armoire inverter 1u24kfasra,clim,Climatiseurs,475500,split,jour,24000 BTU,Type: Split | Capacité: 24000 BTU | Garantie: 12 mois,images/SPLHAI24-24000I-1.jpg,images/SPLHAI24-24000I-1.jpg,oui,"Ce climatiseur split armoire Haier de 24000 BTU offre une puissance de 3 chevaux et bénéficie de la technologie inverter.

Points forts
• Modèle armoire
• Technologie inverter
• Capacité de 24000 BTU
• Puissance de 3 cv

Caractéristiques
Type : Split
Capacité : 24000 BTU
Puissance : 3 cv"
SPLHAI24-24000T,Haier,Split Haier 25000btu 3cv gaz 410 inverter hsu25rbsr1e,clim,Climatiseurs,315200,split,jour,25000 BTU,Type: Split | Capacité: 25000 BTU | Garantie: 12 mois,images/SPLHAI24-24000T-1.jpg,images/SPLHAI24-24000T-1.jpg,oui,"Ce climatiseur split Haier propose une capacité de 25000 BTU avec une puissance de 3 chevaux et fonctionne au gaz 410 grâce à la technologie inverter.

Points forts
• Technologie inverter
• Utilisation du gaz 410
• Capacité de 25000 BTU
• Puissance de 3 cv

Caractéristiques
Type : Split
Capacité : 25000 BTU
Puissance : 3 cv
Fluide frigorigène : Gaz 410"
SPLHAI25-25000W,Haier,Split Haier 25000btu 3cv noir Wi-Fi mirroir inverter hsu25qf13c1,clim,Climatiseurs,320600,split,jour,25000 BTU,Type: Split | Capacité: 25000 BTU | Couleur: Noir | Garantie: 12 mois,images/SPLHAI25-25000W-1.png,images/SPLHAI25-25000W-1.png;images/SPLHAI25-25000W-2.png,oui,"Ce climatiseur split Haier noir à effet miroir intègre la connectivité Wi-Fi et la technologie inverter pour rafraîchir vos espaces avec style.

Points forts
• Design miroir de couleur noire
• Connexion Wi-Fi intégrée
• Technologie inverter
• Capacité de 25000 BTU

Caractéristiques
Type : Split
Capacité : 25000 BTU
Couleur : Noir
Fonctions : Wi-Fi, Mirroir"
SPLHAI18-18000C,Haier,Split Haier cassette 18000btu inverter sans liaison 1u50s1pj2sa,clim,Climatiseurs,563750,split,jour,18000 BTU,Type: Split | Capacité: 18000 BTU | Garantie: 12 mois,images/SPLHAI18-18000C-1.jpg,images/SPLHAI18-18000C-1.jpg,oui,"Ce climatiseur cassette Haier de 18000 BTU dispose de la technologie inverter et d'une classe énergétique A++ pour une utilisation performante.

Points forts
• Classe énergétique A++
• Capacité de 18000 BTU
• Technologie inverter
• Modèle cassette sans liaison

Caractéristiques
Type : Split cassette
Capacité : 18000 BTU
Classe énergétique : A++"
SPLHAI24-24000C,Haier,Split Haier cassette 24000btu inverter,clim,Climatiseurs,320600,split,jour,24000 BTU,Type: Split | Capacité: 24000 BTU | Garantie: 12 mois,images/SPLHAI24-24000C-1.jpg,images/SPLHAI24-24000C-1.jpg,oui,"Ce climatiseur split cassette de Haier offre une capacité de 24000 BTU et intègre la technologie Inverter pour rafraichir vos grands espaces.

Points forts
• Capacite de 24000 BTU
• Technologie Inverter
• Classe energetique A++

Caractéristiques
Type : Split cassette
Capacité : 24000 BTU
Classe énergétique : A++"
SPLHAI12-12000M,Haier,Split Haier double evap 12000btu 1.5cv inverter as35rbahra4,clim,Climatiseurs,398700,split,jour,12000 BTU,Type: Split | Capacité: 12000 BTU | Garantie: 12 mois,images/SPLHAI12-12000M-2.png,images/SPLHAI12-12000M-2.png;images/SPLHAI12-12000M-1.png,oui,"Ce climatiseur split de 12000 BTU intègre une double évaporation et la technologie Inverter pour réguler la température de votre pièce.

Points forts
• Capacite de 12000 BTU
• Puissance de 1.5 CV
• Technologie Inverter avec double évaporation

Caractéristiques
Type : Split
Capacité : 12000 BTU
Puissance : 1.5 CV
Technologie : Inverter double evap"
SPLHIS12-AS12T4,Hisense,Split Hisense 12000btu 1.5cv inverter + Wi-Fi + ia r410 noir as12tw4sgvqh00,clim,Climatiseurs,222800,split,jour,12000 BTU,Type: Split | Capacité: 12000 BTU | Couleur: Noir | Garantie: 12 mois,images/SPLHIS12-AS12T4-3.jpg,images/SPLHIS12-AS12T4-3.jpg;images/SPLHIS12-AS12T4-2.jpg;images/SPLHIS12-AS12T4-1.jpg,oui,"Ce climatiseur split noir de 12000 BTU propose une connectivité Wi-Fi et la technologie Inverter pour un usage moderne au quotidien.

Points forts
• Capacite de 12000 BTU
• Technologie Inverter
• Connexion Wi-Fi integree
• Design couleur noir

Caractéristiques
Type : Split
Capacité : 12000 BTU
Puissance : 1.5 CV
Technologie : Inverter
Connectivité : Wi-Fi
Fluide frigorigène : R410
Couleur : Noir"
SPLHIS12-12000B,Hisense,Split Hisense 12000btu 1.5cv r410 as12cr4svddc,clim,Climatiseurs,222800,split,jour,12000 BTU,Type: Split | Capacité: 12000 BTU | Garantie: 12 mois,images/SPLHIS12-12000B-1.jpg,images/SPLHIS12-12000B-1.jpg,oui,"Ce climatiseur split de 12000 BTU assure un rafraichissement rapide et confortable dans votre intérieur.

Points forts
• Puissance froid de 12000 btu/h
• Refroidissement rapide
• Fonctionnement silencieux
• Economie d'energie

Caractéristiques
Type : Split
Capacité : 12000 BTU
Puissance : 1.5 CV
Puissance froid : 12000 btu/h
Fluide frigorigène : R410"
SPLHIS18-18000N,Hisense,Split Hisense 18000btu 2cv inverter Wi-Fi r410 noir as18tw4sluhbb,clim,Climatiseurs,266600,split,jour,18000 BTU,Type: Split | Capacité: 18000 BTU | Couleur: Noir | Garantie: 12 mois,images/SPLHIS18-18000N-3.png,images/SPLHIS18-18000N-3.png;images/SPLHIS18-18000N-2.png;images/SPLHIS18-18000N-1.png,oui,"Ce climatiseur split de 18000 BTU combine une finition noire élégante, la technologie Inverter et une connectivité Wi-Fi.

Points forts
• Capacite de 18000 BTU
• Technologie Inverter
• Connexion Wi-Fi
• Design couleur noir

Caractéristiques
Type : Split
Capacité : 18000 BTU
Puissance : 2 CV
Technologie : Inverter
Connectivité : Wi-Fi
Fluide frigorigène : R410
Couleur : Noir"
SPLHIS18-18000B,Hisense,Split Hisense 18000btu 2cv r410a as18cr4smadc,clim,Climatiseurs,266600,split,jour,18000 BTU,Type: Split | Capacité: 18000 BTU | Garantie: 12 mois,images/SPLHIS18-18000B-1.jpg,images/SPLHIS18-18000B-1.jpg,oui,"Ce climatiseur split de 18000 BTU assure un rafraichissement rapide et économique pour les grands volumes.

Points forts
• Puissance froid de 18000 btu/h
• Refroidissement rapide
• Fonctionnement silencieux
• Economie d'energie

Caractéristiques
Type : Split
Capacité : 18000 BTU
Puissance : 2 CV
Puissance froid : 18000 btu/h
Fluide frigorigène : R410A"
SPLHIS24-24INVE,Hisense,Split Hisense 24000btu inverter as24trh4sbbtg,clim,Climatiseurs,601200,split,jour,24000 BTU,Type: Split | Capacité: 24000 BTU | Garantie: 12 mois,images/SPLHIS24-24INVE-1.jpg,images/SPLHIS24-24INVE-1.jpg,oui,"Ce climatiseur split Hisense de 24000 BTU intègre la technologie Inverter et une puissance de 3 CV pour rafraîchir efficacement vos pièces.

Points forts
• Refroidissement rapide 20% plus rapide que les autres
• Technologie Inverter avec rendement énergétique élevé
• Filtres anti-poussière, charbon actif et catéchine
• Nageoires bleues résistantes à la corrosion

Caractéristiques
Type : Split
Capacité : 24000 BTU
Puissance : 3 CV
Technologie : Inverter"
SPLHIS24-24000B,Hisense,Split Hisense 24000btu r410 as24cr4sxtca,clim,Climatiseurs,601200,split,jour,24000 BTU,Type: Split | Capacité: 24000 BTU | Garantie: 12 mois,images/SPLHIS24-24000B-3.png,images/SPLHIS24-24000B-3.png;images/SPLHIS24-24000B-2.png;images/SPLHIS24-24000B-1.png;images/SPLHIS24-24000B-4.jpg,oui,"Ce climatiseur split Hisense offre une capacité de 24000 BTU pour tempérer votre intérieur.

Points forts
• Puissance de 24000 BTU par heure
• Equipé d'un générateur Cold Plasma
• Fonctionnement rapide

Caractéristiques
Type : Split
Capacité : 24000 BTU
Puissance : 3 CV
Réfrigérant : R410"
SPLHIS09-9000BT,Hisense,Split Hisense 9000btu 1.25cv r410a as09cr4sycdc,clim,Climatiseurs,176000,split,jour,9000 BTU,Type: Split | Capacité: 9000 BTU | Garantie: 12 mois,images/SPLHIS09-9000BT-1.jpg,images/SPLHIS09-9000BT-1.jpg,oui,"Ce climatiseur split Hisense de 9000 BTU convient pour rafraîchir vos espaces au quotidien.

Points forts
• Puissance froid de 9000 btu par heure

Caractéristiques
Type : Split
Capacité : 9000 BTU
Puissance Froid : 9000 btu/h"
SPLHIS09-9000IN,Hisense,Split Hisense 9000btu inverter as09tr4sydtg,clim,Climatiseurs,176000,split,jour,9000 BTU,Type: Split | Capacité: 9000 BTU | Garantie: 12 mois,images/SPLHIS09-9000IN-1.jpg,images/SPLHIS09-9000IN-1.jpg,oui,"Ce climatiseur split Hisense de 9000 BTU intègre la technologie Inverter pour climatiser votre pièce.

Points forts
• Puissance froid de 9000 btu par heure avec Inverter

Caractéristiques
Type : Split
Capacité : 9000 BTU
Puissance Froid : 9000 btu/h INVERTER"
SPLHIS96-96000B,Hisense,Split Hisense 96000btu armoire auf96cr6sda sans liaison,clim,Climatiseurs,2302000,split,jour,96000 BTU,Type: Split | Capacité: 96000 BTU | Garantie: 12 mois,images/SPLHIS96-96000B-3.jpg,images/SPLHIS96-96000B-3.jpg;images/SPLHIS96-96000B-2.jpg;images/SPLHIS96-96000B-1.jpg,oui,"Ce climatiseur armoire Hisense de 96000 BTU est conçu pour rafraîchir de grands espaces de travail ou de vie.

Points forts
• Grande puissance de 96000 BTU
• Intègre des filtres anti-allergie

Caractéristiques
Type : Split
Capacité : 96000 BTU
Référence : AUF-96CR6SDA"
SPLHIS24-24000I,Hisense,Split Hisense armoire 24000btu inverter,clim,Climatiseurs,601200,split,jour,24000 BTU,Type: Split | Capacité: 24000 BTU | Garantie: 12 mois,images/SPLHIS24-24000I-1.webp,images/SPLHIS24-24000I-1.webp,oui,"Ce climatiseur armoire Inverter Hisense de 24000 BTU assure une climatisation performante et un air pur dans votre pièce.

Points forts
• Capacité de refroidissement de 24000 BTU
• Température d'opération de 17 à 30 degrés Celsius

Caractéristiques
Type : Split
Capacité : 24000 BTU
Type de produit : Climatiseur Armoire
Type de réfrigérant : R410 / 3100g
Température d'opération : 17 à 30°C
Technologie : Inverter"
SPLHIS24-24CASS,Hisense,Split Hisense cassette 24000btu r410a sans liaison,clim,Climatiseurs,601200,split,jour,24000 BTU,Type: Split | Capacité: 24000 BTU | Garantie: 12 mois,images/SPLHIS24-24CASS-1.jpg,images/SPLHIS24-24CASS-1.jpg,oui,"Ce climatiseur cassette Hisense de 24000 BTU assure le refroidissement de vos pièces. Il s'installe facilement pour un confort thermique optimal.

Points forts
• Capacité de refroidissement de 5275 W
• Débit d'air intérieur de 800 m3/h
• Niveau sonore intérieur de 46/35 dB(A)

Caractéristiques
Type : Split cassette
Capacité : 24000 BTU
Capacité de refroidissement : 5275 W
Puissance absorbée en refroidissement : 1875 W
Courant nominal de refroidissement : 9 A
EER : 2.81
Débit d'air intérieur : 800 m3/h
Niveau sonore intérieur : 46/35 dB(A)
Niveau de bruit extérieur : 55 dB(A)
Dimension nette du panneau : 650 x 30 x 650 mm
Dimension nette unité intérieure : 650 x 270 x 570 mm
Dimension nette unité extérieure : 800 x 550 x 260 mm
Poids net intérieur/extérieur : 20/33 kg"
SPLLAA12-12000I,Autre Marque,Split laaisun 12000btu 1.5cv r410 inverter,clim,Climatiseurs,190000,split,jour,12000 BTU,Type: Split | Capacité: 12000 BTU | Garantie: 12 mois,images/SPLLAA12-12000I-3.png,images/SPLLAA12-12000I-3.png;images/SPLLAA12-12000I-2.png;images/SPLLAA12-12000I-1.png,oui,"Ce climatiseur mural d'une capacité de 12000 BTU intègre la technologie Inverter et utilise le réfrigérant R410.

Points forts
• Contrôle automatique de température
• Filtre lavable et filtre à haute densité

Caractéristiques
Type : Split mural
Capacité : 12000 BTU
Puissance : 1.5 CV
Technologie : Inverter
Type de réfrigérant : R410"
SPLLAA18-18000B,Autre Marque,Split laaisun 18000btu 2cv r410,clim,Climatiseurs,225000,split,jour,18000 BTU,Type: Split | Capacité: 18000 BTU | Garantie: 12 mois,images/SPLLAA18-18000B-1.jpg,images/SPLLAA18-18000B-1.jpg,oui,"Ce climatiseur mural offre une capacité de 18000 BTU et fonctionne avec le type de réfrigérant R410.

Points forts
• Contrôle automatique de température
• Filtre lavable et filtre à haute densité

Caractéristiques
Type : Split mural
Capacité : 18000 BTU
Puissance : 2 CV
Type de réfrigérant : R410"
SPLLAA18-18000I,Autre Marque,Split laaisun 18000btu 2cv r410 inverter,clim,Climatiseurs,225000,split,jour,18000 BTU,Type: Split | Capacité: 18000 BTU | Garantie: 12 mois,images/SPLLAA18-18000I-2.png,images/SPLLAA18-18000I-2.png;images/SPLLAA18-18000I-1.png;images/SPLLAA18-18000I-3.png,oui,"Ce climatiseur mural de 18000 BTU est équipé de la technologie Inverter et du réfrigérant R410.

Points forts
• Contrôle automatique de température
• Filtre lavable et filtre à haute densité

Caractéristiques
Type : Split mural
Capacité : 18000 BTU
Puissance : 2 CV
Technologie : Inverter
Type de réfrigérant : R410"
SPLLAA24-2400AI,Laaisun,Split laaisun 24000btu 3cv armoire inverter lac224k,clim,Climatiseurs,293600,split,jour,24000 BTU,Type: Split | Capacité: 24000 BTU | Garantie: 12 mois,images/SPLLAA24-2400AI-1.png,images/SPLLAA24-2400AI-1.png;images/SPLLAA24-2400AI-3.png;images/SPLLAA24-2400AI-2.png,oui,"Ce climatiseur armoire de 24000 BTU intègre la technologie Inverter pour rafraîchir efficacement vos grands espaces.

Points forts
• Modèle armoire inverter
• Capacité de 24000 BTU

Caractéristiques
Type : Split armoire
Capacité : 24000 BTU
Puissance : 3 CV
Technologie : Inverter
Référence modèle : LAC224K"
SPLLAA24-24000A,Laaisun,Split laaisun 24000btu 3cv armoire lacst24r1,clim,Climatiseurs,293600,split,jour,24000 BTU,Type: Split | Capacité: 24000 BTU | Garantie: 12 mois,images/SPLLAA24-24000A-1.png,images/SPLLAA24-24000A-1.png;images/SPLLAA24-24000A-3.png;images/SPLLAA24-24000A-2.png,oui,"Ce climatiseur armoire d'une capacité de 24000 BTU est conçu pour la climatisation de vos pièces.

Points forts
• Modèle armoire
• Capacité de 24000 BTU

Caractéristiques
Type : Split armoire
Capacité : 24000 BTU
Puissance : 3 CV
Référence modèle : LACST24R1"
SPLLAA24-24000I,Autre Marque,Split laaisun 24000btu 3cv r410 inverter,clim,Climatiseurs,296600,split,jour,24000 BTU,Type: Split | Capacité: 24000 BTU | Garantie: 12 mois,images/SPLLAA24-24000I-1.png,images/SPLLAA24-24000I-1.png;images/SPLLAA24-24000I-3.png;images/SPLLAA24-24000I-2.png,oui,"Ce climatiseur mural de 24000 BTU et 3 CV intègre la technologie Inverter pour rafraîchir efficacement vos espaces.

Points forts
• Capacité de 24000 BTU avec une puissance de 3 CV
• Technologie Inverter intégrée
• Contrôle automatique de la température
• Filtre lavable et filtre à haute densité
• Utilise le type de réfrigérant R410

Caractéristiques
Type : Split
Modèle : Mural
Capacité : 24000 BTU
Puissance : 3 CV
Réfrigérant : R410
Technologie : Inverter"
SPLLAA36-36000B,Autre Marque,Split laaisun 36000btu 4cv armoire r410,clim,Climatiseurs,291500,split,jour,36000 BTU,Type: Split | Capacité: 36000 BTU | Garantie: 12 mois,images/SPLLAA36-36000B-1.jpg,images/SPLLAA36-36000B-1.jpg,oui,"Ce climatiseur de type armoire offre une capacité de refroidissement de 36000 BTU pour rafraîchir vos grands espaces.

Points forts
• Capacité de refroidissement de 36000 BTU
• Puissance de 4 CV
• Type armoire
• Diffusion d'air frais

Caractéristiques
Type : Split armoire
Capacité : 36000 BTU
Puissance : 4 CV"
SPLLAA09-9000BT,Autre Marque,Split laaisun 9000btu 1.25cv r410,clim,Climatiseurs,140000,split,jour,9000 BTU,Type: Split | Capacité: 9000 BTU | Garantie: 12 mois,images/SPLLAA09-9000BT-1.jpg,images/SPLLAA09-9000BT-1.jpg,oui,"Ce climatiseur mural de 9000 BTU et 1,25 CV convient pour rafraîchir une pièce avec un contrôle précis de la température.

Points forts
• Capacité de 9000 BTU avec une puissance de 1,25 CV
• Contrôle automatique de la température
• Filtre lavable et filtre à haute densité
• Utilisation du réfrigérant R410

Caractéristiques
Type : Split
Modèle : Mural
Capacité : 9000 BTU
Puissance : 1,25 CV
Réfrigérant : R410"
SPLLAA09-9000BI,Autre Marque,Split laaisun 9000btu 1.25cv r410 inverter,clim,Climatiseurs,140000,split,jour,9000 BTU,Type: Split | Capacité: 9000 BTU | Garantie: 12 mois,images/SPLLAA09-9000BI-2.png,images/SPLLAA09-9000BI-2.png;images/SPLLAA09-9000BI-1.jpg;images/SPLLAA09-9000BI-3.png,oui,"Ce climatiseur mural Inverter de 9000 BTU et 1,25 CV assure un rafraîchissement adapté à votre intérieur.

Points forts
• Capacité de 9000 BTU avec une puissance de 1,25 CV
• Technologie Inverter
• Contrôle automatique de la température
• Équipé d'un filtre lavable et haute densité
• Réfrigérant de type R410

Caractéristiques
Type : Split
Modèle : Mural
Capacité : 9000 BTU
Puissance : 1,25 CV
Réfrigérant : R410
Technologie : Inverter"
SPLLAV12-12000B,Autre Marque,Split lava 12000btu 1.5cv gaz r410,clim,Climatiseurs,190000,split,jour,12000 BTU,Type: Split | Capacité: 12000 BTU | Garantie: 12 mois,images/SPLLAV12-12000B-1.jpg,images/SPLLAV12-12000B-1.jpg;images/SPLLAV12-12000B-2.jpg,oui,"Ce climatiseur split de 12000 BTU et 1,5 CV assure le confort thermique de votre pièce au quotidien.

Points forts
• Puissance de 12000 BTU/h avec 1,5 CV
• Volume d'air intérieur de 530 m3/h
• Puissance absorbée de 1110 W
• Fonctionne avec le réfrigérant R410

Caractéristiques
Type : Split
Capacité : 12000 BTU
Puissance : 1,5 CV
Réfrigérant : R410
Courant : 5,1 A
Courant nominal : 9,1 A
Puissance absorbée : 1110 W
Puissance d'entrée nominale : 1700 W
Volume d'air intérieur : 530 m3/h"
SPLLG12-12000DU,LG,Split LG 12000btu 1.5cv dual inverter s4q12jaqal,clim,Climatiseurs,315200,split,jour,12000 BTU,Type: Split | Capacité: 12000 BTU | Garantie: 12 mois,images/SPLLG12-12000DU-3.jpg,images/SPLLG12-12000DU-3.jpg;images/SPLLG12-12000DU-2.jpg;images/SPLLG12-12000DU-5.jpg;images/SPLLG12-12000DU-1.jpg;images/SPLLG12-12000DU-4.jpg,oui,"Ce climatiseur split LG de 12000 BTU intègre un compresseur Dual Inverter pour un refroidissement rapide et maîtrisé.

Points forts
• Compresseur Dual Inverter pour un refroidissement rapide
• Conception simple et mince avec écran caché
• Capacité de refroidissement maximale de 13600 BTU/h
• Réfrigérant R410A

Caractéristiques
Type : Split
Modèle : S4Q12JAQAL
Capacité : 12000 BTU
Capacité de refroidissement : 3517 W
Capacité de refroidissement maximale : 13600 Btu/h
Dimensions (L x H x P) : 837 x 308 x 189 mm
Entrée d'alimentation : 1095 W
Courant de fonctionnement : 5,8 A
Réfrigérant : R410A
Technologie : Dual Inverter Compressor"
SPLLG12-12000BA,LG,Split LG 12000btu 1.5cv inverter artcool noir s4nq12jartb,clim,Climatiseurs,315200,split,jour,12000 BTU,Type: Split | Capacité: 12000 BTU | Couleur: Noir | Garantie: 12 mois,images/SPLLG12-12000BA-1.png,images/SPLLG12-12000BA-1.png,oui,"Ce climatiseur split LG de 12000 BTU et 1.5 CV arbore un design noir artcool. Il assure le rafraîchissement de votre pièce.

Points forts
• Capacité de 12000 BTU
• Système de nettoyage automatique
• Filtre désodorisant et filtre Plasmaster
• Technologie Triple Jet Cool

Caractéristiques
Type : Split
Capacité : 12000 BTU
Couleur : Noir
Capacité de refroidissement : 1 TR
Capacité de chauffage : 1 TR
Source de courant : 220-240, 50 Hz
Circulation d’air intérieur : 9.5 Max
Circulation d’air extérieur : 26 Max
Enlèvement de l’humidité : 1.4"
SPLLG12-T12SMCN,LG,Split LG 12000btu 1.5cv normal s12atcuaf,clim,Climatiseurs,315200,split,jour,12000 BTU,Type: Split | Capacité: 12000 BTU | Garantie: 12 mois,images/SPLLG12-T12SMCN-1.jpg,images/SPLLG12-T12SMCN-1.jpg,oui,"Climatiseur split LG de 12000 BTU et 1.5 CV normal, adapté pour rafraîchir votre espace de vie.

Points forts
• Capacité de 12000 BTU
• Type split

Caractéristiques
Type : Split
Capacité : 12000 BTU"
SPLLG12-12000BT,LG,Split LG 12000btu 1.5cv r410 normal s4uc12tzcaa,clim,Climatiseurs,315200,split,jour,12000 BTU,Type: Split | Capacité: 12000 BTU | Garantie: 12 mois,images/SPLLG12-12000BT-1.jpg,images/SPLLG12-12000BT-1.jpg,oui,"Ce climatiseur split LG normal de 12000 BTU et 1.5 CV utilise le type de gaz R410.

Points forts
• Capacité de 12000 BTU
• Fonctionne avec le type de gaz R410

Caractéristiques
Type : Split
Capacité : 12000 BTU
Type de gaz : R410"
SPLLG12-12000AM,LG,Split LG 12000btu dual inverter Wi-Fi anti moustique s4uq12ja28j,clim,Climatiseurs,315200,split,jour,12000 BTU,Type: Split | Capacité: 12000 BTU | Garantie: 12 mois,images/SPLLG12-12000AM-3.jpg,images/SPLLG12-12000AM-3.jpg;images/SPLLG12-12000AM-2.jpg;images/SPLLG12-12000AM-5.jpg;images/SPLLG12-12000AM-1.jpg;images/SPLLG12-12000AM-4.jpg,oui,"Climatiseur split LG 12000 BTU dual inverter équipé d'une fonction anti moustique.

Points forts
• Capacité de 12000 BTU
• Technologie dual inverter
• Fonction anti moustique
• Initiateur de faible tension

Caractéristiques
Type : Split
Capacité : 12000 BTU"
SPLLG18-18000IN,LG,Split LG 18000btu 2.5cv dual inverter s4q18jlqal,clim,Climatiseurs,358800,split,jour,18000 BTU,Type: Split | Capacité: 18000 BTU | Garantie: 12 mois,images/SPLLG18-18000IN-2.jpg,images/SPLLG18-18000IN-2.jpg;images/SPLLG18-18000IN-1.jpg;images/SPLLG18-18000IN-4.jpg;images/SPLLG18-18000IN-3.jpg,oui,"Climatiseur split LG 18000 BTU d'une puissance de 2.5 CV avec dual inverter pour rafraîchir vos pièces.

Points forts
• Capacité de 18000 BTU
• Filtrage d’air propre
• Refroidissement électrique

Caractéristiques
Type : Split
Capacité : 18000 BTU
Capacité de refroidissement : 18000 Btu / h
Entrée d’alimentation : 1850 W
Alimentation électrique : 1/220 ~ 240/50
Niveau de bruit de l’unité intérieure : 45/42/39 dB (A)
Taux d’écoulement d’air : 14/12/10 CMM"
SPLLG18-18000AR,LG,Split LG 18000btu 2.5cv inverter artcool noir s4q18klrjd,clim,Climatiseurs,358800,split,jour,18000 BTU,Type: Split | Capacité: 18000 BTU | Couleur: Noir | Garantie: 12 mois,images/SPLLG18-18000AR-1.jpg,images/SPLLG18-18000AR-1.jpg,oui,"Ce climatiseur split LG artcool noir de 18000 BTU et 2.5 CV est conçu pour le rafraîchissement.

Points forts
• Capacité de 18000 BTU
• Nettoyage automatique
• Filtre désodorisant et filtre Plasmaster
• Triple Jet Cool

Caractéristiques
Type : Split
Capacité : 18000 BTU
Couleur : Noir
Capacité de refroidissement : 1 TR
Capacité de chauffage : 1 TR
Source de courant : 220-240, 50 Hz
Circulation d’air intérieur : 9.5 Max
Circulation d’air extérieur : 26 Max
Enlèvement de l’humidité : 1.4"
SPLLG18-18000BT,LG,Split LG 18000btu 2cv r410 normal s18atc,clim,Climatiseurs,338000,split,jour,18000 BTU,Type: Split | Capacité: 18000 BTU | Garantie: 12 mois,images/SPLLG18-18000BT-1.jpg,images/SPLLG18-18000BT-1.jpg,oui,"Ce climatiseur split LG de 18000 BTU et 2 CV utilise un gaz de type R410. Il convient pour rafraîchir vos pièces efficacement.

Points forts
• Capacité de 18000 BTU
• Puissance de 2 CV
• Type de gaz R410

Caractéristiques
Type : Split
Capacité : 18000 BTU
Puissance : 2 CV
Type de gaz : R410"
SPLLG18-18000AM,LG,Split LG 18000btu dual inverter Wi-Fi anti moustique s4uq18kl28e,clim,Climatiseurs,403250,split,jour,18000 BTU,Type: Split | Capacité: 18000 BTU | Garantie: 12 mois,images/SPLLG18-18000AM-2.jpg,images/SPLLG18-18000AM-2.jpg;images/SPLLG18-18000AM-5.jpg;images/SPLLG18-18000AM-1.jpg;images/SPLLG18-18000AM-4.jpg;images/SPLLG18-18000AM-3.jpg,oui,"Le climatiseur split LG intègre une fonction anti-moustique et une capacité de 18000 BTU pour rafraîchir votre intérieur tout en purifiant l'air.

Points forts
• Capacité de refroidissement de 18000 BTU
• Compresseur DUAL Inverter
• Système de purification d'air au plasma
• Fonction Jet Cool

Caractéristiques
Type : Split
Capacité : 18000 BTU
Puissance : 3CV
Fonction : Anti moustique"
SPLLG24-24000AM,LG,Split LG 24000 dual inverter Wi-Fi anti moustique s4u24k228e,clim,Climatiseurs,300000,split,jour,,Type: Split | Garantie: 12 mois,images/SPLLG24-24000AM-1.jpg,images/SPLLG24-24000AM-1.jpg;images/SPLLG24-24000AM-4.jpg;images/SPLLG24-24000AM-3.jpg;images/SPLLG24-24000AM-2.jpg;images/SPLLG24-24000AM-5.jpg,oui,"Ce climatiseur split LG de 24000 BTU combine des fonctions de refroidissement rapide, un mode veille et un système anti-moustique.

Points forts
• Capacité de 24000 BTU
• Compresseur DUAL Inverter
• Système de purification d'air au plasma
• Fonction Jet Cool

Caractéristiques
Type : Split
Capacité : 24000 BTU
Puissance : 3CV
Fonction : Anti moustique"
SPLLG24-24000IN,LG,Split LG 24000btu 3cv dual inverter s4q24k2qal,clim,Climatiseurs,437300,split,jour,24000 BTU,Type: Split | Capacité: 24000 BTU | Garantie: 12 mois,images/SPLLG24-24000IN-2.jpg,images/SPLLG24-24000IN-2.jpg;images/SPLLG24-24000IN-5.jpg;images/SPLLG24-24000IN-1.jpg;images/SPLLG24-24000IN-4.jpg;images/SPLLG24-24000IN-3.jpg,oui,"Ce climatiseur split LG de 24000 BTU est équipé d'un compresseur Dual Inverter et d'un écran invisible pour un design simple et élancé.

Points forts
• Refroidissement rapide et économie d'énergie
• Dual Inverter Compressor
• Design simple et élancé avec écran invisible

Caractéristiques
Type : Split
Capacité : 24000 BTU"
SPLLG24-24ARTCO,LG,Split LG 24000btu 3cv inverter artcool s4q24k2rjd noir,clim,Climatiseurs,437300,split,jour,24000 BTU,Type: Split | Capacité: 24000 BTU | Couleur: Noir | Garantie: 12 mois,images/SPLLG24-24ARTCO-2.jpg,images/SPLLG24-24ARTCO-2.jpg;images/SPLLG24-24ARTCO-1.jpg;images/SPLLG24-24ARTCO-4.jpg;images/SPLLG24-24ARTCO-3.jpg,oui,"Le climatiseur split LG Artcool de couleur noire offre une puissance de 24000 BTU avec des fonctions de nettoyage automatique et triple Jet Cool.

Points forts
• Capacité de 24000 BTU
• Nettoyage automatique
• Filtre de désodorisant
• Triple Jet Cool

Caractéristiques
Type : Split
Capacité : 24000 BTU
Couleur : Noir
Enlèvement de l'humidité : 1.4"
SPLLG24-24000BI,LG,Split LG 24000btu 3cv r410 normal s24atc,clim,Climatiseurs,403250,split,jour,24000 BTU,Type: Split | Capacité: 24000 BTU | Garantie: 12 mois,images/SPLLG24-24000BI-1.jpg,images/SPLLG24-24000BI-1.jpg,oui,"Ce climatiseur split LG de 24000 BTU et 3 CV utilise le gaz R410 pour assurer la climatisation de vos espaces.

Points forts
• Capacité de 24000 BTU
• Puissance de 3 CV
• Type de gaz R410

Caractéristiques
Type : Split
Capacité : 24000 BTU
Puissance : 3 CV
Type de gaz : R410"
SPLLG24-Q30GS1K,LG,Split LG 24000btu armoire inverter apnq30gs1k1,clim,Climatiseurs,437300,split,jour,24000 BTU,Type: Split | Capacité: 24000 BTU | Garantie: 12 mois,images/SPLLG24-Q30GS1K-1.jpg,images/SPLLG24-Q30GS1K-1.jpg,oui,"Ce climatiseur split armoire LG offre une capacité de refroidissement de 24000 BTU. Il convient pour rafraîchir efficacement vos grands espaces tout en assurant un air propre.

Points forts
• Capacité de refroidissement de 24000 BTU
• Technologie Inverter intégrée
• Opération automatique
• Filtre anti-bactérie et réduction de poussière

Caractéristiques
Type : Split armoire
Capacité : 24000 BTU
Technologie : Inverter"
SPLLG48-48000AR0,LG,Split LG 48000btu 5cv armoire inverter apuq48lt3s1,clim,Climatiseurs,1776500,split,jour,48000 BTU,Type: Split | Capacité: 48000 BTU | Garantie: 12 mois,images/SPLLG48-48000AR0-1.jpg,images/SPLLG48-48000AR0-1.jpg,oui,"Ce climatiseur split armoire LG de 48000 BTU assure un refroidissement puissant. Il est conçu pour climatiser de très grands volumes avec des fonctions de filtration de l'air.

Points forts
• Capacité de refroidissement de 48000 BTU
• Technologie Inverter
• Fonctionnement automatique
• Filtre anti-bactérie et réduction de poussière

Caractéristiques
Type : Split armoire
Capacité : 48000 BTU
Technologie : Inverter"
SPLLG09-9000IND,LG,Split LG 9000btu dual inverter s4q09wa5qal,clim,Climatiseurs,264900,split,jour,9000 BTU,Type: Split | Capacité: 9000 BTU | Garantie: 12 mois,images/SPLLG09-9000IND-1.png,images/SPLLG09-9000IND-1.png;images/SPLLG09-9000IND-4.jpg;images/SPLLG09-9000IND-3.png;images/SPLLG09-9000IND-2.png;images/SPLLG09-9000IND-5.jpg,oui,"Ce climatiseur split LG de 9000 BTU intègre la technologie Dual Inverter. Il assure un refroidissement rapide tout en maintenant la température souhaitée de manière stable.

Points forts
• Refroidissement rapide et économie d'énergie
• Compresseur Dual Inverter
• Mode GEN pour réduire la puissance
• Fonctionnement à faible bruit

Caractéristiques
Type : Split
Capacité : 9000 BTU
Technologie : Dual Inverter"
SPLLG09-9000W,LG,Split LG 9000btu inverter anti moustique,clim,Climatiseurs,282800,split,jour,9000 BTU,Type: Split | Capacité: 9000 BTU | Garantie: 12 mois,images/SPLLG09-9000W-1.png,images/SPLLG09-9000W-1.png;images/SPLLG09-9000W-4.png;images/SPLLG09-9000W-3.png;images/SPLLG09-9000W-2.png;images/SPLLG09-9000W-5.png,oui,"Ce climatiseur split LG de 9000 BTU intègre un système anti-moustique et la technologie Dual Inverter. Il assure un refroidissement rapide de votre pièce.

Points forts
• Capacité de refroidissement de 9000 BTU
• Compresseur Dual Inverter pour des économies d'énergie
• Système de purification d'air au plasma
• Fonction Jet Cool et redémarrage automatique

Caractéristiques
Type : Split
Capacité : 9000 BTU
Technologie : Inverter
Couleur : Blanc"
SPLLG09-9000NOR,LG,Split LG 9000btu normal gaz 410 s4c09tzcaa,clim,Climatiseurs,216000,split,jour,9000 BTU,Type: Split | Capacité: 9000 BTU | Garantie: 12 mois,images/SPLLG09-9000NOR-1.jpg,images/SPLLG09-9000NOR-1.jpg,oui,"Ce climatiseur split LG de 9000 BTU diffuse un air frais dans votre pièce. Son format compact s'intègre facilement dans votre intérieur.

Points forts
• Capacité de refroidissement de 9000 BTU
• Fonctionnement au gaz R410
• Format compact

Caractéristiques
Type : Split
Capacité : 2.7 KW / 9000 BTU/h
Dimensions : 717 x 483 x 230 mm
Couleur : Blanc"
SPLLG18-18CASSE,LG,Split LG cassette 18000btu 2.5cv inverter 410,clim,Climatiseurs,358800,split,jour,18000 BTU,Type: Split | Capacité: 18000 BTU | Garantie: 12 mois,images/SPLLG18-18CASSE-1.webp,images/SPLLG18-18CASSE-1.webp,oui,"Ce climatiseur cassette LG de 18000 BTU intègre la technologie Inverter. Il rafraîchit rapidement l'air de la pièce tout en optimisant la consommation d'énergie.

Points forts
• Capacité de refroidissement de 18000 BTU
• Technologie Inverter pour l'économie d'énergie
• Refroidissement et propagation rapide de l'air

Caractéristiques
Type : Split cassette
Capacité : 18000 BTU
Technologie : Inverter
Fluide frigorigène : Fréon 410"
SPLLG24-24CASSE,LG,Split LG cassette 24000btu 3cv inverter 410,clim,Climatiseurs,437300,split,jour,24000 BTU,Type: Split | Capacité: 24000 BTU | Garantie: 12 mois,images/SPLLG24-24CASSE-1.jpg,images/SPLLG24-24CASSE-1.jpg,oui,"Découvrez ce climatiseur split cassette LG de 24000 BTU et 3 chevaux doté de la technologie inverter. Il convient pour rafraîchir vos grands espaces.

Points forts
• Capacité de 24000 BTU
• Technologie inverter
• Type split cassette

Caractéristiques
Type : Split
Capacité : 24000 BTU
Puissance : 3 cv
Fluide frigorigène : 410"
SPLMID12-12000B,Midea,Split Midea 12000btu 1.5cv gaz 410,clim,Climatiseurs,205000,split,jour,12000 BTU,Type: Split | Capacité: 12000 BTU | Garantie: 12 mois,images/SPLMID12-12000B-1.jpg,images/SPLMID12-12000B-1.jpg,oui,"Ce climatiseur split Midea de 12000 BTU et 1,5 cv assure le rafraîchissement de votre pièce. Il intègre des modes pratiques pour votre confort au quotidien.

Points forts
• Puissance frigorifique nominale de 3,5 kW
• Classe énergétique A
• Présence d'un mode Eco et d'une fonction nuit
• Option de contrôle à distance

Caractéristiques
Type : Split
Capacité : 12000 BTU
Puissance : 1,5 cv
Puissance frigorifique nominale : 3,5 kW (12000 Btu/h)
EER : 6,51
Puissance sonore : 20 dB(A)
Consommation électrique : 1085 W
Plage de fonctionnement : 2500 – 14000 Btu/h
Classe énergétique : A
Surface préconisée : 25 m²
Fonctions : Fonction nuit, mode Eco, contrôle à distance"
SPLMID12-12000I,Midea,Split Midea 12000btu 1.5cv unicool new inverter,clim,Climatiseurs,266600,split,jour,12000 BTU,Type: Split | Capacité: 12000 BTU | Garantie: 12 mois,images/SPLMID12-12000I-1.jpg,images/SPLMID12-12000I-1.jpg,oui,"Ce climatiseur split Midea de 12000 BTU et 1,5 cv utilise la technologie unicool new inverter pour réguler la température de votre intérieur.

Points forts
• Capacité de 12000 BTU
• Technologie unicool new inverter

Caractéristiques
Type : Split
Capacité : 12000 BTU
Puissance : 1,5 cv"
SPLMID18-18000G,Midea,Split Midea 18000btu 2.5cv gaz 410,clim,Climatiseurs,272000,split,jour,18000 BTU,Type: Split | Capacité: 18000 BTU | Garantie: 12 mois,images/SPLMID18-18000G-1.jpg,images/SPLMID18-18000G-1.jpg,oui,"Ce climatiseur split Midea de 18000 BTU et 2,5 cv fonctionne au gaz 410. Il dispose d'une classe énergétique A ainsi que de modes adaptés pour la nuit et les économies.

Points forts
• Classe énergétique A
• Fonction nuit et mode Eco intégrés

Caractéristiques
Type : Split
Capacité : 18000 BTU
Puissance : 2.5 cv
Classe énergétique : A
Fluide frigorigène : Gaz 410"
SPLMID18-18000I,Midea,Split Midea 18000btu 2.5cv unicool new inverter,clim,Climatiseurs,272000,split,jour,18000 BTU,Type: Split | Capacité: 18000 BTU | Garantie: 12 mois,images/SPLMID18-18000I-1.jpg,images/SPLMID18-18000I-1.jpg,oui,"Voici le climatiseur split Midea de 18000 BTU et 2,5 cv équipé de la technologie unicool new inverter pour climatiser efficacement votre pièce.

Points forts
• Capacité de 18000 BTU
• Technologie unicool new inverter

Caractéristiques
Type : Split
Capacité : 18000 BTU
Puissance : 2.5 cv"
SPLMID24-24000A,Midea,Split Midea 24000btu 3cv armoire,clim,Climatiseurs,316500,split,jour,24000 BTU,Type: Split | Capacité: 24000 BTU | Garantie: 12 mois,images/SPLMID24-24000A-1.jpg,images/SPLMID24-24000A-1.jpg,oui,"Ce climatiseur armoire Midea de 24000 BTU et 3 cv assure un refroidissement puissant de vos grands espaces. Il propose plusieurs modes de fonctionnement et une protection automatique.

Points forts
• Capacité de refroidissement de 24000 Btu/h
• Modes minuterie, turbo et sommeil
• Redémarrage automatique et déshumidification indépendante
• Diagnostic et protection automatique

Caractéristiques
Type : Split
Capacité : 24000 BTU
Puissance : 3 CV
Capacité de refroidissement : 24000 Btu/h
Dimensions : 50 x 170 x 31.5 cm"
SPLMID24-24000B,Midea,Split Midea 24000btu 3cv gaz 410,clim,Climatiseurs,316500,split,jour,24000 BTU,Type: Split | Capacité: 24000 BTU | Garantie: 12 mois,images/SPLMID24-24000B-1.jpg,images/SPLMID24-24000B-1.jpg,oui,"Ce climatiseur split Midea de 24000 BTU et 3 cv est conçu pour rafraîchir efficacement les pièces. Il offre un confort thermique adapté au quotidien.

Points forts
• Puissance de 24000 BTU / 3 cv
• Classe énergétique A
• Adapté pour une surface de 25m2
• Mode Eco et fonction nuit intégrés
• Option de contrôle à distance

Caractéristiques
Type : Split
Capacite : 24000 BTU
Puissance : 3 cv
Puissance frigorifique nominale : 3,5 kW (24000 Btu/h)
Classe energetique : A
Surface preconisee : 25m2
Fonction nuit : Oui
Mode Eco : Oui
Option controle a distance : Oui"
SPLMID24-24000I,Midea,Split Midea 24000btu 3cv unicool new inverter,clim,Climatiseurs,408600,split,jour,24000 BTU,Type: Split | Capacité: 24000 BTU | Garantie: 12 mois,images/SPLMID24-24000I-1.jpg,images/SPLMID24-24000I-1.jpg,oui,"Ce climatiseur split Midea inverter de 24000 BTU et 3 cv assure un rafraîchissement performant. Il convient pour réguler la température des espaces de vie.

Points forts
• Puissance de 24000 BTU / 3 CV
• Classe énergétique A
• Préconisé pour une surface de 25m2
• Fonction nuit et mode Eco
• Option contrôle à distance

Caractéristiques
Type : Split
Capacite : 24000 BTU
Puissance : 3 CV
Classe energetique : A
Surface preconisee : 25m2
Fonction nuit : Oui
Mode Eco : Oui
Option controle a distance : Oui"
SPLMID36-36000C,Midea,Split Midea 36000btu armoire cylindre inverter,clim,Climatiseurs,744000,split,jour,36000 BTU,Type: Split | Capacité: 36000 BTU | Garantie: 12 mois,images/SPLMID36-36000C-1.jpg,images/SPLMID36-36000C-1.jpg,oui,"Ce climatiseur split Midea armoire cylindre inverter de 36000 BTU est conçu pour la climatisation de grands espaces.

Points forts
• Capacité de 36000 BTU
• Modèle armoire cylindre inverter

Caractéristiques
Type : Split
Capacite : 36000 BTU"
SPLMID48-48000I,Midea,Split Midea 48000btu 5cv armoire inverter mm48hdn1,clim,Climatiseurs,932000,split,jour,48000 BTU,Type: Split | Capacité: 48000 BTU | Garantie: 12 mois,images/SPLMID48-48000I-2.png,images/SPLMID48-48000I-2.png;images/SPLMID48-48000I-1.png,oui,"Ce climatiseur split armoire inverter Midea de 48000 BTU et 5 cv est destiné à la climatisation de grands volumes.

Points forts
• Capacité de 48000 BTU
• Puissance de 5 cv

Caractéristiques
Type : Split
Capacite : 48000 BTU
Puissance : 5 cv"
SPLMID09-9000BT,Midea,Split Midea 9000btu 1.25cv gaz 410,clim,Climatiseurs,178000,split,jour,9000 BTU,Type: Split | Capacité: 9000 BTU | Garantie: 12 mois,images/SPLMID09-9000BT-1.png,images/SPLMID09-9000BT-1.png,oui,"Ce climatiseur split Midea de 9000 BTU et 1,25 cv apporte une fraîcheur adaptée aux petites pièces.

Points forts
• Puissance de 9000 BTU / 1,25 cv
• Classe énergétique A
• Fonction nuit et mode Eco

Caractéristiques
Type : Split
Capacite : 9000 BTU
Puissance : 1,25 cv
Puissance frigorifique nominale : 3,5 kW (12000 Btu/h)
Classe energetique : A
Fonction nuit : Oui
Mode Eco : Oui"
SPLMID36-36MFS2,Midea,Split Midea armoire (mfs2) 36000btu,clim,Climatiseurs,744000,split,jour,36000 BTU,Type: Split | Capacité: 36000 BTU | Garantie: 12 mois,images/SPLMID36-36MFS2-1.jpg,images/SPLMID36-36MFS2-1.jpg,oui,"Ce climatiseur split armoire Midea de 36000 BTU est conçu pour climatiser efficacement les grands espaces.

Points forts
• Capacité de 36000 BTU
• Modèle armoire

Caractéristiques
Type : Split
Capacite : 36000 BTU"
SPLMID48-48000B,Midea,Split Midea armoire 48000btu 5cv mfj48crn1,clim,Climatiseurs,932000,split,jour,48000 BTU,Type: Split | Capacité: 48000 BTU | Garantie: 12 mois,images/SPLMID48-48000B-3.jpg,images/SPLMID48-48000B-3.jpg;images/SPLMID48-48000B-2.jpg;images/SPLMID48-48000B-1.jpg,oui,"Le climatiseur armoire Midea offre une capacité de 48000 BTU et une puissance de 5 CV. Il convient pour rafraîchir de grands espaces.

Points forts
• Capacité de refroidissement de 48000 BTU
• Puissance de 5 CV
• Format armoire

Caractéristiques
Type : Split armoire
Capacité : 48000 BTU
Puissance : 5 CV"
SPLMID12-12000K,Midea,Split Midea cassette 12000btu 1.5cv mca312hrnnb,clim,Climatiseurs,567000,split,jour,12000 BTU,Type: Split | Capacité: 12000 BTU | Garantie: 12 mois,images/SPLMID12-12000K-1.jpg,images/SPLMID12-12000K-1.jpg,oui,"Le climatiseur cassette Midea propose une capacité de 12000 BTU et une puissance de 1.5 CV pour la climatisation de vos pièces.

Points forts
• Capacité de 12000 BTU
• Puissance de 1.5 CV
• Format cassette

Caractéristiques
Type : Split cassette
Capacité : 12000 BTU
Puissance : 1.5 CV"
SPLMID18-18CASS,Midea,Split Midea cassette 18000btu 2.5cv mca318crms,clim,Climatiseurs,272000,split,jour,18000 BTU,Type: Split | Capacité: 18000 BTU | Garantie: 12 mois,images/SPLMID18-18CASS-1.jpg,images/SPLMID18-18CASS-1.jpg,oui,"Ce climatiseur cassette Midea dispose d'une capacité de 18000 BTU et d'un soufflage à 360° pour une diffusion homogène de l'air.

Points forts
• Puissance frigorifique de 5 kW
• Classe énergétique A++ SEER 6,1
• Soufflage à 360°
• Fonction nuit et niveau sonore de 39 dB(A)

Caractéristiques
Type : Split cassette
Capacité : 18000 BTU
Puissance frigorifique : 5 kW
Classe énergétique : A++ SEER 6,1
Niveau sonore : 39 dB(A)"
SPLMID24-24CASS,Midea,Split Midea cassette 24000btu,clim,Climatiseurs,717000,split,jour,24000 BTU,Type: Split | Capacité: 24000 BTU | Garantie: 12 mois,images/SPLMID24-24CASS-2.png,images/SPLMID24-24CASS-2.png;images/SPLMID24-24CASS-1.jpg,oui,"Le climatiseur cassette Midea de 24000 BTU assure un confort thermique optimal grâce à son soufflage à 360° et sa fonction nuit.

Points forts
• Puissance frigorifique de 7 kW
• Classe énergétique A++
• Soufflage à 360°
• Niveau sonore de 39 dB(A)

Caractéristiques
Type : Split cassette
Capacité : 24000 BTU
Puissance frigorifique : 7 kW
Classe énergétique : A++
Niveau sonore : 39 dB(A)"
SPLNAS24-24000I,Autre Marque,Split Nasco 24000btu inverter blanc m-24v1,clim,Climatiseurs,375000,split,jour,24000 BTU,Type: Split | Capacité: 24000 BTU | Couleur: Blanc | Garantie: 12 mois,images/SPLNAS24-24000I-2.jpg,images/SPLNAS24-24000I-2.jpg;images/SPLNAS24-24000I-1.jpg,oui,"Le climatiseur mural Nasco Inverter de 24000 BTU intègre plusieurs fonctions de purification d'air et un mode turbo pour un refroidissement rapide.

Points forts
• Capacité de refroidissement de 24000 BTU/H
• Filtre biologique antibactérien et filtre à charbon
• Circulation d'air de 850 m3/min
• Mode turbo pour un refroidissement rapide

Caractéristiques
Type : Mural
Capacité : 24000 BTU
Puissance moteur : 3 CV
Couleur : Blanc
Réfrigérant : R-410
Circulation d'air : 850 m3/min
Dimension intérieur : 104 x 22 x 32.7 cm
Poids intérieur : 17.3 kg"
SPLNAS24-24000M,Autre Marque,Split Nasco 24000btu r22 noir miroir msafd24,clim,Climatiseurs,335000,split,jour,24000 BTU,Type: Split | Capacité: 24000 BTU | Couleur: Noir | Garantie: 12 mois,images/SPLNAS24-24000M-2.jpg,images/SPLNAS24-24000M-2.jpg;images/SPLNAS24-24000M-1.jpg,oui,"Le split Nasco noir miroir de 24000 BTU allie esthétisme et performance avec son mode turbo et son système de filtration antibactérien.

Points forts
• Capacité de refroidissement de 24000 BTU/H
• Design noir miroir
• Filtre biologique antibactérien et filtre à charbon
• Mode turbo pour un refroidissement rapide

Caractéristiques
Type : Split mural
Capacité : 24000 BTU
Puissance moteur : 3 CV
Couleur : Noir miroir
Dimension intérieur : 104 x 32.7 x 22 cm
Poids intérieur : 13.6 kg
Niveau de bruit : 39/28.5 dBA"
SPLRIS12-12000B,Autre Marque,Split rising 12000btu 1.5 CV g410 axg12000xr,clim,Climatiseurs,190000,split,jour,12000 BTU,Type: Split | Capacité: 12000 BTU | Garantie: 12 mois,images/SPLRIS12-12000B-1.jpg,images/SPLRIS12-12000B-1.jpg,oui,"Le climatiseur split RISING est un système de refroidissement conçu pour un usage résidentiel ou commercial. Il assure une température agréable dans vos espaces.

Points forts
• Capacité de refroidissement de 12000 BTU
• Conception split avec unité intérieure et unité extérieure
• Livré avec une télécommande et un câble d'alimentation

Caractéristiques
Type : Split
Modèle : AXG12000XR
Capacité : 12000 BTU
Puissance : 1.5 CV"
SPLRIS18-18000B,Autre Marque,Split rising 18000btu 2cv g410 axg18000xr,clim,Climatiseurs,225000,split,jour,18000 BTU,Type: Split | Capacité: 18000 BTU | Garantie: 12 mois,images/SPLRIS18-18000B-1.jpg,images/SPLRIS18-18000B-1.jpg,oui,"Le climatiseur split RISING est un système de refroidissement adapté à un usage résidentiel ou commercial. Il permet de réguler efficacement la température de vos pièces.

Points forts
• Capacité de refroidissement de 18000 BTU
• Conception split comprenant une unité intérieure et une extérieure
• Fourni avec une télécommande et un câble d'alimentation

Caractéristiques
Type : Split
Modèle : AXG18000XR
Capacité : 18000 BTU"
SPLROC12-12000I,Roch,Split Roch 12000btu inverter,clim,Climatiseurs,186800,split,jour,12000 BTU,Type: Split | Capacité: 12000 BTU | Garantie: 12 mois,images/SPLROC12-12000I-1.jpg,images/SPLROC12-12000I-1.jpg,oui,"Ce climatiseur split Inverter de la marque Roch assure le rafraîchissement de vos espaces intérieurs tout en offrant un fonctionnement adapté aux besoins modernes.

Points forts
• Technologie Inverter intégrée
• Capacité de refroidissement de 12000 BTU
• Fonctionne avec le type de réfrigérant R-410A

Caractéristiques
Type de produit : Inverter Split
Modèle : RAC-S12R41-C
Capacité de refroidissement : 12000 BTU
Type de réfrigérant : R-410A
Puissance moteur : 1.5 CV"
SPLROC18-18000I,Roch,Split Roch 18000btu inverter,clim,Climatiseurs,248900,split,jour,18000 BTU,Type: Split | Capacité: 18000 BTU | Garantie: 12 mois,images/SPLROC18-18000I-1.jpg,images/SPLROC18-18000I-1.jpg,oui,"Le climatiseur split Inverter Roch est conçu pour rafraîchir efficacement vos pièces de taille moyenne à grande grâce à sa puissance adaptée.

Points forts
• Technologie Inverter
• Capacité de refroidissement de 18000 BTU
• Utilise le réfrigérant R-410A

Caractéristiques
Type de produit : Inverter Split
Modèle : RAC-S18R41-C
Capacité de refroidissement : 18000 BTU
Type de réfrigérant : R-410A
Puissance moteur : 2.5 CV"
SPLROC24-24ARM0,Roch,Split Roch 24000btu 3cv armoire,clim,Climatiseurs,315500,split,jour,24000 BTU,Type: Split | Capacité: 24000 BTU | Garantie: 12 mois,images/SPLROC24-24ARM0-1.jpg,images/SPLROC24-24ARM0-1.jpg,oui,"Ce climatiseur armoire Roch est un système de climatisation puissant conçu pour le traitement de l'air dans les grands volumes.

Points forts
• Volume d'écoulement d'air de 1000m3/h
• Utilise le réfrigérant R22
• Niveau sonore maîtrisé pour l'intérieur et l'extérieur

Caractéristiques
Type de produit : Split Armoire
Modèle : GU-RM 24 KFL
Volume d'écoulement d'air : 1000m3/h
Tension : 220-240V
Fréquence : 50Hz
Réfrigérant : R22
Montant de charge réfrigérant : 1.55 kg
Bruit intérieur : 48dB(A)
Bruit extérieur : 57dB(A)
Puissance nominale à l'entrée : 4.5 kw
Courant d'entrée : 15 A"
SPLROC24-24000B,Roch,Split Roch 24000btu gaz 410,clim,Climatiseurs,315500,split,jour,24000 BTU,Type: Split | Capacité: 24000 BTU | Garantie: 12 mois,images/SPLROC24-24000B-1.jpg,images/SPLROC24-24000B-1.jpg,oui,"Le climatiseur split Roch offre une grande capacité de refroidissement pour maintenir une température confortable dans les grands espaces.

Points forts
• Capacité de refroidissement élevée de 24000 BTU
• Fonctionne avec le type de réfrigérant R-410A
• Puissance moteur de 3 CV

Caractéristiques
Type de produit : Split
Modèle : RAC-S24R41-C
Capacité de refroidissement : 24000 BTU
Type de réfrigérant : R-410A
Puissance moteur : 3 CV"
SPLROC48-F48R4A,Roch,Split Roch 48000btu 5cv armoire,clim,Climatiseurs,850000,split,jour,48000 BTU,Type: Split | Capacité: 48000 BTU | Garantie: 12 mois,images/SPLROC48-F48R4A-1.jpg,images/SPLROC48-F48R4A-1.jpg,oui,"Ce climatiseur armoire de type split de la marque Roch offre une capacité de 48000 BTU pour rafraîchir vos grands espaces.

Points forts
• Capacité de refroidissement de 48000 BTU
• Débit d'air intérieur max de 9.8 m3/min
• Déshumidification de 1.3 l/h

Caractéristiques
Type : Split
Capacité : 48000 BTU
Alimentation : 1/220-240/50 V/Hz
Débit d'air intérieur max : 9.8 m3/min
Débit d'air extérieur max : 38 m3/min
Déshumidification : 1.3 l/h"
SPLROC48-48000D,Roch,Split Roch 48000btu 5cv armoire double inverter,clim,Climatiseurs,850000,split,jour,48000 BTU,Type: Split | Capacité: 48000 BTU | Garantie: 12 mois,images/SPLROC48-48000D-1.jpg,images/SPLROC48-48000D-1.jpg,oui,"Ce climatiseur armoire double inverter de type split de la marque Roch propose une capacité de 48000 BTU.

Points forts
• Capacité de 48000 BTU
• Modèle armoire double inverter

Caractéristiques
Type : Split
Capacité : 48000 BTU"
SPLROC48-48000A,Roch,Split Roch 48000btu 5cv armoire inverter,clim,Climatiseurs,850000,split,jour,48000 BTU,Type: Split | Capacité: 48000 BTU | Garantie: 12 mois,images/SPLROC48-48000A-1.jpg,images/SPLROC48-48000A-1.jpg,oui,"Ce climatiseur armoire inverter de type split de la marque Roch dispose d'une capacité de 48000 BTU.

Points forts
• Capacité de 48000 BTU
• Modèle armoire inverter

Caractéristiques
Type : Split
Capacité : 48000 BTU"
SPLSAM12-12000A,Samsung,Split Samsung ar 12000btu 1.5cv max ar12crhgwkx/af,clim,Climatiseurs,216500,split,jour,12000 BTU,Type: Split | Capacité: 12000 BTU | Garantie: 12 mois,images/SPLSAM12-12000A-1.jpg,images/SPLSAM12-12000A-1.jpg,oui,"Ce climatiseur de type split de la marque Samsung offre une capacité de 12000 BTU pour réguler la température de votre pièce.

Points forts
• Capacité de 12000 BTU
• Puissance de 1.5 CV

Caractéristiques
Type de produit : Split
Capacité : 12000 BTU
Puissance : 1.5 CV"
SPLSAM12-12TVHG,Samsung,Split Samsung ar 12000btu new model double inverter ar12bvhgawkx + installation gratuite,clim,Climatiseurs,277500,split,jour,12000 BTU,Type: Split | Capacité: 12000 BTU | Garantie: 12 mois,images/SPLSAM12-12TVHG-3.png,images/SPLSAM12-12TVHG-3.png;images/SPLSAM12-12TVHG-2.png;images/SPLSAM12-12TVHG-1.png,oui,"Ce climatiseur split fixe double inverter de la marque Samsung assure le refroidissement et le chauffage de votre pièce.

Points forts
• Capacité de refroidissement de 11942 Btu/h
• Capacité de chauffage de 13648 Btu/h
• Niveau sonore intérieur de 37 / 20 dBA

Caractéristiques
Type de produit : Split
Type : Split fixe
Capacité de refroidissement : 11942 Btu/h
Capacité de chauffage : 13648 Btu/h
Niveau sonore intérieur : 37 / 20 dBA
Niveau sonore extérieur : 46 dBA
Source d'alimentation : 1 / 220 - 240 / 50 V/Hz
Consommation d'énergie refroidissement : 1030 W
Consommation d'énergie chauffage : 1110 W"
SPLSAM18-18000A,Samsung,Split Samsung ar 18000btu 2.5cv max ar18crhgawkn,clim,Climatiseurs,317000,split,jour,18000 BTU,Type: Split | Capacité: 18000 BTU | Garantie: 12 mois,images/SPLSAM18-18000A-1.jpg,images/SPLSAM18-18000A-1.jpg,oui,"Ce climatiseur de type split de la marque Samsung propose une capacité de 18000 BTU pour climatiser efficacement votre intérieur.

Points forts
• Capacité de 18000 BTU
• Puissance 2.5 MAX

Caractéristiques
Type de produit : Split
Capacité : 18000 BTU
Puissance : 2.5 MAX"
SPLSAM18-18TVHG,Samsung,Split Samsung ar 18000btu 2cv double inverter ar18bvhgawkx + installation gratuite,clim,Climatiseurs,317000,split,jour,18000 BTU,Type: Split | Capacité: 18000 BTU | Garantie: 12 mois,images/SPLSAM18-18TVHG-1.jpg,images/SPLSAM18-18TVHG-1.jpg,oui,"Ce climatiseur split Samsung de 18000 BTU et 2 CV est doté de la technologie double inverter. Il assure le rafraîchissement et le chauffage de votre pièce.

Points forts
• Technologie double inverter pour une gestion optimale
• Capacité de 18000 BTU
• Niveau de bruit intérieur de 41 / 26 dBA

Caractéristiques
Type : Split
Capacité : 18000 BTU
Capacité de refroidissement : 17 060 Btu/h
Capacité de chauffage : 20 472 Btu/h
Niveau de bruit intérieur : 41 / 26 dBA"
SPLSAM24-24000A,Samsung,Split Samsung ar 24000btu 3cv max ar24crhgawkx,clim,Climatiseurs,355500,split,jour,24000 BTU,Type: Split | Capacité: 24000 BTU | Garantie: 12 mois,images/SPLSAM24-24000A-1.jpg,images/SPLSAM24-24000A-1.jpg,oui,"Ce climatiseur split Samsung de 24000 BTU et 3 CV convient pour rafraîchir ou chauffer efficacement vos grands espaces de vie.

Points forts
• Puissance de 24000 BTU / 3cv
• Minuterie de 24 heures intégrée
• Niveau sonore intérieur de 45 / 28 dBA

Caractéristiques
Type : Split
Capacité : 24000 BTU
Dimension nette : 1065 x 298 x 243 mm
Source d'alimentation : 1 / 220 – 240 / 50 V/Hz
Minuterie : 24 heures"
SPLSAM24-24ARDO,Samsung,Split Samsung ar 24000btu double inverter ar24bvhgawkx + installation gratuite,clim,Climatiseurs,430000,split,jour,24000 BTU,Type: Split | Capacité: 24000 BTU | Garantie: 12 mois,images/SPLSAM24-24ARDO-1.png,images/SPLSAM24-24ARDO-1.png,oui,"Ce climatiseur split fixe Samsung de 24000 BTU intègre un double inverter pour réguler la température de votre intérieur en mode froid ou chaud.

Points forts
• Capacité de refroidissement de 20500 Btu/h
• Fonction de nettoyage automatique et anti-bactéries
• Modes multiples dont Fast Cool, Confort Cool et mode silencieux
• Contrôle automatique de la direction de l'air

Caractéristiques
Type : Split fixe
Capacité : 24000 BTU
Dimension nette intérieure : 1065 x 298 x 243 mm
Dimension nette extérieure : 880 x 648 x 310 mm
Poids net intérieur : 11.5 kg
Poids net extérieur : 42.6 kg
Réfrigérant : R410a
Niveau sonore intérieur : 45 / 28 dBA"
SPLSAM09-9000MA,Samsung,Split Samsung ar 9000btu 1.25cv ar09crhgawk/af,clim,Climatiseurs,198000,split,jour,9000 BTU,Type: Split | Capacité: 9000 BTU | Garantie: 12 mois,images/SPLSAM09-9000MA-1.png,images/SPLSAM09-9000MA-1.png,oui,"Ce climatiseur split Samsung d'une capacité de 9000 BTU et 1.25 CV convient pour climatiser efficacement vos pièces.

Points forts
• Capacité de 9000 BTU / 1.25 CV
• Capacité de refroidissement de 8700 Btu/hr
• Dimensions de l'unité intérieure compactes

Caractéristiques
Type : Split
Capacité : 9000 BTU
Tension : 220-240 V
Fréquence : 50 Hz
Dimensions unité intérieure : 83,5 x 27,5 x 20 cm
Dimensions unité extérieure : 71 x 45 x 29 cm"
SPLSAM09-9000AR,Samsung,Split Samsung ar 9000btu 1.25cv ar09trhgawkx,clim,Climatiseurs,198000,split,jour,9000 BTU,Type: Split | Capacité: 9000 BTU | Garantie: 12 mois,images/SPLSAM09-9000AR-3.jpg,images/SPLSAM09-9000AR-3.jpg;images/SPLSAM09-9000AR-2.png;images/SPLSAM09-9000AR-1.jpg,oui,"Ce climatiseur split Samsung de 9000 BTU est conçu pour rafraîchir efficacement votre espace de vie.

Points forts
• Capacité de 9000 BTU
• Modèle de type split

Caractéristiques
Type de produit : Split
Capacité : 9000 BTU"
SPLSAM09-09TVHG,Samsung,Split Samsung ar 9000btu new model double inverter ar09bvhgawk/af,clim,Climatiseurs,244900,split,jour,9000 BTU,Type: Split | Capacité: 9000 BTU | Garantie: 12 mois,images/SPLSAM09-09TVHG-1.png,images/SPLSAM09-09TVHG-1.png,oui,"Ce climatiseur split Samsung de 9000 BTU intègre la technologie double inverter et un filtre full HD pour un air plus sain.

Points forts
• Puissance moteur de 1,25 CV
• Filtre full HD anti-bactérien
• Utilise le gaz R410

Caractéristiques
Type de produit : Split
Capacité : 9000 BTU/H
Puissance moteur : 1,25 CV
Gamme : MAX
Gaz : 410
Filtre : Full HD anti-bactérien"
SPLSHA12-12CHFD,Sharp,Split Sharp 12000btu 1.5cv 410 chaud et froid aea12rcm,clim,Climatiseurs,148800,split,jour,12000 BTU,Type: Split | Capacité: 12000 BTU | Garantie: 12 mois,images/SPLSHA12-12CHFD-2.png,images/SPLSHA12-12CHFD-2.png;images/SPLSHA12-12CHFD-1.png,oui,"Ce climatiseur split Sharp de 12000 BTU propose un mode chaud et froid ainsi que plusieurs fonctionnalités pour assurer votre confort au quotidien.

Points forts
• Fonctionnement chaud et froid adapté à toutes les saisons
• Technologie Plasmacluster Ions et auto-nettoyage par PCI
• Modes Super Jet et refroidissement doux
• Redémarrage automatique après coupure de courant

Caractéristiques
Type : Split
Capacité : 12000 BTU
Mode : Chaud et Froid
Système : Plasmacluster Ions
Type de compresseur : Rotatif
Réfrigérant : R410A
Classe énergétique : 2"
SPLSHA12-12000R,Sharp,Split Sharp 12000btu 1.5cv gaz r32,clim,Climatiseurs,148800,split,jour,12000 BTU,Type: Split | Capacité: 12000 BTU | Garantie: 12 mois,images/SPLSHA12-12000R-1.png,images/SPLSHA12-12000R-1.png,oui,"Ce climatiseur split Sharp offre une capacité de 12000 BTU pour rafraîchir vos pièces efficacement.

Points forts
• Capacité de 12000 BTU
• Type split

Caractéristiques
Type : Split
Capacité : 12000 BTU"
SPLIT-SHARP-12000BTU-1-5CV-INVERTER,Sharp,Split Sharp 12000btu 1.5cv inverter,clim,Climatiseurs,148800,split,jour,12000 BTU,Type: Split | Capacité: 12000 BTU | Garantie: 12 mois,images/SPLIT-SHARP-12000BTU-1-5CV-INVERTER-2.jpg,images/SPLIT-SHARP-12000BTU-1-5CV-INVERTER-2.jpg;images/SPLIT-SHARP-12000BTU-1-5CV-INVERTER-1.jpg,oui,"Ce climatiseur split fixe Sharp de 12000 BTU intègre la technologie J-Tech Inverter pour réguler la température selon vos besoins.

Points forts
• Technologie J-Tech Inverter pour plus d'efficacité
• Modes jet puissant et flux d'air long
• Fonctionnement silencieux et mode veille bébé
• Redémarrage automatique

Caractéristiques
Type : Split fixe
Capacité : 12000 BTU
Capacité de refroidissement : 3.50 kwh
Dimensions unité intérieure : 877 x 292 x 222 mm
Dimensions unité extérieure : 730 x 540 x 250 mm
Poids net unité intérieure : 9 kg
Poids net unité extérieure : 25 kg"
SPLSHA12-12000IN,Sharp,Split Sharp 12000btu 1.5cv inverter r32,clim,Climatiseurs,148800,split,jour,12000 BTU,Type: Split | Capacité: 12000 BTU | Garantie: 12 mois,images/SPLSHA12-12000IN-2.png,images/SPLSHA12-12000IN-2.png;images/SPLSHA12-12000IN-1.jpg,oui,"Ce climatiseur split Sharp de 12000 BTU fonctionne au gaz R32 pour climatiser votre espace.

Points forts
• Capacité de 12000 BTU par heure
• Technologie inverter

Caractéristiques
Type : Split
Capacité : 12000 BTU / h"
SPLSHA18-18000G,Sharp,Split Sharp 18000btu 2.5cv gaz 410 chaud et froid aea18ecb,clim,Climatiseurs,232000,split,jour,18000 BTU,Type: Split | Capacité: 18000 BTU | Garantie: 12 mois,images/SPLSHA18-18000G-1.jpg,images/SPLSHA18-18000G-1.jpg,oui,"Ce climatiseur split fixe Sharp de 18000 BTU intègre des fonctions avancées pour purifier et diffuser l'air dans la pièce.

Points forts
• Capacité de 18000 BTU
• Ions Plasma cluster pour l'air
• Fonction d'auto-nettoyage et redémarrage automatique
• Balançoire d'air automatique

Caractéristiques
Type : Split fixe
Capacité : 18000 BTU
Niveau de pression sonore intérieur : 47
Niveau de pression sonore extérieur : 57
Dimensions unité intérieure : 940 x 200 x 298 mm
Poids net unité intérieure : 13 kg
Poids net unité extérieure : 45 kg"
SPLSHA18-18000B,Sharp,Split Sharp 18000btu 2.5cv r32 aua18ctvp,clim,Climatiseurs,227800,split,jour,18000 BTU,Type: Split | Capacité: 18000 BTU | Garantie: 12 mois,images/SPLSHA18-18000B-1.jpg,images/SPLSHA18-18000B-1.jpg,oui,"Ce climatiseur split Sharp propose une capacité de 18000 BTU pour rafraîchir les grands espaces.

Points forts
• Capacité de 18000 BTU
• Type split

Caractéristiques
Type : Split
Capacité : 18000 BTU"
SPLSHA24-24000G,Sharp,Split Sharp 24000btu 3 CV gaz 410 aux24ztep,clim,Climatiseurs,292300,split,jour,24000 BTU,Type: Split | Capacité: 24000 BTU | Garantie: 12 mois,images/SPLSHA24-24000G-1.jpg,images/SPLSHA24-24000G-1.jpg,oui,"Ce climatiseur split Sharp de 24000 BTU et 3 CV rafraîchit efficacement votre pièce. Il intègre un mode veille et un redémarrage automatique.

Points forts
• Capacité de refroidissement de 24000 BTU
• Puissance moteur de 3 CV
• Mode veille
• Redémarrage automatique

Caractéristiques
Type de produit : Climatiseur Split
Capacité de refroidissement : 24000 BTU
Puissance moteur : 3 CV
Tension : 220V-240V"
SPLSHA09-09CHFD,Sharp,Split Sharp 9000btu 1.25cv 410 chaud et froid aea09ecb,clim,Climatiseurs,132000,split,jour,9000 BTU,Type: Split | Capacité: 9000 BTU | Garantie: 12 mois,images/SPLSHA09-09CHFD-2.png,images/SPLSHA09-09CHFD-2.png;images/SPLSHA09-09CHFD-1.png,oui,"Ce climatiseur split Sharp de 9000 BTU et 1.25 CV propose des modes chaud et froid pour ajuster la température selon vos besoins.

Points forts
• Capacité de 9000 BTU
• Puissance de 1.25 CV
• Fonction chaud et froid

Caractéristiques
Type de produit : Climatiseur
Puissance : 1.25 CV
Capacité de refroidissement : 9000 BTU
Mode : Chaud et froid"
SPLSHA09-90000I,Sharp,Split Sharp 9000btu 1.25cv inverter r32,clim,Climatiseurs,187000,split,jour,9000 BTU,Type: Split | Capacité: 9000 BTU | Garantie: 12 mois,images/SPLSHA09-90000I-2.png,images/SPLSHA09-90000I-2.png;images/SPLSHA09-90000I-1.jpg,oui,"Ce climatiseur split Sharp utilise la technologie inverter et le gaz R32 avec une capacité de 9000 BTU pour rafraîchir votre intérieur.

Points forts
• Capacité de 9000 BTU
• Technologie Inverter
• Utilisation du gaz R32

Caractéristiques
Type de produit : Split
Capacité : 9000 Btu / h"
SPLKAG12-12000B,Autre Marque,Split skaggu 12000btu 1.5cv gaz 410,clim,Climatiseurs,190000,split,jour,12000 BTU,Type: Split | Capacité: 12000 BTU | Garantie: 12 mois,images/SPLKAG12-12000B-2.jpg,images/SPLKAG12-12000B-2.jpg;images/SPLKAG12-12000B-1.jpg,oui,"Ce climatiseur split Skaggu de 12000 BTU et 1,5 CV fonctionne avec le réfrigérant R410 et intègre un mode silencieux.

Points forts
• Capacité de 12000 BTU
• Puissance de 1,5 CV
• Mode silencieux
• Volume d'air intérieur de 530 m3/h

Caractéristiques
Modèle : Eco Prestige
Puissance : 12000 Btu/h
Nombre de chevaux : 1,5 CV
Réfrigérant : R410
Courant : 5.1A
Courant nominal : 9,1A
Puissance absorbée : 1110 W
Puissance d'entrée nominale : 1700 W
Volume d'air intérieur : 530 m3/h"
SPLKAG09-9000BT,Autre Marque,Split skaggu 9000btu 1.25cv gaz r410,clim,Climatiseurs,140000,split,jour,9000 BTU,Type: Split | Capacité: 9000 BTU | Garantie: 12 mois,images/SPLKAG09-9000BT-2.jpg,images/SPLKAG09-9000BT-2.jpg;images/SPLKAG09-9000BT-1.jpg,oui,"Ce climatiseur split Skaggu d'une capacité de 9000 BTU et 1,25 CV dispose d'un mode silencieux et d'un économiseur d'énergie.

Points forts
• Capacité de 9000 BTU
• Puissance de 1,25 CV
• Mode silencieux
• Volume d'air intérieur de 450 m3/h

Caractéristiques
Modèle : Eco Prestige
Puissance : 9000 Btu/h
Nombre de chevaux : 1,25 CV
Réfrigérant : R410
Courant : 3.9A
Courant nominal : 6,8 A
Puissance absorbée : 850 W
Puissance d'entrée nominale : 1250 W
Volume d'air intérieur : 450 m3/h"
SPLSKY24-24000B,Autre Marque,Split skyline 24000btu gaz 410,clim,Climatiseurs,320000,split,jour,24000 BTU,Type: Split | Capacité: 24000 BTU | Garantie: 12 mois,images/SPLSKY24-24000B-2.png,images/SPLSKY24-24000B-2.png;images/SPLSKY24-24000B-1.jpg;images/SPLSKY24-24000B-3.png,oui,"Ce climatiseur split Skyline de 24000 BTU utilise le gaz 410 et intègre des fonctions anti-bactérien et purificateur d'air.

Points forts
• Capacité de refroidissement de 24000 BTU/h
• Fonction anti-bactérien et purificateur d'air
• Redémarrage automatique
• Fonctionne avec le gaz 410

Caractéristiques
Capacité de refroidissement : 24000 BTU/h
Fluide frigorigène : Gaz 410
Tension : 220-240 V
Fréquence : 50Hz"
SPLSMA18-18000B,Smart Technology,Split Smart Technology 18000btu gaz 410 royal sts18,clim,Climatiseurs,240000,split,jour,18000 BTU,Type: Split | Capacité: 18000 BTU | Garantie: 12 mois,images/SPLSMA18-18000B-1.jpg,images/SPLSMA18-18000B-1.jpg,oui,"Ce climatiseur split de 18000 BTU assure le rafraîchissement de vos pièces. Il intègre des fonctions de purification d'air et un mode turbo.

Points forts
• Capacité de refroidissement de 18000 BTU
• Fonction anti-bactérien et purificateur d'air
• Mode Turbo pour un refroidissement rapide
• Fonction autonettoyant et redémarrage automatique

Caractéristiques
Type de produit : Split
Capacité de refroidissement : 18000 BTU
Puissance du moteur : 18000 BTU
Gaz réfrigérant : Éco R410
Tension : 220-240 V
Fréquence : 50 Hz"
SPLSMA18-18000I,Smart Technology,Split Smart Technology 18000btu inverter gaz 410 matrix sts18,clim,Climatiseurs,240000,split,jour,18000 BTU,Type: Split | Capacité: 18000 BTU | Garantie: 12 mois,images/SPLSMA18-18000I-1.jpg,images/SPLSMA18-18000I-1.jpg,oui,"Ce climatiseur split inverter de 12000 BTU/h offre un rafraîchissement adapté à votre intérieur. Il est équipé d'un système autonettoyant et de modes spécifiques pour le confort.

Points forts
• Technologie Inverter
• Capacité de refroidissement de 12000 BTU/h
• Fonction anti-bactérien et purificateur d'air
• Mode Turbo et mode veille

Caractéristiques
Type de produit : Split Inverter
Capacité de refroidissement : 12000 BTU/h
Puissance du moteur : 2/5 CV
Gaz réfrigérant : Éco R410
Tension : 220-240 V
Fréquence : 50 Hz
Dimension : 86,3 x 26,8 x 35,2 cm
Poids : 31.5 kg"
SPLSMA24-24000A,Smart Technology,Split Smart Technology 24000btu 3cv armoire inverter r410 stf24 tesla,clim,Climatiseurs,309800,split,jour,24000 BTU,Type: Split | Capacité: 24000 BTU | Garantie: 12 mois,images/SPLSMA24-24000A-1.png,images/SPLSMA24-24000A-1.png;images/SPLSMA24-24000A-2.png,oui,"Ce climatiseur split armoire dispose d'une capacité de 24000 BTU pour climatiser efficacement de grands espaces.

Points forts
• Capacité de 24000 BTU
• Technologie Inverter
• Modèle armoire 3 CV

Caractéristiques
Type : Split
Capacité : 24000 BTU
Puissance : 3 CV
Fluide frigorigène : R410"
SPLSMA48-48000A,Smart Technology,Split Smart Technology 48000btu 5cv armoire stf55,clim,Climatiseurs,770800,split,jour,48000 BTU,Type: Split | Capacité: 48000 BTU | Garantie: 12 mois,images/SPLSMA48-48000A-1.png,images/SPLSMA48-48000A-1.png,oui,"Ce climatiseur split armoire de 48000 BTU est conçu pour le rafraîchissement des très grands volumes.

Points forts
• Capacité élevée de 48000 BTU
• Modèle armoire 5 CV

Caractéristiques
Type : Split
Capacité : 48000 BTU
Puissance : 5 CV"
SPLSMA09-SMARTB,Smart Technology,Split Smart Technology 9000btu inverter sts9,clim,Climatiseurs,129900,split,jour,9000 BTU,Type: Split | Capacité: 9000 BTU | Garantie: 12 mois,images/SPLSMA09-SMARTB-1.jpg,images/SPLSMA09-SMARTB-1.jpg,oui,"Ce climatiseur split inverter de 9000 BTU/h convient pour rafraîchir une pièce de petite taille. Il intègre des fonctions de purification d'air.

Points forts
• Capacité de refroidissement de 9000 BTU/h
• Technologie Inverter
• Fonction anti-bactérien et purificateur d'air
• Mode Turbo et mode veille

Caractéristiques
Type de produit : Split Inverter
Capacité de refroidissement : 9000 BTU/h
Puissance du moteur : 1 CV
Gaz réfrigérant : Éco R410
Tension : 220-240 V
Fréquence : 50 Hz"
SPLSOL12-12000B,Solstar,Split Solstar 12000btu 1.5 CV 410,clim,Climatiseurs,158500,split,jour,12000 BTU,Type: Split | Capacité: 12000 BTU | Garantie: 12 mois,images/SPLSOL12-12000B-1.jpg,images/SPLSOL12-12000B-1.jpg,oui,"Ce climatiseur split Solstar d'une capacité de 12000 BTU assure une climatisation efficace de votre espace de vie.

Points forts
• Capacité de 12000 BTU
• Puissance de 1,5 CV

Caractéristiques
Type de produit : Split
Puissance : 12000 BTU
Nombre de chevaux : 1,5 CV
Type de réfrigérant : R410"
SPLSOL18-18000C,Solstar,Split Solstar 18000btu 2.5cv cassette gaz r410,clim,Climatiseurs,250400,split,jour,18000 BTU,Type: Split | Capacité: 18000 BTU | Garantie: 12 mois,images/SPLSOL18-18000C-1.jpg,images/SPLSOL18-18000C-1.jpg,oui,"Ce climatiseur split cassette offre une puissance de refroidissement optimale. Il convient parfaitement pour rafraîchir des espaces de taille moyenne à grande.

Points forts
• Capacité de refroidissement de 18000 BTU
• Conception de type cassette
• Adapté aux espaces de taille moyenne à grande

Caractéristiques
Type : Split
Capacité : 18000 BTU"
SPLSOL18-18000BT,Solstar,Split Solstar 18000btu 2.5cv gaz 410,clim,Climatiseurs,262000,split,jour,18000 BTU,Type: Split | Capacité: 18000 BTU | Garantie: 12 mois,images/SPLSOL18-18000BT-1.jpg,images/SPLSOL18-18000BT-1.jpg,oui,"Ce climatiseur split assure le rafraîchissement de votre pièce. Il dispose d'une capacité de 18000 BTU soit 2 chevaux.

Points forts
• Capacité de 18000 BTU
• Puissance de 2cv

Caractéristiques
Type : Split
Capacité : 18000 BTU
Nombre de chevaux : 2cv"
SPLSOL24-24000C,Solstar,Split Solstar 240000btu cassette gaz r410,clim,Climatiseurs,291500,split,jour,240000 BTU,Type: Split | Capacité: 240000 BTU | Garantie: 12 mois,images/SPLSOL24-24000C-1.jpg,images/SPLSOL24-24000C-1.jpg,oui,"Ce climatiseur split cassette offre une puissance de refroidissement optimale. Il est adapté pour rafraîchir efficacement des espaces de taille moyenne à grande.

Points forts
• Capacité de refroidissement de 18000 BTU
• Format cassette
• Adapté aux espaces de taille moyenne à grande

Caractéristiques
Type : Split
Capacité : 240000 BTU"
SPLSOL24-24000B,Solstar,Split Solstar 24000btu 3cv gaz 410,clim,Climatiseurs,408600,split,jour,24000 BTU,Type: Split | Capacité: 24000 BTU | Garantie: 12 mois,images/SPLSOL24-24000B-1.jpg,images/SPLSOL24-24000B-1.jpg,oui,"Ce climatiseur split d'une puissance de 3cv est conçu pour rafraîchir de grands volumes. Il intègre un compresseur rotatif et utilise le réfrigérant R410.

Points forts
• Capacité de refroidissement de 24 000 Btu
• Champ d'application de 30 à 50 m²
• Flux d'air intérieur de 1100 m³ / h
• Type de réfrigérant R410

Caractéristiques
Type : Split
Capacité : 24000 BTU
Source de courant : 220-240V ~ 50Hz, 1Ph
Capacité de refroidissement nominale : 7034 w
EER : 2,82 w / w
Type de compresseur : Rotatif
Flux d'air intérieur : 1100 m³ / h
Niveau de bruit intérieur : 49 dB (A)
Type de réfrigérant : R410
Niveau de bruit extérieur : 57 dB (A)
Dimensions de l'unité intérieure : 1010 x 315 x 220 mm"
SPLSOL09-9000BT,Solstar,Split Solstar 9000btu 1.25 CV r410,clim,Climatiseurs,157000,split,jour,9000 BTU,Type: Split | Capacité: 9000 BTU | Garantie: 12 mois,images/SPLSOL09-9000BT-1.jpg,images/SPLSOL09-9000BT-1.jpg,oui,"Ce climatiseur split assure le confort thermique de votre intérieur. D'une puissance de 1.25CV, il propose une capacité de refroidissement de 9000 BTU.

Points forts
• Puissance de 1.25CV
• Capacité de refroidissement de 9000 BTU
• Circulation de l’air intérieur de 500 m³ / h

Caractéristiques
Type : Split
Capacité : 9000 BTU
Puissance : 1.25CV
Capacité de refroidissement : 2500W
Source de courant : 220-240V ~ 50Hz, 1Ph
Type de compresseur : Rotatif
Circulation de l’air intérieur : 500 m³ / h
Niveau de bruit intérieur : 29-39 dB (A)
Type de réfrigérant : R22 / 470g"
SPLSOL09-9000IN,Solstar,Split Solstar 9000btu inverter,clim,Climatiseurs,157000,split,jour,9000 BTU,Type: Split | Capacité: 9000 BTU | Garantie: 12 mois,images/SPLSOL09-9000IN-1.jpg,images/SPLSOL09-9000IN-1.jpg,oui,"Ce climatiseur split inverter rafraîchit efficacement votre pièce. Il convient pour des espaces de 13 à 22 mètres carrés.

Points forts
• Champ d’application de 13-22 m²
• Circulation de l’air intérieur de 500 m³ / h
• Type de réfrigérant R22 / 470g

Caractéristiques
Type : Split
Capacité : 9000 BTU
Source de courant : 220-240V ~ 50Hz, 1Ph
Capacité de refroidissement : 2500W
Type de compresseur : Rotatif
Circulation de l’air intérieur : 500 m³ / h
Niveau de bruit intérieur : 29-39 dB (A)
Type de réfrigérant : R22 / 470g
Niveau de bruit extérieur : 50 dB (A)
Dimension unité intérieure : 745 * 250 * 195 mm
Poids unité intérieure : 9 kg
Dimension unité extérieure : 680 * 225 * 482 mm
Poids unité extérieure : 24 kg"
SPLTCL12-12000B,TCL,Split TCL 12000btu 1.5cv gaz 410,clim,Climatiseurs,147000,split,jour,12000 BTU,Type: Split | Capacité: 12000 BTU | Garantie: 12 mois,images/SPLTCL12-12000B-1.jpg,images/SPLTCL12-12000B-1.jpg,oui,"Ce climatiseur split TCL offre une capacité de 12000 BTU pour rafraîchir vos espaces de vie ou de travail.

Points forts
• Capacité de 12000 BTU
• Type split

Caractéristiques
Type : Split
Capacité : 12000 BTU"
SPLTCL12-12INVE,Autre Marque,Split TCL 12000btu 1.5cv inverter,clim,Climatiseurs,190000,split,jour,12000 BTU,Type: Split | Capacité: 12000 BTU | Garantie: 12 mois,images/SPLTCL12-12INVE-1.jpg,images/SPLTCL12-12INVE-1.jpg,oui,"Ce climatiseur split inverter de 12000 BTU est conçu pour réguler la température de votre pièce.

Points forts
• Capacité de 12000 BTU
• Technologie inverter
• Type split

Caractéristiques
Type : Split
Capacité : 12000 BTU"
SPLTCL18-18000I,TCL,"Split TCL 18000btu 2,5cv inverter gaz410",clim,Climatiseurs,249000,split,jour,18000 BTU,Type: Split | Capacité: 18000 BTU | Garantie: 12 mois,images/SPLTCL18-18000I-1.png,images/SPLTCL18-18000I-1.png,oui,"Ce climatiseur split TCL de 18000 BTU intègre la technologie inverter et utilise le gaz R410.

Points forts
• Capacité de 18000 BTU
• Technologie inverter
• Type split

Caractéristiques
Type : Split
Capacité : 18000 BTU"
SPLTCL18-18000A,TCL,Split TCL 18000btu 2.5cv cassette inverter r32 tcc18ccrh/dv(03),clim,Climatiseurs,249000,split,jour,18000 BTU,Type: Split | Capacité: 18000 BTU | Garantie: 12 mois,images/SPLTCL18-18000A-2.png,images/SPLTCL18-18000A-2.png;images/SPLTCL18-18000A-1.png;images/SPLTCL18-18000A-4.png;images/SPLTCL18-18000A-3.png,oui,"Ce climatiseur cassette inverter TCL de 18000 BTU fonctionne avec le fluide R32.

Points forts
• Capacité de 18000 BTU
• Technologie inverter
• Type cassette

Caractéristiques
Type : Split
Capacité : 18000 BTU"
SPLTCL18-18000B,TCL,Split TCL 18000btu 2.5cv gaz 410,clim,Climatiseurs,249000,split,jour,18000 BTU,Type: Split | Capacité: 18000 BTU | Garantie: 12 mois,images/SPLTCL18-18000B-1.jpg,images/SPLTCL18-18000B-1.jpg,oui,"Ce climatiseur split réversible de 18000 BTU assure le confort thermique de votre intérieur toute l'année.

Points forts
• Mode chaud et froid
• Fonction déshumidification intégrée
• Capacité de 18000 BTU

Caractéristiques
Type : Split
Capacité : 18000 BTU
Mode : Chaud/Froid
Réfrigérant : R410
Superficie : 20~35
Tension : 220-240V
Puissance absorbée : 1740 W
Courant : 8,3 A
Niveau sonore unité intérieure : 52/48/44 dB
Déshumidification : Oui
Dimension Unité Intérieure : 900 x 280 x 202 mm
Dimension Unité Extérieure : 820 x 605 x 300 mm"
SPLTCL24-24000C,TCL,Split TCL 24000btu 3cv cassette inverter r32 tcc24ccrh/dv(03),clim,Climatiseurs,289900,split,jour,24000 BTU,Type: Split | Capacité: 24000 BTU | Garantie: 12 mois,images/SPLTCL24-24000C-1.png,images/SPLTCL24-24000C-1.png;images/SPLTCL24-24000C-4.png;images/SPLTCL24-24000C-3.png;images/SPLTCL24-24000C-2.png,oui,"Ce climatiseur cassette inverter TCL de 24000 BTU utilise le fluide R32 pour une climatisation performante.

Points forts
• Capacité de 24000 BTU
• Technologie inverter
• Type cassette

Caractéristiques
Type : Split
Capacité : 24000 BTU"
SPLTCL24-24000B,TCL,Split TCL 24000btu 3cv gaz 410,clim,Climatiseurs,289900,split,jour,24000 BTU,Type: Split | Capacité: 24000 BTU | Garantie: 12 mois,images/SPLTCL24-24000B-1.jpg,images/SPLTCL24-24000B-1.jpg,oui,"Ce climatiseur split TCL de 24000 BTU fonctionne en mode chaud et froid. Il convient pour climatiser des espaces de 30 à 50.

Points forts
• Mode chaud et froid
• Capacité de 24000 BTU
• Fonction déshumidification intégrée
• Adapté pour une superficie de 30 à 50

Caractéristiques
Type : Split
Capacité : 24000 BTU
Mode : Chaud/froid
Réfrigérant : R410
Superficie : 30~50
Tension : 220-240V
Niveau sonore : 53/48/44 dB
Déshumidification : Oui"
SPLTCL24-24000I,TCL,Split TCL 24000btu 3cv inverter gaz 410,clim,Climatiseurs,289900,split,jour,24000 BTU,Type: Split | Capacité: 24000 BTU | Garantie: 12 mois,images/SPLTCL24-24000I-1.jpg,images/SPLTCL24-24000I-1.jpg,oui,"Ce climatiseur mural split inverter de 24000 BTU assure un refroidissement puissant et dispose d'un thermostat. Il présente un design noir mince et élégant avec un panneau brillant.

Points forts
• Puissance de refroidissement de 24 000 BTU et chauffage de 24 500 BTU
• Confort acoustique accru avec un niveau sonore de 43 dB
• Utilise le réfrigérant R32 sans danger pour la couche d'ozone
• Circulation d'air de 420 m³/h pour une superficie recommandée jusqu'à 55 m²

Caractéristiques
Classe énergétique : A
Type de climatiseur : Mural
Catégorie : Split
Puissance frigorifique : 24000 BTU
Niveau sonore : 43 dB
Thermostat : Oui
Dimensions unité intérieure : 370 x 977 x 275 mm
Dimensions unité extérieure : 635 x 920 x 402 mm
Circulation d'air : 420 m³/h
Superficie recommandée : Jusqu'à 55 m²
Poids unité intérieure : 10 kg
Poids unité extérieure : 43 kg"
SPLTCL36-36000A,TCL,Split TCL 36000btu 4cv armoire inverter r32 tac36cfd/fhi,clim,Climatiseurs,291500,split,jour,36000 BTU,Type: Split | Capacité: 36000 BTU | Garantie: 12 mois,images/SPLTCL36-36000A-2.png,images/SPLTCL36-36000A-2.png;images/SPLTCL36-36000A-1.png,oui,"Ce climatiseur split armoire inverter de 36000 BTU propose des modes de refroidissement et de chauffage. Il dispose de fonctions d'autodiagnostic et de redémarrage automatique.

Points forts
• Capacité de 36000 BTU
• Mode refroidissement et chauffage
• Fonctions autodiagnostic et redémarrage automatique
• Longue alimentation en air

Caractéristiques
Type : Split
Capacité : 36000 BTU
Alimentation : Monophasé (220-240 V – 50 Hz)
Plage de tension : 198-264 V
Niveau sonore intérieur : 52 dB(A)
Niveau sonore extérieur : 63 dB(A)
Fluide frigorigène : R410A"
SPLTCL36-36000C,TCL,Split TCL 36000btu 4cv cassette inverter r32 tcc36ccrh/dv(03),clim,Climatiseurs,291500,split,jour,36000 BTU,Type: Split | Capacité: 36000 BTU | Garantie: 12 mois,images/SPLTCL36-36000C-2.png,images/SPLTCL36-36000C-2.png;images/SPLTCL36-36000C-1.png;images/SPLTCL36-36000C-4.png;images/SPLTCL36-36000C-3.png,oui,"Ce climatiseur split cassette inverter de 36000 BTU offre une solution adaptée pour la climatisation de vos espaces.

Points forts
• Type split
• Capacité de 36000 BTU

Caractéristiques
Type : Split
Capacité : 36000 BTU"
SPLIT-TCL-48000BTU-5CV-ARMOIRE-INVERTER-TAC48CFD-FHI,TCL,Split TCL 48000btu 5cv armoire inverter tac48cfd/fhi,clim,Climatiseurs,827000,split,jour,48000 BTU,Type: Split | Capacité: 48000 BTU | Garantie: 12 mois,images/SPLIT-TCL-48000BTU-5CV-ARMOIRE-INVERTER-TAC48CFD-FHI-1.png,images/SPLIT-TCL-48000BTU-5CV-ARMOIRE-INVERTER-TAC48CFD-FHI-1.png;images/SPLIT-TCL-48000BTU-5CV-ARMOIRE-INVERTER-TAC48CFD-FHI-3.png;images/SPLIT-TCL-48000BTU-5CV-ARMOIRE-INVERTER-TAC48CFD-FHI-2.png,oui,"Ce climatiseur armoire inverter de 48000 BTU, soit 5 chevaux, assure le refroidissement et le chauffage de grands espaces. Il intègre des fonctions pratiques comme l'autodiagnostic.

Points forts
• Capacité de 48000 BTU (5 CV)
• Refroidissement et chauffage
• Système d'autodiagnostic
• Redémarrage automatique

Caractéristiques
Type : Split
Capacité : 48000 BTU
Alimentation : 220-240V-50Hz
Réfrigérant : R410A"
SPLTCL48-48000C,TCL,Split TCL 48000btu 5cv armoire inverter tac48cfd/fhi,clim,Climatiseurs,827000,split,jour,48000 BTU,Type: Split | Capacité: 48000 BTU | Garantie: 12 mois,images/SPLTCL48-48000C-1.png,images/SPLTCL48-48000C-1.png,oui,"Ce climatiseur armoire inverter de 48000 BTU (5 CV) assure des performances de refroidissement et de chauffage. Il dispose d'un système d'autodiagnostic et d'un redémarrage automatique.

Points forts
• Capacité de 48000 BTU (5 CV)
• Refroidissement et chauffage
• Autodiagnostic intégré
• Redémarrage automatique

Caractéristiques
Type : Split
Capacité : 48000 BTU
Alimentation : 220-240V-50Hz
Réfrigérant : R410A"
SPLTCL09-9000BI,TCL,Split TCL 9000btu 1.25cv inverter gaz410,clim,Climatiseurs,172500,split,jour,9000 BTU,Type: Split | Capacité: 9000 BTU | Garantie: 12 mois,images/SPLTCL09-9000BI-1.png,images/SPLTCL09-9000BI-1.png,oui,"Ce climatiseur split TCL de 9000 BTU est conçu pour rafraîchir efficacement vos pièces de petite taille.

Points forts
• Capacité de 9000 BTU pour une adaptation idéale aux petits espaces
• Technologie inverter intégrée
• Utilise le gaz R410

Caractéristiques
Type : Split
Capacité : 9000 BTU
Puissance : 1.25 CV
Fluide frigorigène : Gaz R410"
SPLTCL24-24000A,TCL,Split TCL armoire 24000btu inverter gold,clim,Climatiseurs,289900,split,jour,24000 BTU,Type: Split | Capacité: 24000 BTU | Garantie: 12 mois,images/SPLTCL24-24000A-1.png,images/SPLTCL24-24000A-1.png;images/SPLTCL24-24000A-4.png;images/SPLTCL24-24000A-3.png;images/SPLTCL24-24000A-2.png;images/SPLTCL24-24000A-5.png,oui,"Ce climatiseur armoire TCL de 24000 BTU assure un rafraîchissement performant des grands espaces de vie ou de travail.

Points forts
• Capacité de refroidissement de 24000 BTU
• Télécommande fournie pour un contrôle à distance
• Débit d'air intérieur de 1200 m3/h
• Adapté pour une zone de 15 à 23 m2

Caractéristiques
Type : Split armoire
Capacité : 24000 BTU
Type de contrôle : Télécommande
Source de courant : 1Ph-220-240V~50Hz
Niveau de bruit intérieur : 50 dB
Niveau de bruit extérieur : 53 dB
Débit d'air intérieur : 1200 m3/h
Dimension de l'unité intérieure : 416 x 416 x 1738 mm
Poids net de l'unité intérieure : 25 kg
Dimension de l'unité extérieure : 835 x 360 x 605 mm
Poids net de l'unité extérieure : 27 kg
Réfrigérant : R32/0.55kg
Zone appropriée : 15 à 23 m2"
SPLWES42-42000A,Westpool,Split Westpool 42000btu 5cv armoire r410,clim,Climatiseurs,291500,split,jour,42000 BTU,Type: Split | Capacité: 42000 BTU | Garantie: 12 mois,images/SPLWES42-42000A-1.jpg,images/SPLWES42-42000A-1.jpg,oui,"Ce climatiseur armoire Westpool de 42000 BTU convient pour climatiser de très grands volumes avec un confort optimal.

Points forts
• Grande capacité de refroidissement de 42000 BTU
• Fonction programmable avec affichage numérique
• Diffusion de l'air sur 4 directions
• Filtre démontable et lavable

Caractéristiques
Type : Split armoire
Capacité : 42000 BTU
Puissance : 5.5 CV
Fluide frigorigène : R410
Fonctions : Programmable, déshumidification, redémarrage automatique"
SPLWES09-09INVE,Westpool,Split Westpool 9000btu inverter acs/m09410s,clim,Climatiseurs,200000,split,jour,9000 BTU,Type: Split | Capacité: 9000 BTU | Garantie: 12 mois,images/SPLWES09-09INVE-1.png,images/SPLWES09-09INVE-1.png,oui,"Ce climatiseur mono split Westpool de 9000 BTU régule la température de vos pièces tout en assurant un bon confort thermique.

Points forts
• Afficheur LED pratique
• Contrôle automatique de la direction de l'air de haut en bas
• Fonction minuterie intégrée
• Niveau sonore intérieur de 37 dB

Caractéristiques
Type : Mono split
Puissance : 9000 BTU/h
Puissance : 1.25 CV
Débit d'air unité intérieure : 500 m3/h
Niveau de bruit unité intérieure : 37 dB
Niveau de bruit unité extérieure : 50 dB
Déshumidification : 1.2 litres/heure"
SPLWOW18-18000B,Autre Marque,Split wow 18000btu gaz 410,clim,Climatiseurs,225000,split,jour,18000 BTU,Type: Split | Capacité: 18000 BTU | Garantie: 12 mois,images/SPLWOW18-18000B-1.jpg,images/SPLWOW18-18000B-1.jpg,oui,"Ce climatiseur split de 18000 BTU de la marque Wow est idéal pour rafraîchir efficacement les pièces de taille moyenne.

Points forts
• Capacité de refroidissement de 18000 BTU
• Coloris blanc discret

Caractéristiques
Type : Split
Puissance : 2 CV
Capacité : 18000 BTU
Gaz : R410
Couleur : Blanc"
SPLWOW09-9000BT,Autre Marque,Split wow 9000btu gaz 410,clim,Climatiseurs,140000,split,jour,9000 BTU,Type: Split | Capacité: 9000 BTU | Garantie: 12 mois,images/SPLWOW09-9000BT-1.jpg,images/SPLWOW09-9000BT-1.jpg,oui,"Ce climatiseur split Wow de 9000 BTU apporte une fraîcheur agréable dans les petits espaces de votre choix.

Points forts
• Capacité de refroidissement de 9000 BTU
• Design de couleur blanche

Caractéristiques
Type : Split
Puissance : 1.25 CV
Capacité : 9000 BTU
Gaz : R410
Couleur : Blanc"
PURTRO00-BHX2GR,Taotronics,Purificateur d'air taotronics blanc ttap003,clim,Purificateurs d'air,45000,ventilo,jour,,Couleur: Blanc | Garantie: 12 mois,images/PURTRO00-BHX2GR-1.png,images/PURTRO00-BHX2GR-1.png;images/PURTRO00-BHX2GR-2.png;images/PURTRO00-BHX2GR-3.png,oui,"Voici le purificateur d'air de la marque Taotronics, proposé en coloris blanc pour s'intégrer facilement dans votre intérieur.

Points forts
• Appareil de marque Taotronics
• Coloris blanc

Caractéristiques
Couleur : Blanc"
7400,Cac,Barbecue au charbon cac pliant ca820927,cuisson,Barbecues,22000,cuisine,jour,,Garantie: 12 mois,images/7400-1.png,images/7400-1.png;images/7400-2.png;images/7400-3.png,oui,"Ce barbecue au charbon pliant en acier est conçu pour une utilisation en extérieur et se transporte facilement grâce à sa conception.

Points forts
• Barbecue au charbon de bois
• Conception pliante pour un transport facile
• Structure en acier

Caractéristiques
Type : Barbecue au charbon pliant
Matériau : Acier
Utilisation : Extérieur"
7440,Cac,Barbecue au charbon cac table qualite superieur ca820571,cuisson,Barbecues,32000,cuisine,jour,,Garantie: 12 mois,images/7440-1.jpg,images/7440-1.jpg;images/7440-2.jpg,oui,"Ce barbecue au charbon en acier inoxydable est adapté pour une utilisation en extérieur, dans la cour ou sur la terrasse.

Points forts
• Grille en acier inoxydable durable
• Adapté pour la cour et la terrasse
• Combustible charbon de bois

Caractéristiques
Combustible : Charbon de bois
Couleur : Noir
Matériau : Acier
Spécification : 22,5 pouces
Poids : 10,5 kg
Hauteur : 90 cm
Diamètre : 57 cm"
BARDEC08-KMCC08,Decakila,Barbecue au charbon Decakila kmcc008b,cuisson,Barbecues,28000,cuisine,jour,,Garantie: 12 mois,images/BARDEC08-KMCC08-2.png,images/BARDEC08-KMCC08-2.png;images/BARDEC08-KMCC08-1.png;images/BARDEC08-KMCC08-3.png,oui,"Découvrez le barbecue au charbon de la marque Decakila pour vos repas en extérieur.

Points forts
• Modèle de marque Decakila
• Barbecue au charbon

Caractéristiques
Type : Barbecue au charbon"
CUIARI4F-A6GG10,Autre Marque,cuisinière Ariston 4feux 60x60 a gaz as67g1mmx/mea,cuisson,Cuisinières,205000,cuisine,jour,4 feux,Capacité: 4 feux | Garantie: 12 mois,images/CUIARI4F-A6GG10-1.jpg,images/CUIARI4F-A6GG10-1.jpg;images/CUIARI4F-A6GG10-2.png;images/CUIARI4F-A6GG10-3.png,oui,"Cette cuisinière à gaz Ariston dispose de quatre brûleurs et d'un four à gaz avec fonction grill pour la cuisine au quotidien.

Points forts
• 4 brûleurs à gaz
• Four à gaz avec fonction grill et traditionnelle
• Présence d'un tournebroche
• Plaque en acier inoxydable

Caractéristiques
Capacité principale nette du four : 58 L
Matière de la plaque : Acier inoxydable
Zone de cuisson : 4 brûleurs à gaz
Type principal de four : Gaz grill Gaz
Nettoyage : Manuel
Tournebroche : Oui
Tension alimentation : 220/240 V
Fréquence d'alimentation : 50/60 Hz
Type de gaz : GPL (Methane)
Dimensions (H x L x P) : 85,0 x 60,0 x 60,0 cm
Couleur : Inox"
CUIAST4F-CSL50D,Astech,cuisinière Astech 4feux 50x50 a gaz gris csl50das1,cuisson,Cuisinières,79500,cuisine,jour,4 feux,Capacité: 4 feux | Couleur: Gris | Garantie: 12 mois,images/CUIAST4F-CSL50D-1.jpg,images/CUIAST4F-CSL50D-1.jpg;images/CUIAST4F-CSL50D-4.jpg;images/CUIAST4F-CSL50D-2.jpg;images/CUIAST4F-CSL50D-3.jpg;images/CUIAST4F-CSL50D-5.jpg,oui,"Cette cuisinière Astech à gaz de 4 feux est proposée en coloris gris pour équiper votre cuisine.

Points forts
• Modèle à 4 feux
• Coloris gris
• Cuisinière à gaz

Caractéristiques
Capacité : 4 feux
Couleur : Gris
Type : Cuisinière à gaz"
CUIAST4F-CK63DA,Astech,cuisinière Astech 4feux 60x60 + four a gaz full option gris ck63da010,cuisson,Cuisinières,126500,cuisine,jour,4 feux,Capacité: 4 feux | Couleur: Gris | Garantie: 12 mois,images/CUIAST4F-CK63DA-3.jpg,images/CUIAST4F-CK63DA-3.jpg;images/CUIAST4F-CK63DA-1.jpg;images/CUIAST4F-CK63DA-2.jpg;images/CUIAST4F-CK63DA-4.jpg;images/CUIAST4F-CK63DA-5.jpg,oui,"Cette cuisinière Astech 4 feux dispose d'un four à gaz et d'un couvercle en verre pour protéger la table de cuisson. Elle convient pour cuisiner au quotidien.

Points forts
• 4 feux et four à gaz intégrés
• Couvercle en verre de protection
• Allumage facile avec contrôle précis de la flamme
• Présence d'un minuteur

Caractéristiques
Capacité : 4 feux
Couleur : Gris
Hauteur : 87 cm
Équipements : Four et grill, minuteur, couvercle en verre"
CUIAST4F-EL31GE,Astech,cuisinière Astech 4feux 60x60 3feux gaz 1feux electrique + four a gaz el31gel,cuisson,Cuisinières,126500,cuisine,jour,4 feux,Capacité: 4 feux | Garantie: 12 mois,images/CUIAST4F-EL31GE-1.jpg,images/CUIAST4F-EL31GE-1.jpg,oui,"Cette cuisinière Astech de 4 brûleurs intègre un four à gaz et un plateau émaillé. Elle est conçue pour la cuisson de vos repas de tous les jours.

Points forts
• 4 brûleurs polyvalents
• Four à gaz avec plateau émaillé
• Grill à gaz inclus

Caractéristiques
Capacité : 4 feux
Nombre de brûleurs : 4
Hauteur : 84 cm
Équipements : 1 plateau, 1 grillage"
CUIAST4F-60X62M,Astech,cuisinière Astech 4feux 60x60 a gaz avec four a gaz Inox ck62msfrm,cuisson,Cuisinières,126500,cuisine,jour,4 feux,Capacité: 4 feux | Couleur: Inox | Garantie: 12 mois,images/CUIAST4F-60X62M-1.jpg,images/CUIAST4F-60X62M-1.jpg,oui,"Cette cuisinière Astech en Inox est équipée de 4 feux et d'un four à gaz avec porte vitrée miroir. Elle offre plusieurs fonctionnalités pratiques pour la cuisine.

Points forts
• Table de cuisson à 4 feux
• Four à gaz avec grill et tourne-broche
• Allumage électrique et thermostat
• Présence d'un minuteur et d'une lampe de four

Caractéristiques
Capacité : 4 feux
Couleur : Inox
Profondeur : 56 cm
Équipements : Tourne-broche, allumage électrique, thermostat, minuterie, lampe de four"
CUIAST4F-CS60MI,Astech,cuisinière Astech 4feux 60x60 a gaz avec four a gaz Inox mis csi60ms,cuisson,Cuisinières,110000,cuisine,jour,4 feux,Capacité: 4 feux | Couleur: Inox | Garantie: 12 mois,images/CUIAST4F-CS60MI-1.jpg,images/CUIAST4F-CS60MI-1.jpg,oui,"Cette cuisinière Astech en acier propose 4 brûleurs à gaz et un four à gaz. Elle est idéale pour préparer vos plats en toute simplicité.

Points forts
• 4 brûleurs à gaz et four à gaz
• Couvercle en verre pour la table de cuisson
• Tourne-broche et allumage électrique intégrés

Caractéristiques
Capacité : 4 feux
Couleur : Gris
Dimensions : 60 x 60 x 90 cm
Profondeur : 52 cm
Matière de la table : Acier"
CUIAST4F-CK78PL,Astech,cuisinière Astech 4feux 60x60 electrique avec four elctrique Inox ck78plfoel,cuisson,Cuisinières,126500,cuisine,jour,4 feux,Capacité: 4 feux | Couleur: Inox | Garantie: 12 mois,images/CUIAST4F-CK78PL-1.jpg,images/CUIAST4F-CK78PL-1.jpg;images/CUIAST4F-CK78PL-4.jpg;images/CUIAST4F-CK78PL-2.jpg;images/CUIAST4F-CK78PL-3.jpg,oui,"Cette cuisinière électrique Astech dispose de 4 foyers vitrocéramiques et d'un four électrique. Elle est adaptée pour une cuisine moderne et fonctionnelle.

Points forts
• 4 foyers vitrocéramiques
• Four électrique avec chaleur tournante
• Minuterie digitale et tourne-broche
• Lumière intégrée

Caractéristiques
Capacité : 4 feux
Couleur : Inox
Dimensions : 60 / 60
Hauteur sur pied : 78 cm
Type de foyer : Vitrocéramique"
CUIAST4F-EL04EL,Astech,cuisinière Astech 4feux 60x60 electrique avec four electrique gris el04ele,cuisson,Cuisinières,126500,cuisine,jour,4 feux,Capacité: 4 feux | Couleur: Gris | Garantie: 12 mois,images/CUIAST4F-EL04EL-1.jpg,images/CUIAST4F-EL04EL-1.jpg,oui,"Cette cuisinière électrique Astech est dotée de 4 feux et d'un four. Elle convient parfaitement pour la cuisson quotidienne de vos repas.

Points forts
• 4 feux électriques
• Présence d'un four et d'un grill
• Tourne-broche inclus

Caractéristiques
Capacité : 4 feux
Couleur : Gris
Dimensions : 60 / 60
Hauteur : 81 cm"
CUISINIERE-ASTECH-4FEUX-60X60-INOX-CK62MSFRM,Astech,cuisinière Astech 4feux 60x60 Inox ck62msfrm,cuisson,Cuisinières,126500,cuisine,jour,4 feux,Capacité: 4 feux | Couleur: Inox | Garantie: 12 mois,images/CUISINIERE-ASTECH-4FEUX-60X60-INOX-CK62MSFRM-1.jpg,images/CUISINIERE-ASTECH-4FEUX-60X60-INOX-CK62MSFRM-1.jpg,oui,"Cette cuisiniere Astech de 4 feux dispose d un four integre avec grill a gaz et tournebroche pour preparer vos repas au quotidien.

Points forts
• Quatre foyers de cuisson
• Four dote d un allumage electrique et d un minuteur
• Tournebroche et eclairage de four integres
• Finition en acier inoxydable et porte vitree miroir

Caractéristiques
Nombre de feux : 4
Couleur : Inox
Dimensions : 60 x 60 x 90 cm
Profondeur : 56 cm
Equipement four : Plateau emaille, grill a gaz, tournebroche, eclairage"
CUIAST5F-80MIS0,Astech,cuisinière Astech 5feux 80x60 a gaz avec four a gaz full option Inox 80mis,cuisson,Cuisinières,187000,cuisine,jour,5 feux,Capacité: 5 feux | Couleur: Inox | Garantie: 12 mois,images/CUIAST5F-80MIS0-2.png,images/CUIAST5F-80MIS0-2.png;images/CUIAST5F-80MIS0-5.png;images/CUIAST5F-80MIS0-1.png;images/CUIAST5F-80MIS0-3.png;images/CUIAST5F-80MIS0-4.png,oui,"Cette cuisiniere Astech propose 5 foyers de cuisson dont un foyer wok et un four a gaz spacieux avec eclairage interieur.

Points forts
• Cinq foyers de cuisson avec bruleur wok central
• Four principal equipe d un tournebroche
• Allumage par bouton poussoir
• Couvercle en verre de protection

Caractéristiques
Nombre de feux : 5 feux (4 gaz + 1 wok)
Couleur : Inox
Dimensions : 82,5 x 61 x 84 cm
Profondeur : 53 cm
Puissance foyer central : 3,6 kW
Compartiment inferieur : Porte rabattable"
CUIAST5F-CK95BS,Astech,cuisinière Astech 5feux 90x60 a gaz avec four a gaz avec porte bouteille ck95bsar,cuisson,Cuisinières,261900,cuisine,jour,5 feux,Capacité: 5 feux | Garantie: 12 mois,images/CUIAST5F-CK95BS-1.png,images/CUIAST5F-CK95BS-1.png;images/CUIAST5F-CK95BS-2.png,oui,"Cette cuisiniere Astech de 5 feux en acier inoxydable integre un four de 50 litres avec espace de rangement pour bouteille de gaz.

Points forts
• Cinq bruleurs pour cuisiner plusieurs plats
• Four d une capacite nette de 50 litres
• Rotissoire superieure et bruleur sous plateau
• Porte de four a double vitrage

Caractéristiques
Nombre de feux : 5
Matiere : Acier inoxydable
Capacite net du four : 50 L
Poids : 35 kg
Accessoires : Grilles et 1 plateau emaille"
CUIAST5F-CK93DA,Astech,cuisinière Astech 5feux 90x60+four a gaz full option gris ck93da010,cuisson,Cuisinières,241900,cuisine,jour,5 feux,Capacité: 5 feux | Couleur: Gris | Garantie: 12 mois,images/CUIAST5F-CK93DA-2.jpg,images/CUIAST5F-CK93DA-2.jpg;images/CUIAST5F-CK93DA-5.jpg;images/CUIAST5F-CK93DA-1.jpg;images/CUIAST5F-CK93DA-3.jpg;images/CUIAST5F-CK93DA-4.jpg,oui,"Cette cuisiniere Astech de 5 feux avec four a gaz de couleur grise convient pour la preparation de vos repas familiaux.

Points forts
• Cinq feux de cuisson
• Four a gaz integre

Caractéristiques
Nombre de feux : 5
Couleur : Gris"
CUIAST5F-CIS80M,Astech,cuisinière Astech 6feux 80x60 a gaz avec four a gaz Inox cis86ms,cuisson,Cuisinières,171900,cuisine,jour,6 feux,Capacité: 6 feux | Couleur: Inox | Garantie: 12 mois,images/CUIAST5F-CIS80M-3.jpg,images/CUIAST5F-CIS80M-3.jpg;images/CUIAST5F-CIS80M-1.jpg;images/CUIAST5F-CIS80M-2.jpg;images/CUIAST5F-CIS80M-4.jpg;images/CUIAST5F-CIS80M-5.jpg,oui,"Cette cuisiniere Astech possede 6 feux a gaz et un four equipe d un double grill et d un tournebroche.

Points forts
• Six feux a gaz pour de grandes preparatifs
• Four avec double grill et tournebroche
• Allumage electrique pratique
• Couvercle en verre de protection

Caractéristiques
Nombre de feux : 6 feux a gaz
Couleur : Inox
Dimensions : 80 x 60 cm
Profondeur : 55 cm"
CUIAST6F-EL42GE,Astech,cuisinière Astech 6feux 90x60 2feux electrique 4feux gaz + four a gaz el42gel,cuisson,Cuisinières,279900,cuisine,jour,6 feux,Capacité: 6 feux | Garantie: 12 mois,images/CUIAST6F-EL42GE-1.jpg,images/CUIAST6F-EL42GE-1.jpg,oui,"Cette cuisiniere Astech associe 4 feux a gaz et 2 foyers electriques avec un four dote d un double grill et d un tournebroche.

Points forts
• Six feux mixtes dont 4 a gaz et 2 electriques
• Four dote d un double grill
• Tournebroche et allumage electrique integres
• Finition full inox

Caractéristiques
Nombre de feux : 6 (4 gaz et 2 courant)
Type : Full Inox
Dimensions : 90 x 60 cm"
CUIBEK5F-GM1532,Beko,cuisinière Beko 5feux 90x60 a gaz full option ventilo + four electrique Inox bgm11226ex,cuisson,Cuisinières,389000,cuisine,jour,5 feux,Capacité: 5 feux | Couleur: Inox | Garantie: 12 mois,images/CUIBEK5F-GM1532-3.png,images/CUIBEK5F-GM1532-3.png;images/CUIBEK5F-GM1532-1.png;images/CUIBEK5F-GM1532-2.png;images/CUIBEK5F-GM1532-4.png;images/CUIBEK5F-GM1532-5.png,oui,"Cette cuisinière piano de cuisson Beko combine une table à gaz de 5 foyers et un four électrique multifonction d'une capacité de 111 litres. Elle convient pour la cuisson et la préparation de vos repas au quotidien.

Points forts
• Table de cuisson à 5 brûleurs à gaz
• Grand four électrique d'une capacité de 111 litres
• Mode de cuisson multifonction avec minuterie
• Nettoyage du four par catalyse

Caractéristiques
Nombre de feux : 5 feux
Couleur : Inox
Mode de cuisson : Multifonction avec minuterie
Type de cuisinière : Piano de cuisson
Type de four : Four Electrique
Type de nettoyage four : Catalyse
Type de carburant : Gaz
Facteur de forme : Autonome
Type de brûleur : Gaz
Capacité : 111 Litres
Efficacité : A
Type d'installation : Autonome
Éléments de chauffage : 5"
CUIBEK5F-BGGR11,Beko,cuisinière Beko 5feux 90x60 a gaz Inox bggr11125gx,cuisson,Cuisinières,377000,cuisine,jour,5 feux,Capacité: 5 feux | Couleur: Inox | Garantie: 12 mois,images/CUIBEK5F-BGGR11-3.png,images/CUIBEK5F-BGGR11-3.png;images/CUIBEK5F-BGGR11-1.png;images/CUIBEK5F-BGGR11-2.png;images/CUIBEK5F-BGGR11-4.png,oui,"Cette cuisinière Beko en inox dispose d'une table de cuisson de 5 feux à gaz. Elle s'intègre facilement dans votre cuisine pour la préparation de vos plats.

Points forts
• Table de cuisson à 5 feux à gaz
• Finition en couleur Inox

Caractéristiques
Capacité : 5 feux
Couleur : Inox"
CUIBEK5F-BGGR12,Beko,cuisinière Beko 5feux 90x60 a gaz noir bggr11225gb,cuisson,Cuisinières,377000,cuisine,jour,5 feux,Capacité: 5 feux | Couleur: Noir | Garantie: 12 mois,images/CUIBEK5F-BGGR12-2.jpg,images/CUIBEK5F-BGGR12-2.jpg;images/CUIBEK5F-BGGR12-1.jpg;images/CUIBEK5F-BGGR12-3.jpg,oui,"Cette cuisinière Beko de couleur noire est équipée d'une table de cuisson à 5 feux à gaz pour vos besoins de cuisine quotidiens.

Points forts
• Table de cuisson à 5 feux à gaz
• Finition en couleur Noir

Caractéristiques
Capacité : 5 feux
Couleur : Noir"
CUIBEK5F-BGM212,Beko,cuisinière Beko 6feux 90x60 a gaz + 2 plaques de cuisson Inox bgm21225ex,cuisson,Cuisinières,409000,cuisine,jour,6 feux,Capacité: 6 feux | Couleur: Inox | Garantie: 12 mois,images/CUIBEK5F-BGM212-1.jpg,images/CUIBEK5F-BGM212-1.jpg;images/CUIBEK5F-BGM212-2.jpg;images/CUIBEK5F-BGM212-3.jpg,oui,"Cette cuisinière Beko en inox est dotée de 6 feux à gaz et de 2 plaques de cuisson pour cuisiner vos plats en toute simplicité.

Points forts
• Table de cuisson de 6 feux à gaz
• Comporte 2 plaques de cuisson
• Finition en couleur Inox

Caractéristiques
Capacité : 6 feux
Couleur : Inox"
CUICAC4F-CAC50F,Cac,cuisinière cac 4feux 50x50 full option Inox cac50f,cuisson,Cuisinières,99000,cuisine,jour,4 feux,Capacité: 4 feux | Couleur: Inox | Garantie: 12 mois,images/CUICAC4F-CAC50F-1.jpg,images/CUICAC4F-CAC50F-1.jpg,oui,"Cette cuisinière CAC de dimensions 50x50 cm en inox comprend 4 brûleurs à gaz et un four avec plateau émaillé et gril à gaz.

Points forts
• 4 brûleurs à gaz
• Four avec plateau émaillé
• Gril à gaz intégré
• Format compact 50x50 cm

Caractéristiques
Capacité : 4 feux
Couleur : Inox
Dimensions : 50 x 50 cm
Type de four : Four avec plateau émaillé et gril à gaz"
CUICAC5F-CAC90G,Cac,cuisinière cac 5feux 90x60 Inox full option cac90g,cuisson,Cuisinières,223400,cuisine,jour,5 feux,Capacité: 5 feux | Couleur: Inox | Garantie: 12 mois,images/CUICAC5F-CAC90G-1.jpg,images/CUICAC5F-CAC90G-1.jpg;images/CUICAC5F-CAC90G-2.jpg,oui,"Cette cuisinière CAC de dimensions 90x60 cm en inox dispose d'une table de cuisson en acier avec 5 brûleurs à gaz et d'un four avec gril à gaz.

Points forts
• Table de cuisson en acier à 5 brûleurs à gaz
• Four équipé d'un plateau émaillé
• Gril à gaz intégré
• Grande dimension 90x60 cm

Caractéristiques
Capacité : 5 feux
Couleur : Inox
Dimensions : 90 x 60 cm
Type de four : Four avec plateau émaillé et gril à gaz"
CUIELA4F-50X50S,Elactron,cuisinière Elactron 4feux 50x50 Inox el5050,cuisson,Cuisinières,99000,cuisine,jour,4 feux,Capacité: 4 feux | Couleur: Inox | Garantie: 12 mois,images/CUIELA4F-50X50S-1.jpg,images/CUIELA4F-50X50S-1.jpg;images/CUIELA4F-50X50S-4.jpg;images/CUIELA4F-50X50S-2.jpg;images/CUIELA4F-50X50S-3.jpg;images/CUIELA4F-50X50S-5.jpg,oui,"Cette cuisinière simple Elactron est équipée de 4 feux à gaz. Elle convient pour la cuisson quotidienne dans votre cuisine.

Points forts
• 4 feux à gaz
• Dimensions de 50x50
• Finition en inox

Caractéristiques
Nombre de feux : 4
Type de foyer : Gaz
Taille : 50x50 cm
Couleur : Inox"
CUIELA4F-EL6031,Elactron,cuisinière Elactron 4feux 60x60 3feux a gaz 1feux electrique el6031,cuisson,Cuisinières,167000,cuisine,jour,4 feux,Capacité: 4 feux | Garantie: 12 mois,images/CUIELA4F-EL6031-2.png,images/CUIELA4F-EL6031-2.png;images/CUIELA4F-EL6031-1.png;images/CUIELA4F-EL6031-3.png;images/CUIELA4F-EL6031-4.png,oui,"La cuisinière mixte Elactron propose 4 foyers incluant 3 feux à gaz et 1 foyer électrique, ainsi qu'un four à gaz.

Points forts
• 4 foyers dont 3 à gaz et 1 électrique
• Equipée d'un four à gaz
• Conception en inox

Caractéristiques
Type de produit : Cuisinière mixte
Nombre de foyers : 4 (3 à gaz et 1 électrique)
Type de four : Four à gaz
Dimensions : 60x60 cm
Matériau : Inox"
CUIELA4F-EL5757,Elactron,cuisinière Elactron 4feux 60x60 gris el5757,cuisson,Cuisinières,109000,cuisine,jour,4 feux,Capacité: 4 feux | Couleur: Gris | Garantie: 12 mois,images/CUIELA4F-EL5757-3.jpg,images/CUIELA4F-EL5757-3.jpg;images/CUIELA4F-EL5757-1.jpg;images/CUIELA4F-EL5757-2.jpg;images/CUIELA4F-EL5757-4.jpg,oui,"Cette cuisinière à gaz Elactron dispose de 4 feux et d'un allumage électrique pour faciliter la préparation de vos repas.

Points forts
• 4 feux à gaz
• Allumage électrique
• Dimensions de 60x60 cm

Caractéristiques
Nombre de feux : 4
Type de foyer : Gaz
Allumage : Electrique
Matière : Inox
Dimensions : 60x60 cm
Couleur : Gris"
CUIELA5F-90X60S,Elactron,cuisinière Elactron 5feux 90x60 Inox el6090,cuisson,Cuisinières,251900,cuisine,jour,5 feux,Capacité: 5 feux | Couleur: Inox | Garantie: 12 mois,images/CUIELA5F-90X60S-2.jpg,images/CUIELA5F-90X60S-2.jpg;images/CUIELA5F-90X60S-5.jpg;images/CUIELA5F-90X60S-1.jpg;images/CUIELA5F-90X60S-3.jpg;images/CUIELA5F-90X60S-4.jpg,oui,"Cette cuisinière à gaz Elactron intègre 5 feux pour cuisiner plusieurs plats en même temps dans un espace de 60x90 cm.

Points forts
• 5 feux à gaz
• Structure en inox
• Dimensions de 60x90 cm

Caractéristiques
Nombre de feux : 5
Type de foyer : Gaz
Matière : Inox
Dimensions : 60x90 cm"
CUIFER5F-F9P50G,Ferre,cuisinière ferre 5feux 90x60 a gaz gris f9p50g2di,cuisson,Cuisinières,266800,cuisine,jour,5 feux,Capacité: 5 feux | Couleur: Gris | Garantie: 12 mois,images/CUIFER5F-F9P50G-1.png,images/CUIFER5F-F9P50G-1.png;images/CUIFER5F-F9P50G-4.png;images/CUIFER5F-F9P50G-2.png;images/CUIFER5F-F9P50G-3.png,oui,"Cette cuisinière Ferre propose 5 feux à gaz au format 90x60 cm avec une finition de couleur grise.

Points forts
• 5 feux à gaz
• Format 90x60 cm
• Coloris gris

Caractéristiques
Nombre de feux : 5
Type de foyer : Gaz
Couleur : Gris"
CUIFER5F-90X60G,Ferre,cuisinière ferre 5feux 90x60 Inox f9p50g2,cuisson,Cuisinières,266800,cuisine,jour,5 feux,Capacité: 5 feux | Couleur: Inox | Garantie: 12 mois,images/CUIFER5F-90X60G-1.jpg,images/CUIFER5F-90X60G-1.jpg,oui,"Cette cuisinière Ferre en inox est équipée de 5 feux à gaz et d'un four à gaz avec tourne-broche électrique.

Points forts
• 5 feux à gaz
• Four à gaz avec tourne-broche électrique
• Briquet électrique et minuterie intégrés
• Porte de four en double verre

Caractéristiques
Nombre de feux : 5
Type de foyer : Gaz
Type de four : Four à gaz
Equipement : Tourne-broche électrique, minuterie, briquet électrique
Porte : Double verre
Dimensions : 90x90x60 cm
Couleur : Inox"
CUIFIN5F-G95NDM,Finix,cuisinière finix 5feux 90x60 Inox g95ndm (62v12t2g1x),cuisson,Cuisinières,243000,cuisine,jour,5 feux,Capacité: 5 feux | Couleur: Inox | Garantie: 12 mois,images/CUIFIN5F-G95NDM-2.png,images/CUIFIN5F-G95NDM-2.png;images/CUIFIN5F-G95NDM-5.png;images/CUIFIN5F-G95NDM-1.jpg;images/CUIFIN5F-G95NDM-3.png;images/CUIFIN5F-G95NDM-4.png,oui,"Cette cuisinière à 5 feux dispose d'un four à gaz de 130 litres avec rôtissoire et thermostat. Elle convient pour la cuisson et la préparation de vos repas quotidiens.

Points forts
• Cinq feux avec allumage électrique et supports en fonte
• Grand four de 130 litres avec rôtissoire intégrée
• Porte de four à double vitrage avec lampe
• Compartiment chauffe-vaisselle et minuterie mécanique

Caractéristiques
Nombre de feux : 5 feux
Couleur : Inox
Capacité du four : 130 Litres
Dimensions : 90 x 60 cm
Couvercle : Verre trempé
Équipement : Un plateau et une grille"
CUISINIERE-FRESH-5FEUX-90X60-A-GAZ-GRIS-14003-CB,Fresh,cuisinière Fresh 5feux 90x60 a gaz gris 14003 cb,cuisson,Cuisinières,202000,cuisine,jour,5 feux,Capacité: 5 feux | Couleur: Gris | Garantie: 12 mois,images/CUISINIERE-FRESH-5FEUX-90X60-A-GAZ-GRIS-14003-CB-1.jpg,images/CUISINIERE-FRESH-5FEUX-90X60-A-GAZ-GRIS-14003-CB-1.jpg,oui,"Cette cuisinière à gaz de 5 feux est équipée d'un four avec rôtissoire et d'un minuteur de 60 minutes. Elle est adaptée pour cuisiner facilement au quotidien.

Points forts
• Cinq brûleurs à gaz avec allumage automatique
• Four équipé d'une rôtissoire et d'une lampe
• Minuteur de 60 minutes
• Compartiment de réchaud pratique

Caractéristiques
Nombre de feux : 5 feux
Couleur : Gris
Dimensions : 90 x 60 cm
Fonctionnalités : Gril à porte fermée"
CUIFRE5F-90X601,Fresh,cuisinière Fresh 5feux 90x60 a gaz gris 14003 cb,cuisson,Cuisinières,202000,cuisine,jour,5 feux,Capacité: 5 feux | Couleur: Gris | Garantie: 12 mois,images/CUIFRE5F-90X601-1.jpg,images/CUIFRE5F-90X601-1.jpg,oui,"Cette cuisinière à gaz de 5 feux intègre un four avec rôtissoire et un minuteur. Elle répond aux besoins de cuisson de la maison.

Points forts
• Cinq brûleurs avec allumage automatique
• Four avec rôtissoire et lampe intégrée
• Minuteur de 60 minutes
• Compartiment de réchaud et fonction gril à porte fermée

Caractéristiques
Nombre de feux : 5 feux
Couleur : Gris
Dimensions : 90 x 60 cm"
CUIGRE4F-50X50G,Autre Marque,cuisinière green 4feux 50x50 a gaz gris gn50g,cuisson,Cuisinières,95000,cuisine,jour,4 feux,Capacité: 4 feux | Couleur: Gris | Garantie: 12 mois,images/CUIGRE4F-50X50G-1.jpg,images/CUIGRE4F-50X50G-1.jpg,oui,"Cette cuisinière à 4 feux dispose d'un brûleur à four unique et d'un couvercle en verre transparent. Elle convient pour les cuisines de taille standard.

Points forts
• Quatre brûleurs tubulaires en aluminium
• Couvercle en verre transparent
• Grille en fer émaillé et poignée en aluminium

Caractéristiques
Nombre de feux : 4 feux
Couleur : Gris
Dimensions : 50 x 50 x 86 cm
Brûleur de four : Unique bas"
CUIHUM5F-90X60H,Autre Marque,cuisinière hamburg 5feux 90x60 a gaz,cuisson,Cuisinières,195000,cuisine,jour,5 feux,Capacité: 5 feux | Garantie: 12 mois,images/CUIHUM5F-90X60H-1.jpg,images/CUIHUM5F-90X60H-1.jpg,oui,"Cette cuisinière offre une capacité de 5 feux pour la cuisson de vos plats au quotidien.

Points forts
• Capacité de 5 feux

Caractéristiques
Nombre de feux : 5 feux
Dimensions : 90 x 60 cm"
CUIHIS4F-HFG501,Hisense,cuisinière Hisense 4feux 50x50 a gaz noir hfg50111b,cuisson,Cuisinières,128000,cuisine,jour,4 feux,Capacité: 4 feux | Couleur: Noir | Garantie: 12 mois,images/CUIHIS4F-HFG501-1.png,images/CUIHIS4F-HFG501-1.png,oui,"Cette cuisinière à 4 feux intègre un système d'auto-allumage et une poêle à convection. Elle est conçue pour faciliter la cuisson et le nettoyage.

Points forts
• Auto-allumage des feux
• Porte vitrée à double vitrage
• Intérieur facile à nettoyer
• Dispositif de défaillance de flamme et compartiment de rangement

Caractéristiques
Nombre de feux : 4 feux
Couleur : Noir
Équipement : Poêle à convection"
CUIHIS4F-60X60G,Hisense,cuisinière Hisense 4feux 60x60 a gaz Inox hfg60122x,cuisson,Cuisinières,156000,cuisine,jour,4 feux,Capacité: 4 feux | Couleur: Inox | Garantie: 12 mois,images/CUIHIS4F-60X60G-2.jpg,images/CUIHIS4F-60X60G-2.jpg;images/CUIHIS4F-60X60G-1.jpg;images/CUIHIS4F-60X60G-3.webp,oui,"Cette cuisinière à gaz Hisense est équipée de 4 foyers et dispose d'un four d'un volume de 67 litres. Elle convient pour la cuisson quotidienne de vos plats.

Points forts
• 4 feux à gaz
• Volume du four : 67 l
• Système d'auto-allumage intégré

Caractéristiques
Type de produit : Cuisinière à gaz
Nombre de feux : 4
Volume du four : 67 l
Couleur : Inox"
CUIHIS5F-90X60H,Hisense,cuisinière Hisense 5feux 90x60 a gaz gris hfg90335rx,cuisson,Cuisinières,315200,cuisine,jour,5 feux,Capacité: 5 feux | Couleur: Gris | Garantie: 12 mois,images/CUIHIS5F-90X60H-3.png,images/CUIHIS5F-90X60H-3.png;images/CUIHIS5F-90X60H-1.jpg;images/CUIHIS5F-90X60H-2.png;images/CUIHIS5F-90X60H-4.png;images/CUIHIS5F-90X60H-5.png,oui,"Cette cuisinière debout à gaz Hisense intègre 5 brûleurs pour préparer vos repas. Son format s'intègre facilement dans votre cuisine.

Points forts
• 5 brûleurs à gaz
• Dimensions : 90 x 65 x 84 cm
• Alimentation standard 220-240V

Caractéristiques
Type de produit : Cuisinière debout à gaz
Nombre de brûleurs : 5
Couleur : Gris
Tension : 220-240 V
Fréquence : 50-60 Hz
Dimensions (L x P x H) : 90 x 65 x 84 cm"
CUIHIS4F-90X60C,Hisense,cuisinière Hisense 6feux 90x60 4feux a gaz 2feux electrique + four electrique gris hf942gees,cuisson,Cuisinières,394900,cuisine,jour,6 feux,Capacité: 6 feux | Couleur: Gris | Garantie: 12 mois,images/CUIHIS4F-90X60C-1.jpg,images/CUIHIS4F-90X60C-1.jpg,oui,"Cette cuisinière Hisense de 90 cm combine 4 foyers gaz et 2 foyers électriques avec un four électrique. Elle offre un équipement complet pour cuisiner.

Points forts
• 4 brûleurs gaz et 2 cuisinières électriques
• Four électrique avec 6 fonctions
• Présence d'un brûleur Wok
• Deux ventilateurs à convection

Caractéristiques
Type de foyers : 4 feux gaz et 2 électriques
Type de four : Électrique
Largeur : 90 cm
Finition : Mat
Fonctions du four : 6
Sécurité : Dispositif de panne de flamme"
CUIHOT4F-HS67G2,Autre Marque,cuisinière hotpoint 4feux a gaz 60x60 four a gaz gris hs67g2pmx/it/1,cuisson,Cuisinières,285800,cuisine,jour,4 feux,Capacité: 4 feux | Couleur: Gris | Garantie: 12 mois,images/CUIHOT4F-HS67G2-1.jpg,images/CUIHOT4F-HS67G2-1.jpg;images/CUIHOT4F-HS67G2-4.png;images/CUIHOT4F-HS67G2-2.png;images/CUIHOT4F-HS67G2-3.png;images/CUIHOT4F-HS67G2-5.png,oui,"Cette cuisinière Hotpoint pose libre est dotée de 4 brûleurs et d'un four conventionnel. Elle offre une classe d'efficacité énergétique A+.

Points forts
• 4 brûleurs
• Classe d'efficacité énergétique A+
• Largeur de 60 cm

Caractéristiques
Type de pose : Pose libre
Nombre de brûleurs : 4
Couleur : Gris
Largeur : 60 cm
Profondeur : 650 mm
Classe d'efficacité énergétique : A+
Consommation d'énergie conventionnelle : 1,4 kWh
Méthode de cuisson : Conventionnel"
CUIIND4F-IS67G2,Autre Marque,cuisinière indesit 4feux a gaz 60x60 four a gaz gris is67g1pcx/mea,cuisson,Cuisinières,185000,cuisine,jour,4 feux,Capacité: 4 feux | Couleur: Gris | Garantie: 12 mois,images/CUIIND4F-IS67G2-1.jpg,images/CUIIND4F-IS67G2-1.jpg;images/CUIIND4F-IS67G2-4.png;images/CUIIND4F-IS67G2-2.png;images/CUIIND4F-IS67G2-3.png;images/CUIIND4F-IS67G2-5.png,oui,"Cette cuisinière Indesit dispose de 4 foyers à gaz et d'une cavité de four de 75 litres. Elle intègre un gril et un foyer puissant.

Points forts
• Volume du four de 75 litres
• Classe énergétique A+
• Foyer le plus puissant de 3000 W
• Puissance du gril de 2600 W

Caractéristiques
Type de cuisinière : Cuisinière à gaz
Nombre de foyers : 4
Classe énergétique : A+
Volume du four : 75 l
Puissance du foyer le plus puissant : 3000 W
Puissance totale des foyers : 8000 W
Puissance du gril : 2600 W
Nombre de cavités : 1
Largeur : 60 cm
Profondeur : 60 cm
Hauteur : 84,40 cm
Poids : 52 kg"
CUILG4F-G6060IN,LG,cuisinière LG 4feux 60x60 gris fa211rma,cuisson,Cuisinières,365800,cuisine,jour,4 feux,Capacité: 4 feux | Couleur: Gris | Garantie: 12 mois,images/CUILG4F-G6060IN-1.jpg,images/CUILG4F-G6060IN-1.jpg;images/CUILG4F-G6060IN-4.jpg;images/CUILG4F-G6060IN-2.jpg;images/CUILG4F-G6060IN-3.jpg;images/CUILG4F-G6060IN-5.jpg,oui,"Cette cuisinière LG fonctionne au gaz et propose 4 brûleurs ainsi qu'un four avec rôtissoire. Elle dispose de commandes électroniques et d'un minuteur mécanique.

Points forts
• Plaque de cuisson supérieure à 4 brûleurs à gaz
• Volume utile du four de 53 litres
• Fonction rôtissoire intégrée
• Dispositif d'extinction de flamme

Caractéristiques
Élément chauffant : Gaz (GPL/GNL)
Largeur : 60 cm
Nombre de zones de cuisson : 4
Volume utile : 53 l
Température maximale : 270 °C
Poids net : 43,5 kg
Poids brut : 45,8 kg
Dimensions (H x L x P) : 900 x 600 x 600 mm"
CUILG5F-FA415RM,LG,cuisinière LG 5feux 90x60 gris fa415rma,cuisson,Cuisinières,462100,cuisine,jour,5 feux,Capacité: 5 feux | Couleur: Gris | Garantie: 12 mois,images/CUILG5F-FA415RM-2.webp,images/CUILG5F-FA415RM-2.webp;images/CUILG5F-FA415RM-1.webp;images/CUILG5F-FA415RM-4.webp;images/CUILG5F-FA415RM-3.webp,oui,"Cette cuisinière LG dispose de 5 feux pour préparer vos repas. Elle est équipée d'un grill, d'une rôtissoire et d'un dispositif d'extinction de flamme.

Points forts
• Table de cuisson à 5 feux
• Grill et rôtissoire intégrés
• Dispositif d'extinction de flamme
• Vitre de porte amovible

Caractéristiques
Nombre de feux : 5
Couleur : Gris"
CUIMID4F-4G082S,Midea,cuisinière Midea 4feux 50x55 gris sp5055t082sg,cuisson,Cuisinières,94000,cuisine,jour,4 feux,Capacité: 4 feux | Couleur: Gris | Garantie: 12 mois,images/CUIMID4F-4G082S-1.jpg,images/CUIMID4F-4G082S-1.jpg;images/CUIMID4F-4G082S-2.jpg,oui,"Cette cuisinière Midea de couleur gris comporte 4 feux et un four à gaz. Elle intègre un gril à gaz et un éclairage intérieur.

Points forts
• 4 feux
• Four à gaz avec éclairage intérieur
• Gril à gaz
• Couvercle en verre

Caractéristiques
Nombre de feux : 4
Couleur : Gris
Dimensions (L x P x H) : 49,3 x 55,6 x 85 cm
Type de four : Four à gaz
Couvercle : Couvercle en verre"
CUIMID4F-4G082B,Midea,cuisinière Midea 4feux 50x55 noir sp5055t082bg,cuisson,Cuisinières,94000,cuisine,jour,4 feux,Capacité: 4 feux | Couleur: Noir | Garantie: 12 mois,images/CUIMID4F-4G082B-2.jpg,images/CUIMID4F-4G082B-2.jpg;images/CUIMID4F-4G082B-1.jpg,oui,"Cette cuisinière Midea noire et argentée offre 4 feux et un four à gaz. Elle dispose également d'un gril à gaz et d'un éclairage intérieur.

Points forts
• 4 feux
• Four à gaz et gril à gaz
• Éclairage intérieur
• Couvercle en verre

Caractéristiques
Nombre de feux : 4
Couleur : Noir et gris
Dimensions (L x P x H) : 49,3 x 55,6 x 85 cm
Type de four : Four à gaz
Couvercle : Couvercle en verre"
CUIMID4F-4G059I,Midea,cuisinière Midea 4feux 60x60 Inox 24bmg4g057/059,cuisson,Cuisinières,147000,cuisine,jour,4 feux,Capacité: 4 feux | Couleur: Inox | Garantie: 12 mois,images/CUIMID4F-4G059I-1.jpg,images/CUIMID4F-4G059I-1.jpg;images/CUIMID4F-4G059I-2.jpg;images/CUIMID4F-4G059I-3.jpg,oui,"Cette cuisinière Midea en inox est dotée de 4 feux et d'un four à gaz avec gril. Elle comprend une rôtisserie et un éclairage.

Points forts
• 4 feux brûleurs ouverts
• Four à gaz avec gril et rôtisserie
• Porte de four en verre à 2 couches
• Pieds réglables

Caractéristiques
Nombre de feux : 4
Couleur : Inox
Dimensions : 60 x 60 cm
Type de four : Four à gaz
Couvercle : Couvercle en verre"
CUIMID5F-90X60I,Midea,cuisinière Midea 5feux 90x60 a gaz Inox 90605g030,cuisson,Cuisinières,285800,cuisine,jour,5 feux,Capacité: 5 feux | Couleur: Inox | Garantie: 12 mois,images/CUIMID5F-90X60I-2.jpg,images/CUIMID5F-90X60I-2.jpg;images/CUIMID5F-90X60I-1.jpg;images/CUIMID5F-90X60I-3.jpg,oui,"Cette cuisinière Midea en inox propose 5 feux et un four à gaz spacieux. Elle est équipée d'une rôtisserie, d'un thermostat et d'une minuterie.

Points forts
• 5 feux avec 3 grilles en fonte
• Four à gaz avec thermostat et minuterie
• Rôtisserie et éclairage
• Porte de four en verre à 2 couches

Caractéristiques
Nombre de feux : 5
Couleur : Inox
Voltage : 220V – 240V
Fréquence : 50Hz – 60Hz
Dimensions : 90 x 60 cm
Dimensions exactes : 900 x 580 x 769 mm
Type de four : Four à gaz
Couvercle : Couvercle en verre"
CUISINIERE-ROCH-4-FEUX-60X60-FULL-OPTION-NOIR-RGC60G4GB,Roch,cuisinière Roch 4 feux 60x60 full option noir rgc60g4gb,cuisson,Cuisinières,145000,cuisine,jour,4 feux,Capacité: 4 feux | Couleur: Noir | Garantie: 12 mois,images/CUISINIERE-ROCH-4-FEUX-60X60-FULL-OPTION-NOIR-RGC60G4GB-1.jpg,images/CUISINIERE-ROCH-4-FEUX-60X60-FULL-OPTION-NOIR-RGC60G4GB-1.jpg,oui,"Cette cuisinière Roch de couleur noire est conçue avec 4 feux pour un usage domestique quotidien.

Points forts
• Capacité de 4 feux
• Coloris noir

Caractéristiques
Nombre de feux : 4
Couleur : Noir
Dimensions : 60 x 60 cm"
CUISINIERE-ROCH-4-FEUX-60X60-FULL-OPTION-NOIR-RGC60G4GB-2,Roch,cuisinière Roch 4 feux 60x60 full option noir rgc60g4gb,cuisson,Cuisinières,145000,cuisine,jour,4 feux,Capacité: 4 feux | Couleur: Noir | Garantie: 12 mois,images/CUISINIERE-ROCH-4-FEUX-60X60-FULL-OPTION-NOIR-RGC60G4GB-2-1.jpg,images/CUISINIERE-ROCH-4-FEUX-60X60-FULL-OPTION-NOIR-RGC60G4GB-2-1.jpg,oui,"Cette cuisinière Roch dispose de quatre feux et d'une finition noire. Elle s'intègre facilement dans votre cuisine pour vos préparations culinaires quotidiennes.

Points forts
• Equipée de 4 feux
• Coloris noir

Caractéristiques
Nombre de feux : 4
Couleur : Noir"
CUIROC4F-50/50A,Roch,cuisinière Roch 4feux 50x50 a gaz full option Inox rgc50,cuisson,Cuisinières,137000,cuisine,jour,4 feux,Capacité: 4 feux | Couleur: Inox | Garantie: 12 mois,,,oui,"Cette cuisinière Roch en inox propose quatre feux ainsi qu'un four et un grill à gaz. Elle est idéale pour cuisiner facilement vos plats au quotidien.

Points forts
• Four et grill à gaz intégrés
• Pieds ajustables pour un meilleur ajustement
• Plateau grille inclus

Caractéristiques
Nombre de feux : 4
Couleur : Inox
Equipement : Four et Grill à gaz, Plateau Grille, Pieds ajustables"
CUIROC4F-60X60F,Roch,cuisinière Roch 4feux 60x60 full option noir rgc60g4gb,cuisson,Cuisinières,145000,cuisine,jour,4 feux,Capacité: 4 feux | Couleur: Noir | Garantie: 12 mois,images/CUIROC4F-60X60F-1.jpg,images/CUIROC4F-60X60F-1.jpg,oui,"Cette cuisinière Roch propose quatre feux et un design noir. Elle convient pour toutes vos cuissons au quotidien.

Points forts
• Capacité de 4 feux
• Design de couleur noire

Caractéristiques
Nombre de feux : 4
Couleur : Noir"
CUIROC5F-90X60I,Roch,cuisinière Roch 5feux 90x60 Inox f9l50 g2il/rgc90ss,cuisson,Cuisinières,226800,cuisine,jour,5 feux,Capacité: 5 feux | Couleur: Inox | Garantie: 12 mois,images/CUIROC5F-90X60I-2.jpg,images/CUIROC5F-90X60I-2.jpg;images/CUIROC5F-90X60I-1.jpg,oui,"Cette grande cuisinière Roch en inox est dotée de cinq feux et d'un four à gaz avec tournebroche. Elle convient pour préparer des repas variés et généreux.

Points forts
• Cinq feux avec brûleurs de différentes puissances
• Tournebroche pour poulet inclus
• Eclairage et minuterie intégrés au four
• Allumage par bouton

Caractéristiques
Nombre de feux : 5
Dimensions : 90 x 60 cm
Couleur : Inox
Tension : 220-240 V 50-60Hz
Puissance tournebroche : 6 W
Puissance éclairage du four : 25 W
Puissance brûleur grill : 4.85 KW
Puissance brûleur du four : 3.50 KW"
CUISMA4F-STC50B,Smart Technology,cuisinière Smart Technology 4feux 50x50 a gaz gris stc5050b,cuisson,Cuisinières,89500,cuisine,jour,4 feux,Capacité: 4 feux | Couleur: Gris | Garantie: 12 mois,images/CUISMA4F-STC50B-2.png,images/CUISMA4F-STC50B-2.png;images/CUISMA4F-STC50B-1.png,oui,"Cette cuisinière Smart Technology de couleur grise dispose de quatre feux. Elle répond à vos besoins de cuisson de tous les jours.

Points forts
• Dispose de 4 feux
• Coloris gris

Caractéristiques
Nombre de feux : 4
Couleur : Gris"
CUISMA4F-STC50S,Smart Technology,cuisinière Smart Technology 4feux 50x50 a gaz gris stc5050s,cuisson,Cuisinières,89500,cuisine,jour,4 feux,Capacité: 4 feux | Couleur: Gris | Garantie: 12 mois,images/CUISMA4F-STC50S-1.png,images/CUISMA4F-STC50S-1.png;images/CUISMA4F-STC50S-3.png;images/CUISMA4F-STC50S-2.jpg,oui,"Cette cuisinière à gaz Smart Technology grise est équipée de quatre feux et d'un four. Elle offre un format pratique pour cuisiner au quotidien.

Points forts
• Allumage automatique inclus
• Four intégré
• Finition en acier inoxydable recouvert d'émail

Caractéristiques
Type de produit : Cuisinière à gaz
Nombre de feux : 4
Dimensions : 50 x 50 cm
Poids : 12 kg
Couleur : Gris
Allumage : Automatique"
CUISMA4F-STC50P,Smart Technology,cuisinière Smart Technology 4feux 50x50 Inox stc5050pa,cuisson,Cuisinières,89500,cuisine,jour,4 feux,Capacité: 4 feux | Couleur: Inox | Garantie: 12 mois,images/CUISMA4F-STC50P-2.png,images/CUISMA4F-STC50P-2.png;images/CUISMA4F-STC50P-1.jpg,oui,"Cette cuisinière à gaz de quatre feux est conçue pour la cuisson quotidienne des repas. Elle intègre un four et un barbecue à gaz.

Points forts
• Quatre feux de cuisson
• Four à gaz intégré
• Fonction barbecue à gaz

Caractéristiques
Type de produit : Cuisinière à gaz
Nombre de feux : 4
Type de gaz : Butane
Pression de gaz : 2.8-3.0 Kpa
Couleur : Inox
Tension : 220V-240V
Fréquence : 50 Hz
Puissance : 15 W"
CUISMA5F-STC806,Smart Technology,cuisinière Smart Technology 5feux 80x60 a gaz rotisseur Inox stc8060c,cuisson,Cuisinières,178000,cuisine,jour,5 feux,Capacité: 5 feux | Couleur: Inox | Garantie: 12 mois,images/CUISMA5F-STC806-1.jpg,images/CUISMA5F-STC806-1.jpg;images/CUISMA5F-STC806-2.webp,oui,"Cette cuisinière à gaz dispose de cinq feux et d'un four avec tourne-broche pour préparer vos plats. Elle est dotée d'une finition en acier inoxydable.

Points forts
• Cinq feux de cuisson
• Four avec tourne-broche
• Allumage électrique
• Couvercle en vitre trempée

Caractéristiques
Type de produit : Cuisinière à gaz
Nombre de feux : 5
Couleur : Inox
Dimensions : 8010x640x850 mm
Poids : 39 Kg
Puissance : 19 W
Tension : 220 V
Fréquence : 50 Hz"
CUISMA5F-STC906,Smart Technology,cuisinière Smart Technology 5feux 90x60 a gaz rotisseur Inox stc9060c,cuisson,Cuisinières,216500,cuisine,jour,5 feux,Capacité: 5 feux | Couleur: Inox | Garantie: 12 mois,images/CUISMA5F-STC906-1.webp,images/CUISMA5F-STC906-1.webp;images/CUISMA5F-STC906-2.webp,oui,"Cette cuisinière à gaz de cinq feux offre un espace de cuisson adapté aux grands repas. Elle comprend un four avec tourne-broche et un minuteur.

Points forts
• Cinq foyers de cuisson
• Four avec tourne-broche
• Allumage électrique
• Minuteur et thermostat de réglage

Caractéristiques
Type de produit : Cuisinière à gaz
Nombre de feux : 5
Couleur : Inox
Dimensions : 965x675x855 mm
Finition : Acier inoxydable recouvert d'émail"
CUISINIERE-TECHNOLUX-INDUCTION-4FEUX-ELECTRIQUE-60X60-GRIS-TCX66FSXVTC,Technolux,cuisinière Technolux induction 4feux electrique 60x60 gris tcx66fsxvtc,cuisson,Cuisinières,276900,cuisine,jour,4 feux,Capacité: 4 feux | Couleur: Gris | Garantie: 12 mois,images/CUISINIERE-TECHNOLUX-INDUCTION-4FEUX-ELECTRIQUE-60X60-GRIS-TCX66FSXVTC-3.jpg,images/CUISINIERE-TECHNOLUX-INDUCTION-4FEUX-ELECTRIQUE-60X60-GRIS-TCX66FSXVTC-3.jpg;images/CUISINIERE-TECHNOLUX-INDUCTION-4FEUX-ELECTRIQUE-60X60-GRIS-TCX66FSXVTC-2.jpg;images/CUISINIERE-TECHNOLUX-INDUCTION-4FEUX-ELECTRIQUE-60X60-GRIS-TCX66FSXVTC-5.jpg;images/CUISINIERE-TECHNOLUX-INDUCTION-4FEUX-ELECTRIQUE-60X60-GRIS-TCX66FSXVTC-1.jpg;images/CUISINIERE-TECHNOLUX-INDUCTION-4FEUX-ELECTRIQUE-60X60-GRIS-TCX66FSXVTC-4.jpg,oui,"Cette cuisinière électrique à induction de quatre feux permet de cuisiner vos plats du quotidien. Son format carré s'intègre facilement dans la cuisine.

Points forts
• Quatre feux de cuisson
• Fonctionnement électrique
• Coloris gris

Caractéristiques
Type de produit : Cuisinière
Nombre de feux : 4
Type de foyer : Induction électrique
Dimensions : 60x60
Couleur : Gris"
CUITEC4F-50X50T,Smart Technology,cuisinière Tecnolux 4feux 50x55 Inox tec50cs,cuisson,Cuisinières,82500,cuisine,jour,4 feux,Capacité: 4 feux | Couleur: Inox | Garantie: 12 mois,images/CUITEC4F-50X50T-1.png,images/CUITEC4F-50X50T-1.png,oui,"Cette cuisinière de quatre feux est conçue pour la cuisson de vos repas de tous les jours.

Points forts
• Quatre feux de cuisson
• Coloris inox

Caractéristiques
Nombre de feux : 4
Couleur : Inox"
CUITEC4F-6060IN,Tecnolux,cuisinière Tecnolux 4feux 60x60 electrique induction Inox vf6054xxvg,cuisson,Cuisinières,250400,cuisine,jour,4 feux,Capacité: 4 feux | Couleur: Inox | Garantie: 12 mois,images/CUITEC4F-6060IN-2.png,images/CUITEC4F-6060IN-2.png;images/CUITEC4F-6060IN-5.png;images/CUITEC4F-6060IN-1.jpg;images/CUITEC4F-6060IN-4.png;images/CUITEC4F-6060IN-3.png,oui,"Cette cuisinière électrique à induction dispose de quatre zones de chauffe et d'un four avec tourne-broche. Elle offre des fonctionnalités pratiques pour cuisiner au quotidien.

Points forts
• Quatre zones de chauffe à induction
• Four électrique avec tourne-broche
• Classe énergétique A
• Porte vitrée double avec vitre intérieure amovible

Caractéristiques
Zones de chauffe : 4
Couleur : Inox
Classe énergétique : A
Tension : 220V – 240V
Fréquence : 50-60 Hz
Minuterie : Mécanique"
CUITEC4F-6060NO,Tecnolux,cuisinière Tecnolux 4feux 60x60 electrique induction noir vf6054xxvb,cuisson,Cuisinières,250400,cuisine,jour,4 feux,Capacité: 4 feux | Couleur: Noir | Garantie: 12 mois,images/CUITEC4F-6060NO-1.jpg,images/CUITEC4F-6060NO-1.jpg;images/CUITEC4F-6060NO-4.png;images/CUITEC4F-6060NO-3.png;images/CUITEC4F-6060NO-2.png;images/CUITEC4F-6060NO-5.png,oui,"Cette cuisinière électrique à induction dispose de quatre zones de chauffe et d'un four avec minuterie mécanique pour cuisiner facilement au quotidien.

Points forts
• Quatre zones de chauffe de puissances variables
• Four électrique avec tourne-broche et minuterie mécanique
• Classe énergétique A
• Porte vitrée double avec vitre intérieure amovible

Caractéristiques
Capacité : 4 feux
Couleur : Noir
Classe énergétique : A
Tension : 220V - 240V
Fréquence : 50-60Hz"
CUITEC4F-60CSNW,Smart Technology,cuisinière Tecnolux 4feux 60x60 tec60cs new,cuisson,Cuisinières,140000,cuisine,jour,4 feux,Capacité: 4 feux | Garantie: 12 mois,images/CUITEC4F-60CSNW-2.jpg,images/CUITEC4F-60CSNW-2.jpg;images/CUITEC4F-60CSNW-1.png;images/CUITEC4F-60CSNW-3.jpg,oui,"Cette cuisinière à gaz possède quatre feux et un four à gaz avec tourne-broche pour la cuisson de vos plats.

Points forts
• Quatre feux avec allume-gaz
• Four à cuisson à gaz avec tourne-broche
• Couvercle en verre
• Porte de four à trois vitres

Caractéristiques
Capacité : 4 feux
Couleur : Inox
Dimensions : 60 x 60 cm
Type du four : Cuisson à gaz
Nombre de brûleurs : 2"
CUITEC5F-TEC85I,Tecnolux,cuisinière Tecnolux 5feux 80x60 gris tec85,cuisson,Cuisinières,177500,cuisine,jour,5 feux,Capacité: 5 feux | Couleur: Gris | Garantie: 12 mois,images/CUITEC5F-TEC85I-1.png,images/CUITEC5F-TEC85I-1.png,oui,"Cette cuisinière offre cinq foyers de cuisson pour préparer vos repas en toute simplicité.

Points forts
• Cinq feux de cuisson
• Design de couleur gris

Caractéristiques
Capacité : 5 feux
Couleur : Gris"
CUITEC5F-90X60T,Tecnolux,cuisinière Tecnolux 5feux 90x60 a gaz Inox tec90,cuisson,Cuisinières,203000,cuisine,jour,5 feux,Capacité: 5 feux | Couleur: Inox | Garantie: 12 mois,images/CUITEC5F-90X60T-2.jpg,images/CUITEC5F-90X60T-2.jpg;images/CUITEC5F-90X60T-1.jpg,oui,"Cette cuisinière à cinq feux est équipée d'un four à gaz avec tourne-broche pour vos cuissons quotidiennes.

Points forts
• Cinq feux de cuisson
• Four à cuisson à gaz avec tourne-broche
• Fonction double grill et allume-gaz

Caractéristiques
Capacité : 5 feux
Couleur : Inox
Dimensions : 900 x 625 x 800 mm
Type du four : Cuisson à gaz
Voltage : 220v - 240v
Fréquence : 50/60Hz"
CUITEC5F-9060VI,Tecnolux,cuisinière Tecnolux 5feux 90x60 electrique induction ff9066xxvg,cuisson,Cuisinières,203000,cuisine,jour,5 feux,Capacité: 5 feux | Garantie: 12 mois,images/CUITEC5F-9060VI-1.png,images/CUITEC5F-9060VI-1.png;images/CUITEC5F-9060VI-4.png;images/CUITEC5F-9060VI-3.png;images/CUITEC5F-9060VI-2.png;images/CUITEC5F-9060VI-5.png,oui,"Cette cuisinière dispose de cinq zones de cuisson et d'un four électrique polyvalent avec ventilateur turbo et tourne-broche.

Points forts
• Cinq zones de cuisson dont une centrale ovale et double
• Four électrique avec six fonctions et ventilateur turbo
• Tourne-broche et double lampe de four
• Double porte vitrée avec vitesse intérieure amovible

Caractéristiques
Capacité : 5 feux
Dimensions : 90 x 60 cm
Couleur : Argent
Minuterie : Mécanique"
CUIUNI5F-90X60U,Autre Marque,cuisinière unionaire 5feux 90x60 full option Inox,cuisson,Cuisinières,208500,cuisine,jour,5 feux,Capacité: 5 feux | Couleur: Inox | Garantie: 12 mois,images/CUIUNI5F-90X60U-1.png,images/CUIUNI5F-90X60U-1.png;images/CUIUNI5F-90X60U-2.png,oui,"Cette cuisinière propose cinq foyers de cuisson pour répondre à vos besoins culinaires.

Points forts
• Cinq feux de cuisson
• Finition en couleur inox

Caractéristiques
Capacité : 5 feux
Couleur : Inox"
CUIVER5F-95NAGC,Autre Marque,cuisinière verta 5feux 90x60 a gaz gris 95nagcfm,cuisson,Cuisinières,209500,cuisine,jour,5 feux,Capacité: 5 feux | Couleur: Gris | Garantie: 12 mois,images/CUIVER5F-95NAGC-2.png,images/CUIVER5F-95NAGC-2.png;images/CUIVER5F-95NAGC-1.jpg,oui,"Cette cuisinière dispose de cinq foyers pour vos préparations culinaires quotidiennes. Elle arbore une finition de couleur grise.

Points forts
• Equipée de 5 feux
• Coloris gris

Caractéristiques
Nombre de feux : 5
Couleur : Gris"
FOUAST61-FO613E,Astech,Four Astech encastrable 60x60 electrique gris fo613el60nogma,cuisson,Fours,142500,four,jour,,Type: Encastrable | Couleur: Gris | Garantie: 12 mois,images/FOUAST61-FO613E-1.jpg,images/FOUAST61-FO613E-1.jpg,oui,"Ce four encastrable électrique de couleur grise s'intègre facilement dans votre cuisine pour la cuisson de vos plats.

Points forts
• Modèle encastrable
• Coloris gris

Caractéristiques
Type : Encastrable
Couleur : Gris"
FOUBEK60-E11030,Beko,Four Beko encastrable electrique + plaque a gaz 4feux bbse11030x,cuisson,Fours,252000,four,jour,4 feux,Type: Encastrable | Garantie: 12 mois,images/FOUBEK60-E11030-1.jpg,images/FOUBEK60-E11030-1.jpg,oui,"Ce four encastrable électrique s'accompagne d'une plaque à gaz de 4 feux. Il offre un volume de 66 litres et des fonctions multifonctions.

Points forts
• Grande contenance de 66 litres
• Six fonctions avec chaleur brassée
• Puissance électrique de 2400W
• Classe énergétique A
• Sécurité enfant

Caractéristiques
Type de produit : Four encastrable électrique
Volume du four : 66 litres
Classe énergétique : A
Puissance totale électrique : 2400W
Fonctions : Multifonction 6 fonctions
Sécurité : Sécurité enfant"
FOUCON60-CH7M61,Autre Marque,Four constructa encastrable 60x60 electrique gris ch7m61752,cuisson,Fours,46500,four,jour,,Type: Encastrable | Couleur: Gris | Garantie: 12 mois,images/FOUCON60-CH7M61-3.png,images/FOUCON60-CH7M61-3.png;images/FOUCON60-CH7M61-2.png;images/FOUCON60-CH7M61-5.png;images/FOUCON60-CH7M61-1.png;images/FOUCON60-CH7M61-4.png,oui,"Ce four encastrable en acier inoxydable propose un volume intérieur de 71 litres pour la cuisson de vos repas.

Points forts
• Volume utile de 71 litres
• Affichage LED rouge avec bouton rotatif
• Plage de température de 50 à 275 °C
• Contrôle parental intégré

Caractéristiques
Type : Encastrable
Dimensions de l'appareil : 595 x 594 x 548 mm
Volume utilisable : 71 l
Classe d'efficacité énergétique : UN
Plage de température : 50-275 °C
Sécurité : Contrôle parental"
FOUAST66-FO6622,Astech,Four encastrable Astech 60x60 a gaz noir gris fo6622gz60nogma,cuisson,Fours,142500,four,jour,,Type: Encastrable | Couleur: Gris | Garantie: 12 mois,images/FOUAST66-FO6622-1.jpg,images/FOUAST66-FO6622-1.jpg,oui,"Ce four encastrable à gaz dispose d'une chaleur tournante et d'un allumage électrique pour faciliter vos cuissons.

Points forts
• Cuisson à gaz avec chaleur tournante
• Allumage électrique
• Lampe LED intégrée

Caractéristiques
Type de produit : Four encastrable à Gaz
Dimensions d'encastrement : Long 59 cm / largeur 55 cm
Profondeur : 56 cm
Tension : 220-240V
Fréquence : 50Hz"
FOUBEK60-12000X,Beko,Four encastrable Beko 60x60 74 litres electrique Inox bbic12100xd,cuisson,Fours,159000,four,jour,74 L,Type: Encastrable | Capacité: 6074 L | Couleur: Inox | Garantie: 12 mois,images/FOUBEK60-12000X-2.jpg,images/FOUBEK60-12000X-2.jpg;images/FOUBEK60-12000X-1.jpg,oui,"Ce four encastrable électrique en Inox offre un grand volume de cavité pour la préparation de vos repas.

Points forts
• Volume de la cavité de 74 L
• Gril électrique inclus
• Puissance électrique totale de 2400 W

Caractéristiques
Type : Encastrable
Couleur : Inox
Volume de la cavité : 74 L
Gril électrique : Oui
Dimensions : 59,5 x 59,4 x 56,7 cm
Puissance électrique totale : 2400 W"
FOUBEK21-21101X,Beko,Four encastrable Beko 60x60 a gaz Inox bigt21101x,cuisson,Fours,208500,four,jour,,Type: Encastrable | Couleur: Inox | Garantie: 12 mois,images/FOUBEK21-21101X-1.jpg,images/FOUBEK21-21101X-1.jpg;images/FOUBEK21-21101X-2.jpg,oui,"Ce four encastrable Beko fonctionne au gaz et s'intègre facilement dans votre cuisine.

Points forts
• Mode d'encastrement pratique
• Design en acier inoxydable
• Fonctionne au gaz

Caractéristiques
Type : Encastrable
Couleur : Inox
Alimentation : Gaz"
FOUELA60-FE0600,Elactron,Four encastrable Elactron 60x60 a gaz noir elnbg2,cuisson,Fours,183500,four,jour,,Type: Encastrable | Couleur: Noir | Garantie: 12 mois,images/FOUELA60-FE0600-3.jpg,images/FOUELA60-FE0600-3.jpg;images/FOUELA60-FE0600-2.jpg;images/FOUELA60-FE0600-5.jpg;images/FOUELA60-FE0600-1.jpg;images/FOUELA60-FE0600-4.jpg,oui,"Ce four encastrable Elactron fonctionne au gaz et offre une finition noire élégante pour votre cuisine.

Points forts
• Modèle encastrable
• Coloris noir
• Fonctionnement au gaz

Caractéristiques
Type : Encastrable
Couleur : Noir
Alimentation : Gaz"
FOUELA64-QBPLY6,Elactron,Four encastrable Elactron 60x60 electrique noir qbply642cs,cuisson,Fours,187000,four,jour,,Type: Encastrable | Couleur: Noir | Garantie: 12 mois,images/FOUELA64-QBPLY6-1.png,images/FOUELA64-QBPLY6-1.png;images/FOUELA64-QBPLY6-3.png;images/FOUELA64-QBPLY6-2.png,oui,"Ce four encastrable électrique Elactron de couleur noire se intègre dans vos meubles de cuisine.

Points forts
• Modèle encastrable
• Design de couleur noire
• Alimentation électrique

Caractéristiques
Type : Encastrable
Couleur : Noir
Alimentation : Électrique"
FOUEND2B-OBG2BL,Enduro,Four encastrable Enduro 60x60 a gaz noir obg2bl,cuisson,Fours,134000,four,jour,,Type: Encastrable | Couleur: Noir | Garantie: 12 mois,images/FOUEND2B-OBG2BL-1.png,images/FOUEND2B-OBG2BL-1.png,oui,"Ce four encastrable Enduro fonctionne au gaz et dispose d'une finition noire.

Points forts
• Modèle encastrable
• Coloris noir
• Fonctionnement au gaz

Caractéristiques
Type : Encastrable
Couleur : Noir
Alimentation : Gaz"
FOUEND90-952771,Enduro,Four encastrable Enduro 90x60 electrique Inox lt9522771x,cuisson,Fours,134000,four,jour,,Type: Encastrable | Couleur: Inox | Garantie: 12 mois,images/FOUEND90-952771-1.png,images/FOUEND90-952771-1.png,oui,"Ce grand four encastrable électrique Enduro propose une capacité de 105 litres et des modes de cuisson multiples pour vos préparations culinaires.

Points forts
• Grande capacité de 105 litres
• Multifonction 6+1
• Double ventilateur intégré
• Affichage numérique et minuterie programmable
• Classe énergétique A

Caractéristiques
Type : Encastrable
Couleur : Inox
Alimentation : 220-240 V / 50 Hz
Largeur : 90 cm
Capacité : 105 Litres
Classe énergétique : A
Modes de cuisson : Multifonction 6+1
Double ventilateur : Oui
Affichage numérique : Oui
Minuterie programmable : Oui
Consommation mode conventionnel : 0,93 kWh/cycle
Consommation mode ventilé : 1,01 kWh/cycle"
FOUEND62-MFA627,Enduro,Four encastrable Enduro electrique 7fonctions 2vit chaleur noir mfa627b,cuisson,Fours,181000,four,jour,,Type: Encastrable | Couleur: Noir | Garantie: 12 mois,images/FOUEND62-MFA627-1.jpg,images/FOUEND62-MFA627-1.jpg,oui,"Ce four encastrable électrique Enduro offre une capacité de 71 litres et 7 fonctions de cuisson pour vos plats.

Points forts
• Capacité de 71 litres
• 7 fonctions de cuisson
• Alimentation électrique

Caractéristiques
Type : Encastrable
Couleur : Noir
Alimentation : Électrique
Capacité : 71 Litres
Fonctions : 7 fonctions"
FOUHAIK5-ICOOK5,Haier,Four encastrable Haier 60x60 noir gris hoqf6casgb,cuisson,Fours,255800,four,jour,,Type: Encastrable | Couleur: Gris | Garantie: 12 mois,images/FOUHAIK5-ICOOK5-1.jpg,images/FOUHAIK5-ICOOK5-1.jpg;images/FOUHAIK5-ICOOK5-4.jpg;images/FOUHAIK5-ICOOK5-3.jpg;images/FOUHAIK5-ICOOK5-2.jpg;images/FOUHAIK5-ICOOK5-5.jpg,oui,"Ce four encastrable Haier est conçu pour vos cuissons quotidiennes. Il dispose d'un grand volume utile et d'un système de contrôle tactile et électrique.

Points forts
• Volume utile de 72 litres
• Type de contrôle tactile et électrique
• Présence de rails télescopiques sur deux niveaux

Caractéristiques
Type : Encastrable
Couleur : Gris
Volume utile : 72 L
Type de contrôle : Tactile et Électrique
Guides du four : Rails télescopiques sur deux niveaux"
FOUHAI6N-F6NAN2,Haier,Four encastrable Haier 90x60 electrique noir hoxf6nan2gb,cuisson,Fours,178000,four,jour,,Type: Encastrable | Couleur: Noir | Garantie: 12 mois,images/FOUHAI6N-F6NAN2-1.jpg,images/FOUHAI6N-F6NAN2-1.jpg,oui,"Ce four encastrable Haier s'intègre facilement dans votre cuisine pour vos préparations culinaires.

Points forts
• Modèle encastrable

Caractéristiques
Type : Encastrable
Couleur : Noir"
FOUHIS60-HE060S,Hisense,Four encastrable Hisense 60x60 electrique gris he0601ssf,cuisson,Fours,123000,four,jour,,Type: Encastrable | Couleur: Gris | Garantie: 12 mois,images/FOUHIS60-HE060S-1.jpg,images/FOUHIS60-HE060S-1.jpg,oui,"Ce four encastrable Hisense propose un volume de 67 litres et une plage de température allant de 50°C à 250°C pour toutes vos cuissons.

Points forts
• Volume de 67 litres
• Puissance maximale de 2900 watts
• 4 fonctions de cuisson disponibles

Caractéristiques
Type : Encastrable
Couleur : Gris
Volume : 67 L
Puissance maximale : 2900 W
Température : 50°C – 250°C
Tension : 220-240 V
Fréquence : 50 Hz
Nombre de fonctions : 4"
FOUHIS60-HE0601,Hisense,Four encastrable Hisense 60x60 electrique noir he0601bk,cuisson,Fours,123000,four,jour,,Type: Encastrable | Couleur: Noir | Garantie: 12 mois,images/FOUHIS60-HE0601-1.png,images/FOUHIS60-HE0601-1.png,oui,"Ce four encastrable Hisense en finition noire dispose d'un volume de 67 litres et de 4 fonctions pour cuisiner selon vos envies.

Points forts
• Volume de 67 litres
• Puissance maximale de 2900 watts
• 4 fonctions de cuisson intégrées

Caractéristiques
Type : Encastrable
Couleur : Noir
Volume : 67 L
Puissance maximale : 2900 W
Température : 50°C – 250°C
Tension : 220-240 V
Fréquence : 50 Hz
Nombre de fonctions : 4"
FOUHIS90-HEO901,Hisense,Four encastrable Hisense 90x60 electrique noir gris heo901ss03,cuisson,Fours,330000,four,jour,,Type: Encastrable | Couleur: Gris | Garantie: 12 mois,images/FOUHIS90-HEO901-2.webp,images/FOUHIS90-HEO901-2.webp;images/FOUHIS90-HEO901-5.webp;images/FOUHIS90-HEO901-1.webp;images/FOUHIS90-HEO901-4.webp;images/FOUHIS90-HEO901-3.webp,oui,"Ce four encastrable Hisense s'intègre parfaitement dans votre cuisine pour vos différentes préparations.

Points forts
• Modèle encastrable

Caractéristiques
Type : Encastrable
Couleur : Gris"
FOUKUM68-A68SF3,Kumtel,Four encastrable kumtel 60x60 electrique Inox a68sf3(mt),cuisson,Fours,172000,four,jour,,Type: Encastrable | Couleur: Inox | Garantie: 12 mois,images/FOUKUM68-A68SF3-1.jpg,images/FOUKUM68-A68SF3-1.jpg,oui,"Ce four encastrable Kumtel en finition inox est conçu pour s'intégrer dans votre espace cuisine.

Points forts
• Modèle encastrable

Caractéristiques
Type : Encastrable
Couleur : Inox"
FOUKUM66-B66S2I,Kumtel,Four encastrable kumtel 60x60 electrique Inox b66s2 aoa,cuisson,Fours,165000,four,jour,,Type: Encastrable | Couleur: Inox | Garantie: 12 mois,images/FOUKUM66-B66S2I-1.png,images/FOUKUM66-B66S2I-1.png;images/FOUKUM66-B66S2I-2.png,oui,"Ce four encastrable électrique de 60x60 est conçu pour s'intégrer facilement dans votre cuisine.

Points forts
• Modèle encastrable
• Finition inox

Caractéristiques
Type : Encastrable
Couleur : Inox
Dimensions : 60x60"
FOUKUM66-B66SAO,Kumtel,Four encastrable kumtel 60x60 electrique Inox b66s2 aob,cuisson,Fours,165000,four,jour,,Type: Encastrable | Couleur: Inox | Garantie: 12 mois,images/FOUKUM66-B66SAO-2.png,images/FOUKUM66-B66SAO-2.png;images/FOUKUM66-B66SAO-1.jpg,oui,"Ce four encastrable électrique de 60x60 est conçu pour s'intégrer facilement dans votre cuisine.

Points forts
• Modèle encastrable
• Finition inox

Caractéristiques
Type : Encastrable
Couleur : Inox
Dimensions : 60x60"
FOUKUM66-B66SFI,Kumtel,Four encastrable kumtel 60x60 electrique Inox b66sf2(mt),cuisson,Fours,168000,four,jour,,Type: Encastrable | Couleur: Inox | Garantie: 12 mois,images/FOUKUM66-B66SFI-2.png,images/FOUKUM66-B66SFI-2.png;images/FOUKUM66-B66SFI-1.png,oui,"Ce four encastrable électrique de 60x60 est conçu pour s'intégrer facilement dans votre cuisine.

Points forts
• Modèle encastrable
• Finition inox

Caractéristiques
Type : Encastrable
Couleur : Inox
Dimensions : 60x60"
FOUKUM66-B66SF3,Kumtel,Four encastrable kumtel 60x60 electrique magic glass Inox b66sf3(mt),cuisson,Fours,139900,four,jour,,Type: Encastrable | Couleur: Inox | Garantie: 12 mois,images/FOUKUM66-B66SF3-2.png,images/FOUKUM66-B66SF3-2.png;images/FOUKUM66-B66SF3-1.png,oui,"Ce four encastrable électrique de 60x60 est doté d'une conception en verre magique et s'intègre dans votre cuisine.

Points forts
• Modèle encastrable
• Finition inox et verre magique

Caractéristiques
Type : Encastrable
Couleur : Inox
Dimensions : 60x60"
FOUKUM68-A68SFN,Kumtel,Four encastrable kumtel 60x60 electrique noir a68sf3(mt),cuisson,Fours,165000,four,jour,,Type: Encastrable | Couleur: Noir | Garantie: 12 mois,images/FOUKUM68-A68SFN-2.png,images/FOUKUM68-A68SFN-2.png;images/FOUKUM68-A68SFN-1.jpg,oui,"Ce four encastrable électrique de 60x60 est conçu pour s'intégrer dans votre cuisine.

Points forts
• Modèle encastrable
• Finition noire

Caractéristiques
Type : Encastrable
Couleur : Noir
Dimensions : 60x60"
FOUKUM66-B66S2N,Kumtel,Four encastrable kumtel 60x60 electrique noir b66s2 aoa (mt),cuisson,Fours,160000,four,jour,,Type: Encastrable | Couleur: Noir | Garantie: 12 mois,images/FOUKUM66-B66S2N-1.png,images/FOUKUM66-B66S2N-1.png,oui,"Ce four encastrable électrique de 60x60 est conçu pour s'intégrer dans votre cuisine.

Points forts
• Modèle encastrable
• Finition noire

Caractéristiques
Type : Encastrable
Couleur : Noir
Dimensions : 60x60"
FOUKUM66-B66SFN,Kumtel,Four encastrable kumtel 60x60 electrique noir b66sf2 aoa (at),cuisson,Fours,160000,four,jour,,Type: Encastrable | Couleur: Noir | Garantie: 12 mois,images/FOUKUM66-B66SFN-1.jpg,images/FOUKUM66-B66SFN-1.jpg;images/FOUKUM66-B66SFN-2.png,oui,"Ce four encastrable électrique s'intègre facilement dans votre cuisine pour la cuisson de vos plats au quotidien.

Points forts
• Type encastrable
• Coloris noir

Caractéristiques
Type : Encastrable
Couleur : Noir"
FOUKUM66-AOB66S,Kumtel,Four encastrable kumtel 60x60 electrique noir b66sf2 aob (ddt),cuisson,Fours,160000,four,jour,,Type: Encastrable | Couleur: Noir | Garantie: 12 mois,images/FOUKUM66-AOB66S-2.png,images/FOUKUM66-AOB66S-2.png;images/FOUKUM66-AOB66S-1.jpg;images/FOUKUM66-AOB66S-3.png,oui,"Ce four encastrable électrique s'intègre facilement dans votre cuisine pour la cuisson de vos plats au quotidien.

Points forts
• Type encastrable
• Coloris noir

Caractéristiques
Type : Encastrable
Couleur : Noir"
FOUKUM66-B66SF2,Kumtel,Four encastrable kumtel 60x60 electrique noir b66sf2(mt),cuisson,Fours,129000,four,jour,,Type: Encastrable | Couleur: Noir | Garantie: 12 mois,images/FOUKUM66-B66SF2-3.png,images/FOUKUM66-B66SF2-3.png;images/FOUKUM66-B66SF2-2.png;images/FOUKUM66-B66SF2-1.png;images/FOUKUM66-B66SF2-4.png,oui,"Ce four encastrable électrique s'intègre facilement dans votre cuisine pour la cuisson de vos plats au quotidien.

Points forts
• Type encastrable
• Coloris noir

Caractéristiques
Type : Encastrable
Couleur : Noir"
FOUSMA60-STC60B,Smart Technology,Four encastrable Smart Technology 60x60 blanc stc60qbfe,cuisson,Fours,153500,four,jour,,Type: Encastrable | Couleur: Blanc | Garantie: 12 mois,images/FOUSMA60-STC60B-3.jpg,images/FOUSMA60-STC60B-3.jpg;images/FOUSMA60-STC60B-2.jpg;images/FOUSMA60-STC60B-1.jpg,oui,"Ce four encastrable blanc offre une grande capacité pour la cuisson de vos préparations culinaires.

Points forts
• Capacité du four de 105 L
• Éclairage intérieur intégré
• Type encastrable

Caractéristiques
Modèle : STC60QBFE
Type : Four encastrable
Capacité : 105 L
Couleur : Blanc
Éclairage intérieur : Oui
Tension : 220-230 V
Fréquence : 50/60 Hz"
FOUSMA60-STC60Q,Smart Technology,Four encastrable Smart Technology 60x60 noir Inox stc60qxfe,cuisson,Fours,142500,four,jour,,Type: Encastrable | Couleur: Noir | Garantie: 12 mois,images/FOUSMA60-STC60Q-2.jpg,images/FOUSMA60-STC60Q-2.jpg;images/FOUSMA60-STC60Q-1.jpg;images/FOUSMA60-STC60Q-4.jpg;images/FOUSMA60-STC60Q-3.jpg,oui,"Ce four encastrable noir et inox propose un grand volume pour toutes vos cuissons.

Points forts
• Capacité du four de 105 L
• Éclairage intérieur intégré
• Type encastrable

Caractéristiques
Modèle : STC60QXFE
Type : Four encastrable
Capacité : 105 L
Couleur : Noir Inox
Éclairage intérieur : Oui
Tension : 220-230 V
Fréquence : 50/60 Hz"
FOUTEC60-ELEC6G,Tecnolux,Four encastrable Technolux electrique 60/60 noir tcx-6beeog,cuisson,Fours,148000,four,jour,,Type: Encastrable | Couleur: Noir | Garantie: 12 mois,images/FOUTEC60-ELEC6G-1.jpg,images/FOUTEC60-ELEC6G-1.jpg,oui,"Ce four encastrable électrique est conçu pour s'intégrer dans votre cuisine.

Points forts
• Fonctionnement électrique
• Type encastrable
• Coloris noir

Caractéristiques
Modèle : TCX-6BEEOG
Type : Encastrable
Énergie : Electrique
Voltage : 220 V - 240 V
Couleur : Noir"
FOUTEC60-QMG603,Tecnolux,Four encastrable Tecnolux 60x60 a gaz noir fo60gg,cuisson,Fours,129900,four,jour,,Type: Encastrable | Couleur: Noir | Garantie: 12 mois,images/FOUTEC60-QMG603-1.png,images/FOUTEC60-QMG603-1.png,oui,"Ce four encastrable Tecnolux fonctionne au gaz et dispose d'une commande mécanique. Il trouve facilement sa place dans votre cuisine grâce à son design noir et inox.

Points forts
• Fonctionnement au gaz
• Type encastrable
• Commande mécanique

Caractéristiques
Type : Encastrable
Couleur : Noir inox
Alimentation : 220-240V, 50/60HZ
Type de gaz : Gaz"
FOUTEC70-DIGITA,Tecnolux,Four encastrable Tecnolux 60x60 tactil electrique noir qme602b001,cuisson,Fours,135000,four,jour,,Type: Encastrable | Couleur: Noir | Garantie: 12 mois,images/FOUTEC70-DIGITA-1.png,images/FOUTEC70-DIGITA-1.png,oui,"Ce four encastrable Tecnolux électrique dispose d'un panneau tactile. Il s'intègre harmonieusement dans les cuisines modernes grâce à sa couleur noire.

Points forts
• Modèle encastrable
• Commande tactile
• Coloris noir

Caractéristiques
Type : Encastrable
Couleur : Noir"
FOUTEC70-TACTIL,Tecnolux,Four encastrable Tecnolux 60x60 tactil electrique noir qme602b002,cuisson,Fours,135000,four,jour,,Type: Encastrable | Couleur: Noir | Garantie: 12 mois,images/FOUTEC70-TACTIL-1.png,images/FOUTEC70-TACTIL-1.png,oui,"Ce four encastrable électrique Tecnolux de format 60x60 est doté de commandes tactiles. Sa finition noire apporte une touche moderne à votre cuisine.

Points forts
• Modèle encastrable
• Panneau tactile
• Coloris noir

Caractéristiques
Type : Encastrable
Couleur : Noir"
FOUVER63-QBPRM6,Verta,Four encastrable verta 60x60 Inox qbprm631mi,cuisson,Fours,130000,four,jour,,Type: Encastrable | Couleur: Inox | Garantie: 12 mois,images/FOUVER63-QBPRM6-1.jpg,images/FOUVER63-QBPRM6-1.jpg,oui,"Ce four encastrable Verta se distingue par sa finition en acier inoxydable. Il s'intègre facilement dans tous les types de cuisines.

Points forts
• Modèle encastrable
• Finition en inox

Caractéristiques
Type : Encastrable
Couleur : Inox"
FOUVER00-90X60N,Autre Marque,Four encastrable verta 90x60 noir qxvrn962cs,cuisson,Fours,46500,four,jour,,Type: Encastrable | Couleur: Noir | Garantie: 12 mois,images/FOUVER00-90X60N-1.jpg,images/FOUVER00-90X60N-1.jpg,oui,"Ce four encastrable de dimensions 90x60 arbore une couleur noire élégante. Il est conçu pour s'intégrer dans votre espace de cuisine.

Points forts
• Modèle encastrable
• Format 90x60
• Coloris noir

Caractéristiques
Type : Encastrable
Couleur : Noir"
FOUEN90-NOIR90C,Enduro,Four Enduro encastrable electrique 90x60 noir lt92277,cuisson,Fours,134000,four,jour,,Type: Encastrable | Couleur: Noir | Garantie: 12 mois,images/FOUEN90-NOIR90C-1.jpg,images/FOUEN90-NOIR90C-1.jpg,oui,"Ce four encastrable électrique Enduro de format 90x60 dispose de commandes à double bouton et d'une minuterie mécanique. Il intègre une rôtissoire, un éclairage et des accessoires pratiques.

Points forts
• Dimensions 90x60
• Minuterie mécanique et double bouton
• Allumage électrique complet
• Équipé d'une rôtissoire et d'une lampe
• Façade et table de travail en acier inoxydable

Caractéristiques
Type : Encastrable
Couleur : Noir
Dimensions : 90x60
Accessoires : Grille de controle en fonte, adaptateur, étagère latérales, 1 plateau, 1 grille"
FOUEND90-INOX90,Enduro,Four Enduro encastrable electrique 90x60 noir lt952771b,cuisson,Fours,134000,four,jour,,Type: Encastrable | Couleur: Noir | Garantie: 12 mois,images/FOUEND90-INOX90-1.jpg,images/FOUEND90-INOX90-1.jpg,oui,"Ce four encastrable électrique Enduro de 90x60 cm en noir et acier inoxydable s'intègre parfaitement dans votre cuisine pour la cuisson de vos plats.

Points forts
• Dimensions de 90x60 cm
• Double bouton et minuterie mécanique
• Grille de contrôle en fonte avec adaptateur
• Allumage électrique complet avec lampe et rôtissoire
• Façade et table de travail en acier inoxydable

Caractéristiques
Type : Encastrable
Couleur : Noir
Dimensions : 90 x 60 cm
Matériau façade : Acier inoxydable"
FOUETK48-NOJK48,Autre Marque,Four etkal avec 2feux electrique en haut 48 litres noir nojk48a,cuisson,Fours,66000,four,jour,48 L,Capacité: 48 L | Couleur: Noir | Garantie: 12 mois,images/FOUETK48-NOJK48-3.png,images/FOUETK48-NOJK48-3.png;images/FOUETK48-NOJK48-2.png;images/FOUETK48-NOJK48-1.png,oui,"Ce four d'une capacité de 48 litres dispose de deux plaques chauffantes sur le dessus et d'une rôtissoire pour cuisiner facilement vos repas.

Points forts
• Capacité de 48 litres
• Puissance du four de 2000 W
• Deux plaques chauffantes supérieures de 1000W et 600W
• Minuterie de 60 minutes avec arrêt automatique
• Ventilateur de convection et lumière intérieure

Caractéristiques
Capacité : 48 L
Couleur : Noir
Puissance du four : 2000 W
Puissance de la plaque chauffante : 1000W + 600W
Minuterie : 60 minutes"
FOUTEC01-INOX3N,Tecnolux,Four Technolux encastrable a gaz 60x60 tcx6bggox,cuisson,Fours,145000,four,jour,,Type: Encastrable | Garantie: 12 mois,images/FOUTEC01-INOX3N-1.jpg,images/FOUTEC01-INOX3N-1.jpg,oui,"Four encastrable à gaz Tecnolux de format 60x60 cm conçu pour équiper votre cuisine.

Points forts
• Modèle encastrable
• Fonctionnement au gaz

Caractéristiques
Type : Encastrable
Énergie : Gaz
Dimensions : 60 x 60 cm"
FOUTEC60-ELEC60,Tecnolux,Four Technolux encastrable electrique 60x60 Inox tcx6beeox,cuisson,Fours,145000,four,jour,,Type: Encastrable | Couleur: Inox | Garantie: 12 mois,images/FOUTEC60-ELEC60-1.jpg,images/FOUTEC60-ELEC60-1.jpg,oui,"Four encastrable électrique Tecnolux en inox de format 60x60 cm pour vos cuissons au quotidien.

Points forts
• Modèle encastrable
• Finition en inox

Caractéristiques
Type : Encastrable
Couleur : Inox
Énergie : Électrique
Dimensions : 60 x 60 cm"
MACDEC14-KEEC01,Decakila,Machine à pizza Decakila electrique keec014w,cuisson,Fours,46500,four,jour,,Garantie: 12 mois,images/MACDEC14-KEEC01-3.png,images/MACDEC14-KEEC01-3.png;images/MACDEC14-KEEC01-2.png;images/MACDEC14-KEEC01-1.jpg,oui,"Machine à pizza électrique Decakila adaptée pour la préparation de vos pizzas à la maison.

Points forts
• Fonctionnement électrique

Caractéristiques
Type : Électrique
Appareil : Machine à pizza"
MACDEC52-KEEC05,Decakila,Machine à pizza Decakila electrique keec052b,cuisson,Fours,46500,four,jour,,Garantie: 12 mois,images/MACDEC52-KEEC05-3.png,images/MACDEC52-KEEC05-3.png;images/MACDEC52-KEEC05-1.png;images/MACDEC52-KEEC05-2.png,oui,"Machine à pizza électrique Decakila de couleur noire conçue pour la cuisson de vos pizzas.

Points forts
• Fonctionnement électrique

Caractéristiques
Type : Électrique
Couleur : Noir
Appareil : Machine à pizza"
FOUAST38-FO38IG,Astech,Mini four Astech 38 litres electrique noir fo38igdl,cuisson,Fours,61900,four,jour,38 L,Capacité: 38 L | Couleur: Noir | Garantie: 12 mois,images/FOUAST38-FO38IG-1.png,images/FOUAST38-FO38IG-1.png,oui,"Ce mini four électrique Astech de 38 litres de couleur noire dispose d'un corps laqué résistant à la chaleur. Il convient pour la cuisson de vos plats grâce à ses résistances et sa fonction chaleur tournante.

Points forts
• Capacité de 38 litres
• Corps laqué résistant à la chaleur
• Interrupteur 4 positions
• Thermostat réglable et minuterie
• Chaleur tournante disponible

Caractéristiques
Capacité : 38 L
Couleur : Noir
Type de produit : Four électrique"
FOUAST32-PL32IG,Astech,Mini four Astech electrique 32 litres noir pl32igdl,cuisson,Fours,67000,four,jour,32 L,Capacité: 32 L | Couleur: Noir | Garantie: 12 mois,images/FOUAST32-PL32IG-1.jpg,images/FOUAST32-PL32IG-1.jpg,oui,"Ce mini four électrique Astech d'une capacité de 32 litres en coloris noir est équipé d'un corps laqué résistant à la chaleur. Il permet de réaliser vos cuissons variées avec ses différentes positions de chauffe.

Points forts
• Capacité de 32 litres
• Corps laqué résistant à la chaleur
• Interrupteur 4 positions
• Thermostat réglable et minuterie
• Chaleur tournante

Caractéristiques
Capacité : 32 L
Couleur : Noir
Type de produit : Four électrique"
FOUDEC-KEEV010B,Decakila,Mini four Decakila 38 litres electrique avec grille noir keev010b,cuisson,Fours,60200,four,jour,38 L,Capacité: 38 L | Couleur: Noir | Garantie: 12 mois,images/FOUDEC-KEEV010B-2.png,images/FOUDEC-KEEV010B-2.png;images/FOUDEC-KEEV010B-1.png,oui,"Ce mini four grille-pain électrique Decakila de 38 litres de couleur noire offre une puissance de 1600 W. Il convient pour vos cuissons et grillades grâce à sa température réglable et sa rotation à 360 degrés.

Points forts
• Capacité de 38 litres
• Puissance de 1600 watts
• Rotation à 360 degrés
• Température réglable de 100 à 230 degrés C
• Minuterie de 60 minutes

Caractéristiques
Capacité : 38 L
Couleur : Noir
Puissance : 1600 W
Tension : 220-240 V 50-60 Hz
Température : 100 à 230 C
Minuterie : 60 minutes"
FOUDEC11-KEEV11,Decakila,Mini four Decakila 50 litres electrique avec grille noir keev011b,cuisson,Fours,81900,four,jour,50 L,Capacité: 50 L | Couleur: Noir | Garantie: 12 mois,images/FOUDEC11-KEEV11-1.jpg,images/FOUDEC11-KEEV11-1.jpg,oui,"Ce four grille Decakila de 50 litres en coloris noir dispose d'une puissance de 2000 W. Il convient pour cuire et griller vos aliments avec un contrôle précis de la température.

Points forts
• Grande capacité de 50 litres
• Puissance de 2000 watts
• Minuterie de 60 minutes avec maintien en marche
• Température réglable de 100 C à 230 C

Caractéristiques
Capacité : 50 L
Couleur : Noir
Puissance : 2000 W
Tension : 220-240 V 50/60 Hz
Minuterie : 60 minutes
Température : 100 C à 230 C"
FOUDEC03-KEEV03,Decakila,Mini four Decakila 9 litres electrique avec grille 3 en 1 rouge keev003r,cuisson,Fours,46900,four,jour,9 L,Capacité: 9 L | Couleur: Rouge | Garantie: 12 mois,images/FOUDEC03-KEEV03-1.png,images/FOUDEC03-KEEV03-1.png;images/FOUDEC03-KEEV03-4.png;images/FOUDEC03-KEEV03-3.png;images/FOUDEC03-KEEV03-2.png,oui,"Ce mini four multifonction 3 en 1 de couleur rouge propose une capacité de 9 litres et intègre une cafetière. Il convient pour la cuisson, la friture et la préparation du café au quotidien.

Points forts
• Multifonction 3 en 1 : cuisson, friture et préparation du café
• Cafetière intégrée de 0,6 L pour 4 tasses
• Minuterie de 30 minutes avec sonnerie
• Capacité du four de 9 litres

Caractéristiques
Capacité du four : 9 L
Couleur : Rouge
Capacité cafetière : 0,6 L
Minuterie : 30 minutes"
FOUELA60-60400M,Elactron,Mini four Elactron 60 litres gris el60400mg,cuisson,Fours,64000,four,jour,60 L,Capacité: 60 L | Couleur: Gris | Garantie: 12 mois,images/FOUELA60-60400M-1.png,images/FOUELA60-60400M-1.png,oui,"Ce mini four Elactron de 60 litres de couleur grise convient pour vos cuissons quotidiennes.

Points forts
• Capacité de 60 litres

Caractéristiques
Capacité : 60 L
Couleur : Gris"
FOUELA60-60400B,Elactron,Mini four Elactron 60 litres noir el60400bl,cuisson,Fours,64000,four,jour,60 L,Capacité: 60 L | Couleur: Noir | Garantie: 12 mois,images/FOUELA60-60400B-1.png,images/FOUELA60-60400B-1.png;images/FOUELA60-60400B-2.png,oui,"Le mini four Elactron dispose d'une capacité de 60 litres et se présente dans un coloris noir. Il convient pour la cuisson de vos plats au quotidien.

Points forts
• Capacité de 60 litres
• Coloris noir

Caractéristiques
Capacité : 60 L
Couleur : Noir"
FOUHIS28-H28TOB,Hisense,Mini four Hisense 28 litres + 2feux electrique noir h28tobkpl16,cuisson,Fours,52000,four,jour,28 L,Capacité: 28 L | Couleur: Noir | Garantie: 12 mois,images/FOUHIS28-H28TOB-1.png,images/FOUHIS28-H28TOB-1.png;images/FOUHIS28-H28TOB-3.png;images/FOUHIS28-H28TOB-2.png,oui,"Ce mini four Hisense de 28 litres intègre également deux feux électriques. Il est idéal pour cuisiner et réchauffer vos plats grâce à ses équipements complets.

Points forts
• Capacité de 28 litres
• Plaques chauffantes électriques intégrées
• Puissance de 2600W
• Minuterie de 60 minutes et lampe intérieure
• Accessoires inclus : grille, plaque de cuisson et poignée

Caractéristiques
Capacité : 28 L
Couleur : Noir
Puissance : 2600W
Tension : 230V
Dimensions : 50,7 x 38,5 x 30,8 cm
Minuterie : 60 minutes"
FOUKUM53-KF5320,Four,Mini four kumtel 32 litres electrique Inox noir kf5320,cuisson,Fours,46500,four,jour,32 L,Capacité: 32 L | Couleur: Noir | Garantie: 12 mois,images/FOUKUM53-KF5320-1.jpg,images/FOUKUM53-KF5320-1.jpg,oui,"Le mini four électrique d'une capacité de 32 litres offre un format pratique pour la cuisine de tous les jours.

Points forts
• Capacité de 32 litres
• Coloris noir

Caractéristiques
Capacité : 32 L
Couleur : Noir"
FOUKUM70-MINKUM,Four,Mini four kumtel 70 litres electrique Inox noir lx9325,cuisson,Fours,106500,four,jour,70 L,Capacité: 70 L | Couleur: Noir | Garantie: 12 mois,images/FOUKUM70-MINKUM-1.jpg,images/FOUKUM70-MINKUM-1.jpg,oui,"Ce grand mini four électrique possède une capacité de 70 litres pour répondre à vos besoins de cuisson.

Points forts
• Grande capacité de 70 litres
• Coloris noir

Caractéristiques
Capacité : 70 L
Couleur : Noir"
FOUTEC40-F040TE,Tecnolux,Mini four Tecnolux 40 litres electrique Inox f040tec,cuisson,Fours,46500,four,jour,40 L,Capacité: 40 L | Couleur: Inox | Garantie: 12 mois,images/FOUTEC40-F040TE-3.jpg,images/FOUTEC40-F040TE-3.jpg;images/FOUTEC40-F040TE-2.jpg;images/FOUTEC40-F040TE-1.jpg;images/FOUTEC40-F040TE-4.jpg,oui,"Le mini four Tecnolux de 40 litres en inox est équipé d'éléments chauffants en acier inoxydable et de fonctions pratiques pour vos préparations.

Points forts
• Capacité de 40 litres
• Fonction rôtisserie et lampe intérieure
• Quatre éléments chauffants en acier inoxydable
• Puissance de 1420W

Caractéristiques
Capacité : 40 L
Couleur : Inox
Puissance : 1420W
Tension : 230V
Fréquence : 50/60 Hz
Dimensions : 64,5 x 43 x 46,5 cm
Classe de protection : IP20"
MIOAST20-20SVX0,Astech,Micro onde Astech 20l manuel noir 20mad4ia,cuisson,Fours & micro-ondes,46900,micro,jour,20 L,Type: Manuel | Couleur: Noir | Garantie: 12 mois,images/MIOAST20-20SVX0-2.jpg,images/MIOAST20-20SVX0-2.jpg;images/MIOAST20-20SVX0-1.png,oui,"Ce micro-ondes Astech de 20 litres dispose de plusieurs niveaux de puissance et d'un programme de cuisson pour faciliter la préparation des repas.

Points forts
• Capacité de 20 litres
• Puissance de 700 W
• Cinq niveaux de puissance
• Programme de cuisson de 30 minutes avec signal de fin

Caractéristiques
Capacité : 20 L
Puissance : 700 W
Couleur : Noir
Tension : 230V / 50Hz
Poids net : 10,5 kg
Poids brut : 11,3 kg"
MIOAST23-WSB000,Astech,Micro onde Astech 23l manuel 23maf4ia,cuisson,Fours & micro-ondes,71900,micro,jour,23 L,Type: Manuel | Garantie: 12 mois,images/MIOAST23-WSB000-1.png,images/MIOAST23-WSB000-1.png;images/MIOAST23-WSB000-3.png;images/MIOAST23-WSB000-2.png,oui,"Ce micro-ondes Astech de 23 litres à commande manuelle est idéal pour réchauffer et cuisiner vos plats au quotidien.

Points forts
• Capacité de 23 litres
• Puissance de sortie micro-ondes de 900W
• Puissance du gril de 1000W
• Minuterie de 30 minutes

Caractéristiques
Type : Manuel
Capacité : 23 litres
Puissance d'entrée micro-ondes : 1400W
Puissance de sortie micro-ondes : 900W
Puissance du gril : 1000W
Tension : 230V / 50HZ
Minuterie : 30 minutes
Niveaux de puissance : 9 niveaux"
MIOAST25-25DIP9,Astech,Micro onde Astech 25l digital noir 25dip9ia,cuisson,Fours & micro-ondes,125000,micro,jour,25 L,Type: Digital | Couleur: Noir | Garantie: 12 mois,images/MIOAST25-25DIP9-1.jpg,images/MIOAST25-25DIP9-1.jpg,oui,"Ce micro-ondes digital Astech de couleur noire dispose d'une capacité de 25 litres pour vos préparations culinaires.

Points forts
• Capacité de 25 litres
• Affichage digital
• Design de couleur noire

Caractéristiques
Type : Digital
Capacité : 25 litres
Couleur : Noir"
MIOAST34-G34BL5,Astech,Micro onde Astech 34 litres noir gris g34bl505ia,cuisson,Fours & micro-ondes,196900,micro,jour,34 L,Capacité: 34 L | Couleur: Gris | Garantie: 12 mois,images/MIOAST34-G34BL5-1.jpg,images/MIOAST34-G34BL5-1.jpg,oui,"Ce micro-ondes Astech d'une grande capacité de 34 litres convient parfaitement pour les familles et les plats volumineux.

Points forts
• Grande capacité de 34 litres
• Dimensions pratiques pour la cuisine

Caractéristiques
Capacité : 34 litres
Tension : 230V / 50Hz
Couleur : Gris
Hauteur : 30 cm
Largeur : 52 cm
Profondeur : 37,5 cm"
MIOAST25-MO25KH,Astech,Micro onde Astech encastrable 25 litres avec ecran noir gris mo25khnt,cuisson,Fours & micro-ondes,125000,micro,jour,25 L,Type: Encastrable | Capacité: 25 L | Couleur: Gris | Garantie: 12 mois,images/MIOAST25-MO25KH-1.jpg,images/MIOAST25-MO25KH-1.jpg,oui,"Ce micro-ondes encastrable Astech de 25 litres avec intérieur en inox s'intègre facilement dans vos meubles de cuisine.

Points forts
• Modèle encastrable avec écran
• Capacité de 25 litres
• Intérieur en inox avec grille

Caractéristiques
Type : Encastrable
Capacité : 25 litres
Couleur : Gris et noir
Hauteur : 36 cm
Largeur : 54 cm
Profondeur : 46 cm"
MICRO-ONDE-BEKO-20LITRES-BLANC-MGC20100W,Beko,Micro onde Beko 20 litres blanc mgc20100w,cuisson,Fours & micro-ondes,75000,micro,jour,20 L,Capacité: 20 L | Couleur: Blanc | Garantie: 12 mois,images/MICRO-ONDE-BEKO-20LITRES-BLANC-MGC20100W-2.jpg,images/MICRO-ONDE-BEKO-20LITRES-BLANC-MGC20100W-2.jpg;images/MICRO-ONDE-BEKO-20LITRES-BLANC-MGC20100W-1.jpg,oui,"Ce micro-ondes Beko blanc de 20 litres est équipé d'un gril et d'une fonction décongélation pour un usage quotidien simple.

Points forts
• Capacité de 20 litres
• Puissance du gril de 900 W
• Fonction décongélation intégrée
• Éclairage intérieur et ouverture facile

Caractéristiques
Capacité : 20 litres
Couleur : Blanc
Puissance du gril : 900 W
Minuterie : 30 minutes"
MIOBEK20-BK700W,Beko,Micro onde Beko 20 litres blanc moc201103w,cuisson,Fours & micro-ondes,75000,micro,jour,20 L,Capacité: 20 L | Couleur: Blanc | Garantie: 12 mois,images/MIOBEK20-BK700W-1.jpg,images/MIOBEK20-BK700W-1.jpg;images/MIOBEK20-BK700W-3.png;images/MIOBEK20-BK700W-2.png,oui,"Ce micro-ondes Beko blanc de 20 litres propose une fonction gril et une minuterie pratique pour réchauffer et cuisiner.

Points forts
• Capacité de 20 litres
• Puissance du gril de 900 W
• Fonction décongélation
• Éclairage intérieur et ouverture facile

Caractéristiques
Capacité : 20 litres
Couleur : Blanc
Puissance du gril : 900 W
Minuterie : 30 minutes"
MICRO-ONDE-BEKO-20LITRES-GRIS-MGC20100S,Beko,Micro onde Beko 20 litres gris mgc20100s,cuisson,Fours & micro-ondes,76000,micro,jour,20 L,Capacité: 20 L | Couleur: Gris | Garantie: 12 mois,images/MICRO-ONDE-BEKO-20LITRES-GRIS-MGC20100S-2.jpg,images/MICRO-ONDE-BEKO-20LITRES-GRIS-MGC20100S-2.jpg;images/MICRO-ONDE-BEKO-20LITRES-GRIS-MGC20100S-1.jpg,oui,"Ce micro-ondes Beko d'une capacité de 20 litres convient pour réchauffer et préparer vos repas au quotidien. Il dispose de plusieurs niveaux de puissance pour s'adapter à vos besoins.

Points forts
• Capacité de 20 litres
• Puissance maximale de 700 Watt
• 9 niveaux de puissance
• Coloris gris

Caractéristiques
Capacité : 20 L
Couleur : Gris
Puissance : 700 W
Nombre de niveaux de puissance : 9"
MIOBEK20-BW2010,Beko,Micro onde Beko 20 litres noir mgc20100b1,cuisson,Fours & micro-ondes,78000,micro,jour,20 L,Capacité: 20 L | Couleur: Noir | Garantie: 12 mois,images/MIOBEK20-BW2010-1.jpg,images/MIOBEK20-BW2010-1.jpg;images/MIOBEK20-BW2010-2.png,oui,"Ce micro-ondes Beko de 20 litres en coloris noir est conçu pour réchauffer et cuisiner facilement vos plats au quotidien.

Points forts
• Contenance de 20 litres
• Puissance maximale de 700 Watt
• 9 niveaux de puissance
• Coloris noir

Caractéristiques
Capacité : 20 L
Couleur : Noir
Puissance : 700 W
Nombre de niveaux de puissance : 9"
MIOBEK25-BM25BG,Beko,Micro onde Beko encastrable 25l noir mg25333bg,cuisson,Fours & micro-ondes,223400,micro,jour,25 L,Type: Encastrable | Couleur: Noir | Garantie: 12 mois,images/MIOBEK25-BM25BG-1.jpg,images/MIOBEK25-BM25BG-1.jpg;images/MIOBEK25-BM25BG-3.jpg;images/MIOBEK25-BM25BG-2.jpg,oui,"Ce micro-ondes encastrable Beko de 25 litres en coloris noir s'intègre harmonieusement dans l'aménagement de votre cuisine.

Points forts
• Modèle encastrable
• Capacité de 25 litres
• Coloris noir

Caractéristiques
Type : Encastrable
Capacité : 25 L
Couleur : Noir"
MIOBIN20-2018NO,Binatone,Micro onde Binatone 20 litres noir mwo2018,cuisson,Fours & micro-ondes,50000,micro,jour,20 L,Capacité: 20 L | Couleur: Noir | Garantie: 12 mois,images/MIOBIN20-2018NO-1.jpg,images/MIOBIN20-2018NO-1.jpg,oui,"Ce micro-ondes Binatone de 20 litres de couleur noire permet de cuire et réchauffer vos aliments de manière homogène grâce à sa répartition uniforme des ondes.

Points forts
• Contenance de 20 litres
• Répartition uniforme des ondes sur plusieurs niveaux de cuisson
• 5 niveaux de puissance et minuteur
• Coloris noir

Caractéristiques
Capacité : 20 L
Couleur : Noir
Niveaux de puissance : 5"
MIOCAC20-CA8206,Cac,Micro onde cac 20 litres noir ca820664,cuisson,Fours & micro-ondes,45500,micro,jour,20 L,Capacité: 20 L | Couleur: Noir | Garantie: 12 mois,images/MIOCAC20-CA8206-1.png,images/MIOCAC20-CA8206-1.png,oui,"Ce micro-ondes Cac d'une capacité de 20 litres est équipé d'un plateau tournant et d'un bouton manuel pour une utilisation simple au quotidien.

Points forts
• Capacité de 20 litres
• Puissance de 700 W avec 6 niveaux
• Fonction de dégivrage et minuterie
• Plateau tournant inclus

Caractéristiques
Capacité : 20 L
Puissance : 700 W
Couleur : Gris
Nombre de niveaux : 6
Dimensions extérieures : 26,2 x 45,2 x 33,5 cm
Dimensions intérieures : 17,8 x 31,5 x 29,6 cm
Matériau : Acier"
MIOCAC25-CA8200,Cac,Micro onde cac 25 litres noir gris cac820025,cuisson,Fours & micro-ondes,64500,micro,jour,25 L,Capacité: 25 L | Couleur: Gris | Garantie: 12 mois,images/MIOCAC25-CA8200-1.jpg,images/MIOCAC25-CA8200-1.jpg,oui,"Ce micro-ondes Cac de 25 litres offre un espace de cuisson confortable pour vos préparations culinaires et dispose de plusieurs fonctions de puissance.

Points forts
• Capacité de 25 litres
• Puissance nominale des micro-ondes de 900 W
• Grille de puissance de 1000 W
• Coloris noir et gris

Caractéristiques
Capacité : 25 L
Puissance nominale : 900 W
Grille de puissance : 1000 W
Tension d'alimentation : 230-240 V
Fréquence d'opération : 2450 MHz
Couleur : Noir et gris
Poids net : 14 kg
Poids brut : 15,5 kg
Dimensions extérieures : 28,1 x 48,3 x 42,5 cm
Dimensions intérieures : 22 x 34 x 34,4 cm"
MIODEC25-MC009W,Decakila,Micro onde Decakila 25 litres kemc009w,cuisson,Fours & micro-ondes,71900,micro,jour,25 L,Capacité: 25 L | Garantie: 12 mois,images/MIODEC25-MC009W-1.jpg,images/MIODEC25-MC009W-1.jpg,oui,"Ce micro-ondes Decakila de 25 litres vous permet de réchauffer et de préparer vos plats au quotidien.

Points forts
• Capacité de 25 litres

Caractéristiques
Capacité : 25 L"
MIOEAS23-23LEAS,Onde,Micro onde eastpoint 23 litres noir epmw2g2323,cuisson,Fours & micro-ondes,67500,micro,jour,23 L,Capacité: 23 L | Couleur: Noir | Garantie: 12 mois,images/MIOEAS23-23LEAS-1.png,images/MIOEAS23-23LEAS-1.png,oui,"Ce micro-ondes Eastpoint de couleur noire offre une capacité de 23 litres pour vos besoins culinaires quotidiens.

Points forts
• Capacité de 23 litres
• Design de couleur noir

Caractéristiques
Capacité : 23 L
Couleur : Noir"
MIOEAS25-EAST00,Onde,Micro onde eastpoint 25 litres noir epmw2g2525,cuisson,Fours & micro-ondes,67500,micro,jour,25 L,Capacité: 25 L | Couleur: Noir | Garantie: 12 mois,images/MIOEAS25-EAST00-1.png,images/MIOEAS25-EAST00-1.png,oui,"Ce micro-ondes Eastpoint de 25 litres de couleur noire s'intègre facilement dans votre cuisine pour réchauffer vos plats.

Points forts
• Capacité de 25 litres
• Coloris noir

Caractéristiques
Capacité : 25 L
Couleur : Noir"
MIOHAI30-HBMW30,Haier,Micro onde encastrable Haier 30 litres noir mirroir hbmw30gb,cuisson,Fours & micro-ondes,190000,micro,jour,30 L,Type: Encastrable | Capacité: 30 L | Couleur: Noir | Garantie: 12 mois,images/MIOHAI30-HBMW30-1.jpg,images/MIOHAI30-HBMW30-1.jpg,oui,"Ce micro-ondes encastrable Haier de 30 litres dispose d'un affichage digital et d'un design noir miroir pour votre cuisine.

Points forts
• Modèle encastrable
• Grande capacité de 30 litres
• Commandes avec contrôle digital
• Fonction grille incluse
• 10 menus automatiques disponibles

Caractéristiques
Type : Encastrable
Capacité : 30 L
Couleur : Noir miroir
Tension : 220V – 50HZ
Grille : Oui
Digital control : Oui
Menus : 10 auto
Dimensions : 560 x 550 x 380 mm"
MIOEND25-MOW25L,Enduro,Micro onde Enduro 25 litres avec grille noir mow25ldb,cuisson,Fours & micro-ondes,61000,micro,jour,25 L,Capacité: 25 L | Couleur: Noir | Garantie: 12 mois,images/MIOEND25-MOW25L-1.png,images/MIOEND25-MOW25L-1.png,oui,"Ce micro-ondes Enduro de 25 litres en finition noire est équipé d'une grille pour vos préparations.

Points forts
• Capacité de 25 litres
• Couleur noire
• Présence d'une grille

Caractéristiques
Capacité : 25 L
Couleur : Noir"
MIOEND30-MOW32L,Enduro,Micro onde Enduro 30 litres digital avec grille noir mow32ldb,cuisson,Fours & micro-ondes,67000,micro,jour,30 L,Type: Digital | Capacité: 30 L | Couleur: Noir | Garantie: 12 mois,images/MIOEND30-MOW32L-1.png,images/MIOEND30-MOW32L-1.png,oui,"Ce micro-ondes Enduro digital de 30 litres de couleur noire est doté d'une fonction grille.

Points forts
• Type digital
• Capacité de 30 litres
• Couleur noire
• Fonction grille

Caractéristiques
Type : Digital
Capacité : 30 L
Couleur : Noir"
MIOFIN23-AG823A,Finix,Micro onde finix 23 litres digital avec grille gris noir ag823axg,cuisson,Fours & micro-ondes,65000,micro,jour,23 L,Type: Digital | Capacité: 23 L | Couleur: Gris | Garantie: 12 mois,images/MIOFIN23-AG823A-1.jpg,images/MIOFIN23-AG823A-1.jpg,oui,"Ce micro-ondes digital de 23 litres avec grille gris et noir permet de réchauffer, décongeler et griller vos plats du quotidien.

Points forts
• Capacité de 23 litres adaptée aux plats de taille standard
• Fonction gril d'une puissance de 1000 W
• 8 programmes de cuisson automatiques et fonction décongélation
• Équipé d'une sécurité enfant

Caractéristiques
Type : Digital
Capacité : 23 L
Couleur : Gris et noir
Modèle : AG823AXG
Ouverture : Côté
Dimensions : Largeur 50 cm ; Hauteur 30 cm ; Profondeur 36 cm
Puissance de sortie micro-ondes : 800 W
Puissance du gril : 1000 W
Plateau tournant : 270 mm
Fonctions : Décongélation, Gril
Programmes : 8 programmes de cuisson automatiques
Minuterie : 98""
Sécurité : Sécurité enfant"
MIOFIN30-AC930A,Finix,Micro onde finix 30 litres digital avec grille miroir gris ac930aa4,cuisson,Fours & micro-ondes,81800,micro,jour,30 L,Type: Digital | Capacité: 30 L | Couleur: Gris | Garantie: 12 mois,images/MIOFIN30-AC930A-1.png,images/MIOFIN30-AC930A-1.png,oui,"Ce micro-ondes digital de 30 litres dispose d'une fonction gril et d'une finition miroir pour s'intégrer dans votre cuisine.

Points forts
• Grande capacité de 30 litres
• Fonction gril intégrée
• Design avec façade miroir

Caractéristiques
Type : Digital
Capacité : 30 L
Couleur : Gris (Silver-miroir)
Modèle : AC930AA4
Ouverture : Côté
Fonction : Gril
Dimensions : Largeur 52 cm ; Hauteur 33 cm ; Profondeur 50 cm"
MIOGRE20-CA8200,Autre Marque,Micro onde green 20 litres blanc ca820002,cuisson,Fours & micro-ondes,47000,micro,jour,20 L,Capacité: 20 L | Couleur: Blanc | Garantie: 12 mois,images/MIOGRE20-CA8200-1.png,images/MIOGRE20-CA8200-1.png,oui,"Ce micro-ondes de 20 litres de couleur blanche convient pour les cuissons et réchauffages quotidiens.

Points forts
• Capacité de 20 litres
• Coloris blanc

Caractéristiques
Capacité : 20 L
Couleur : Blanc"
MIOHAI28-HBMW28,Haier,Micro onde Haier encastrable 28 litres gris hbmw28lbg,cuisson,Fours & micro-ondes,182000,micro,jour,28 L,Type: Encastrable | Capacité: 28 L | Couleur: Gris | Garantie: 12 mois,images/MIOHAI28-HBMW28-1.jpg,images/MIOHAI28-HBMW28-1.jpg,oui,"Ce micro-ondes encastrable de 28 litres en acier inoxydable gris s'intègre harmonieusement dans les meubles de cuisine.

Points forts
• Modèle encastrable
• Capacité de 28 litres
• Conception en acier inoxydable

Caractéristiques
Type : Encastrable
Capacité : 28 L
Couleur : Gris
Matériel : Acier inoxydable
Interface : Boutons"
MIOHIS20-H20MOB,Hisense,Micro onde Hisense 20 litres averc grille noir h20mobp1hg,cuisson,Fours & micro-ondes,54000,micro,jour,20 L,Capacité: 20 L | Couleur: Noir | Garantie: 12 mois,images/MIOHIS20-H20MOB-1.png,images/MIOHIS20-H20MOB-1.png,oui,"Ce micro-ondes de 20 litres de couleur noire est équipé d'une grille pour vos préparations.

Points forts
• Capacité de 20 litres
• Équipé d'une grille
• Coloris noir

Caractéristiques
Capacité : 20 L
Couleur : Noir"
MIOHIS20-H20MOW,Hisense,Micro onde Hisense 20 litres h20mows10/h20mows14,cuisson,Fours & micro-ondes,48000,micro,jour,20 L,Capacité: 20 L | Garantie: 12 mois,images/MIOHIS20-H20MOW-1.jpg,images/MIOHIS20-H20MOW-1.jpg;images/MIOHIS20-H20MOW-3.jpg;images/MIOHIS20-H20MOW-2.jpg,oui,"Ce micro-ondes de comptoir de 20 litres dispose de commandes mécaniques et de plusieurs niveaux de puissance pour un usage simple.

Points forts
• Capacité de 20 litres
• 6 niveaux de puissance micro-ondes
• Fonction de dégivrage et minuterie de 35 minutes
• Serrure de sécurité de porte et signal de fin de cuisson

Caractéristiques
Type d'installation : Comptoir
Capacité : 20 L
Couleur : Blanc
Matériau : Métal, Verre
Interface : Boutons
Commandes : Mécaniques
Fonction gril : Sans
Cavité : Peinte en blanc
Niveaux de puissance : 6
Minuterie : 35 minutes
Dimensions : 44,6 x 33,2 x 24,5 cm"
MIOHIS34-HMAS34,Hisense,Micro onde Hisense 34 litres avec grille noir hmas3410ssg,cuisson,Fours & micro-ondes,74500,micro,jour,34 L,Capacité: 34 L | Couleur: Noir | Garantie: 12 mois,images/MIOHIS34-HMAS34-1.png,images/MIOHIS34-HMAS34-1.png,oui,"Ce micro-ondes Hisense d'une capacité de 34 litres dispose d'une fonction grille pour diversifier vos préparations culinaires au quotidien.

Points forts
• Capacité de 34 litres
• Fonction grille intégrée
• Coloris noir

Caractéristiques
Capacité : 34 L
Couleur : Noir"
MIOHIS34-H34MOB,Hisense,Micro onde Hisense 34 litres noir matte h34mobs17,cuisson,Fours & micro-ondes,69500,micro,jour,34 L,Capacité: 34 L | Couleur: Noir | Garantie: 12 mois,images/MIOHIS34-H34MOB-3.png,images/MIOHIS34-H34MOB-3.png;images/MIOHIS34-H34MOB-2.png;images/MIOHIS34-H34MOB-1.png;images/MIOHIS34-H34MOB-4.png,oui,"Le micro-ondes Hisense de 34 litres au design noir mat s'intègre facilement dans votre cuisine pour réchauffer et cuisiner vos plats.

Points forts
• Capacité de 34 litres
• Finition noir mat
• Appareil simple d'utilisation

Caractéristiques
Capacité : 34 L
Couleur : Noir"
MIOHIS42-HMMG42,Hisense,Micro onde Hisense 42 litres avec grille noir hmmg4210dsg,cuisson,Fours & micro-ondes,85000,micro,jour,42 L,Capacité: 42 L | Couleur: Noir | Garantie: 12 mois,images/MIOHIS42-HMMG42-1.png,images/MIOHIS42-HMMG42-1.png,oui,"Ce grand micro-ondes Hisense de 42 litres avec grille vous offre un espace confortable pour cuisiner et dorer vos plats.

Points forts
• Grande capacité de 42 litres
• Fonction grille
• Coloris noir

Caractéristiques
Capacité : 42 L
Couleur : Noir"
MIOHIS25-HB25MO,Hisense,Micro onde Hisense encastrable 25 litres avec grille noir hb25mobx7g,cuisson,Fours & micro-ondes,135000,micro,jour,25 L,Type: Encastrable | Capacité: 25 L | Couleur: Noir | Garantie: 12 mois,images/MIOHIS25-HB25MO-3.png,images/MIOHIS25-HB25MO-3.png;images/MIOHIS25-HB25MO-2.png;images/MIOHIS25-HB25MO-5.png;images/MIOHIS25-HB25MO-1.jpg;images/MIOHIS25-HB25MO-4.png,oui,"Ce micro-ondes encastrable Hisense de 25 litres avec grille s'intègre harmonieusement dans les meubles de votre cuisine.

Points forts
• Type encastrable
• Capacité de 25 litres
• Fonction grille
• Coloris noir

Caractéristiques
Type : Encastrable
Capacité : 25 L
Couleur : Noir"
6677,Lefon,Micro onde lefon 23 litres noir c23ugp02e80,cuisson,Fours & micro-ondes,56000,micro,jour,23 L,Capacité: 23 L | Couleur: Noir | Garantie: 12 mois,images/6677-1.jpg,images/6677-1.jpg,oui,"Ce micro-ondes Lefon de 23 litres avec grille est équipé d'une minuterie de 60 minutes pour la cuisson de vos repas.

Points forts
• Capacité de 23 litres avec grille
• Minuterie de 60 minutes
• Puissance de sortie de 800 W
• Coloris noir

Caractéristiques
Modèle : C23UGP02-E80
Litrage : 23 L
Puissance d'entrée : 1280 W
Puissance de sortie : 800 W
Couleur : Noir"
MIOLG20-MS2042D,LG,Micro onde LG 20 litres noir ms2042db,cuisson,Fours & micro-ondes,78000,micro,jour,20 L,Capacité: 20 L | Couleur: Noir | Garantie: 12 mois,images/MIOLG20-MS2042D-1.jpg,images/MIOLG20-MS2042D-1.jpg;images/MIOLG20-MS2042D-3.jpg;images/MIOLG20-MS2042D-2.jpg,oui,"Ce micro-ondes pose libre LG de 20 litres convient pour réchauffer et préparer vos plats au quotidien.

Points forts
• Capacité de 20 litres
• Puissance de 700 Watts
• Type d'installation pose libre
• Coloris noir

Caractéristiques
Dimensions : 32 x 45,5 x 25,2 cm
Capacité : 20 L
Consommation électrique annuelle : 500 kWh/an
Type d'installation : Freistehend
Couleur : Noir
Puissance : 700 W
Poids : 10 kg"
MIOLG65-MH6535G,LG,Micro onde LG 25 litres blanc mh6535gisw,cuisson,Fours & micro-ondes,104000,micro,jour,25 L,Capacité: 25 L | Couleur: Blanc | Garantie: 12 mois,images/MIOLG65-MH6535G-1.jpg,images/MIOLG65-MH6535G-1.jpg;images/MIOLG65-MH6535G-4.jpg;images/MIOLG65-MH6535G-3.jpg;images/MIOLG65-MH6535G-2.jpg,oui,"Ce four micro-ondes grill LG d'une capacité de 25 litres s'intègre facilement dans votre cuisine pour vos cuissons et réchauffages quotidiens. Il dispose de programmes variés et d'un revêtement pratique.

Points forts
• Puissance maximale du micro-ondes de 1100 Watt
• Fonction gril avec une puissance de 900 Watt
• Revêtement intérieur Email Easy Clean
• 32 programmes de cuisson disponibles
• Plateau tournant amovible de 29,2 cm

Caractéristiques
Capacité : 25 litres
Couleur : Blanc
Format : Pose libre
Puissance maximale micro-ondes : 1100 Watt
Puissance du gril : 900 Watt
Dimensions de la cavité : 32.2 cm x 33.5 cm x 22.8 cm
Revêtement intérieur : Email Easy Clean
Nombre de programmes : 32
Taille du plateau tournant : 29.2 cm
Plateau tournant : Oui (amovible)"
MIOLG82-MH8265C,LG,Micro onde LG 42 litres gris mh8265cis,cuisson,Fours & micro-ondes,139500,micro,jour,42 L,Capacité: 42 L | Couleur: Gris | Garantie: 12 mois,images/MIOLG82-MH8265C-3.jpg,images/MIOLG82-MH8265C-3.jpg;images/MIOLG82-MH8265C-2.jpg;images/MIOLG82-MH8265C-1.jpg,oui,"Ce micro-ondes LG de 42 litres en coloris gris intègre la technologie Smart Inverter pour réchauffer et décongeler les aliments avec précision.

Points forts
• Technologie Smart Inverter pour un contrôle précis de la puissance
• Permet de réchauffer et décongeler rapidement et efficacement

Caractéristiques
Capacité : 42 L
Couleur : Gris
Technologie : Smart Inverter"
MIOLG82-MH8265D,LG,Micro onde LG 42 litres noir mh8265dis,cuisson,Fours & micro-ondes,139500,micro,jour,42 L,Capacité: 42 L | Couleur: Noir | Garantie: 12 mois,images/MIOLG82-MH8265D-3.jpg,images/MIOLG82-MH8265D-3.jpg;images/MIOLG82-MH8265D-2.jpg;images/MIOLG82-MH8265D-5.jpg;images/MIOLG82-MH8265D-1.jpg;images/MIOLG82-MH8265D-4.jpg,oui,"Ce micro-ondes gril NeoChef de 42 litres de couleur noire combine la technologie Smart Inverter et un design moderne pour vos cuissons et réchauffages.

Points forts
• Capacité de 42 litres pour vos plats
• Technologie Smart Inverter et onduleur intelligent
• Fonctionnalité EasyClean anti-bactérien à 99,99%
• Cuisson rapide et réchauffage uniforme

Caractéristiques
Capacité : 42 L
Couleur : Noir
Type : Smart Inverter
Gamme : NeoChef
Dimensions (L x H x P) : 544 x 308 x 458 mm
Revêtement : EasyClean anti-bactérien 99,99%"
MIOMID20-EM7P01,Midea,Micro onde Midea 20 litres digital noir em7p012mzb,cuisson,Fours & micro-ondes,57700,micro,jour,20 L,Type: Digital | Capacité: 20 L | Couleur: Noir | Garantie: 12 mois,images/MIOMID20-EM7P01-2.png,images/MIOMID20-EM7P01-2.png;images/MIOMID20-EM7P01-1.png;images/MIOMID20-EM7P01-3.png,oui,"Ce micro-ondes digital Midea d'une capacité de 20 litres en coloris noir convient pour le réchauffage et la préparation de vos repas quotidiens.

Points forts
• Interface digitale
• Capacité de 20 litres

Caractéristiques
Type : Digital
Capacité : 20 L
Couleur : Noir"
MIOMID20-MM7P01,Midea,Micro onde Midea 20 litres manuel noir mm7p012mzb,cuisson,Fours & micro-ondes,57700,micro,jour,20 L,Type: Manuel | Capacité: 20 L | Couleur: Noir | Garantie: 12 mois,images/MIOMID20-MM7P01-3.png,images/MIOMID20-MM7P01-3.png;images/MIOMID20-MM7P01-2.png;images/MIOMID20-MM7P01-1.png,oui,"Ce micro-ondes manuel Midea d'une capacité de 20 litres de couleur noire est idéal pour les utilisations quotidiennes simples.

Points forts
• Fonctionnement manuel simple
• Capacité de 20 litres

Caractéristiques
Type : Manuel
Capacité : 20 L
Couleur : Noir"
MIOROC20-RMW20B,Roch,Micro onde Roch 20 litres gris rmw20lmx7b(s),cuisson,Fours & micro-ondes,41800,micro,jour,20 L,Capacité: 20 L | Couleur: Gris | Garantie: 12 mois,images/MIOROC20-RMW20B-1.jpg,images/MIOROC20-RMW20B-1.jpg,oui,"Ce micro-ondes Roch de 20 litres en coloris gris est équipé de plusieurs menus automatiques et d'une fonction de décongélation rapide pour simplifier la cuisine au quotidien.

Points forts
• Fonction de décongélation rapide
• 8 menus automatiques intégrés
• Sécurité de verrouillage pour enfant
• Signal de fin de cuisson

Caractéristiques
Capacité : 20 L
Couleur : Gris
Puissance : 700W
Menus automatiques : 8
Sécurité : Verrouillage pour enfant"
MIOSAM20-MS20A1,Samsung,Micro onde Samsung 20 litres blanc ms20a3010ah,cuisson,Fours & micro-ondes,64000,micro,jour,20 L,Capacité: 20 L | Couleur: Blanc | Garantie: 12 mois,images/MIOSAM20-MS20A1-2.png,images/MIOSAM20-MS20A1-2.png;images/MIOSAM20-MS20A1-5.png;images/MIOSAM20-MS20A1-1.jpg;images/MIOSAM20-MS20A1-4.png;images/MIOSAM20-MS20A1-3.png,oui,"Ce micro-ondes Samsung de 20 litres de couleur blanche est conçu pour le réchauffage et la cuisson de vos plats au quotidien.

Points forts
• Capacité de 20 litres
• Coloris blanc

Caractéristiques
Capacité : 20 L
Couleur : Blanc"
MIOSAM20-MS20A3,Samsung,Micro onde Samsung 20 litres noir ms20a3010al,cuisson,Fours & micro-ondes,69500,micro,jour,20 L,Capacité: 20 L | Couleur: Noir | Garantie: 12 mois,images/MIOSAM20-MS20A3-1.jpg,images/MIOSAM20-MS20A3-1.jpg;images/MIOSAM20-MS20A3-4.jpg;images/MIOSAM20-MS20A3-3.jpg;images/MIOSAM20-MS20A3-2.jpg;images/MIOSAM20-MS20A3-5.jpg,oui,"Ce micro-ondes Samsung de 20 litres de couleur noire est conçu pour le réchauffage et la cuisson de vos plats au quotidien.

Points forts
• Capacité de 20 litres
• Puissance absorbée de 1050 W
• Plateau tournant de 255 mm
• Minuterie de cuisine intégrée

Caractéristiques
Capacité : 20 L
Couleur : Noir
Puissance absorbée : 1050 W
Dimensions extérieures : 440 x 259 x 337.5 mm
Taille du plateau tournant : 255 mm
Mode de contrôle : Mechanical
Type de porte : Push Button
Source d'alimentation : 230V / 50Hz
Minuterie : Oui"
MICRO-ONDE-SAMSUNG-AVEC-GRILLE-NOIR-MG23K3515AK-EF,Samsung,Micro onde Samsung avec grille noir mg23k3515ak/ef,cuisson,Fours & micro-ondes,102000,micro,jour,,Couleur: Noir | Garantie: 12 mois,images/MICRO-ONDE-SAMSUNG-AVEC-GRILLE-NOIR-MG23K3515AK-EF-2.jpg,images/MICRO-ONDE-SAMSUNG-AVEC-GRILLE-NOIR-MG23K3515AK-EF-2.jpg;images/MICRO-ONDE-SAMSUNG-AVEC-GRILLE-NOIR-MG23K3515AK-EF-1.jpg,oui,"Ce micro-ondes Samsung avec grille de couleur noire permet de cuire, dorer et gratiner vos plats et pizzas.

Points forts
• Fonction gril pour gratiner et dorer
• Plateau de 28,8 cm pour grande assiette
• Touches grill 30 s pour la fin de cuisson
• 6 niveaux de puissance

Caractéristiques
Couleur : Noir
Puissance micro-ondes : 800 W
Puissance gril : 1100 W
Niveaux de puissance : 6
Type de micro-ondes : Gril
Type d'installation : Sur le plan de travail ou dans une niche
Ouverture de la porte : Latérale"
MICRO-ONDE-SAMSUNG-MS23K3513AW-3515,Samsung,Micro onde Samsung ms23k3513aw/3515,cuisson,Fours & micro-ondes,74000,micro,jour,,Garantie: 12 mois,images/MICRO-ONDE-SAMSUNG-MS23K3513AW-3515-2.jpg,images/MICRO-ONDE-SAMSUNG-MS23K3513AW-3515-2.jpg;images/MICRO-ONDE-SAMSUNG-MS23K3513AW-3515-1.jpg;images/MICRO-ONDE-SAMSUNG-MS23K3513AW-3515-3.jpg,oui,"Ce micro-ondes Samsung d'une capacité de 23 litres dispose d'un revêtement intérieur en émail céramique pour faciliter la cuisine quotidienne.

Points forts
• Capacité du four de 23 L
• Revêtement de la cavité en céramique émaillée
• Affichage LED et commandes tactiles
• Puissance restituée de 800 W

Caractéristiques
Capacité : 23 L
Couleur de la cavité : White
Mode de contrôle : Tact
Type de porte : Handle
Revêtement de la cavité : Ceramic Enamel
Taille du plateau tournant : 288 mm
Type d'affichage : LED
Source d'alimentation : 230V / 50Hz
Puissance restituée : 800 W
Puissance absorbée : 1150 W"
MIOSHA20-R20MRS,Sharp,Micro onde Sharp 20 litres gris r20mt(s),cuisson,Fours & micro-ondes,52300,micro,jour,20 L,Capacité: 20 L | Couleur: Gris | Garantie: 12 mois,images/MIOSHA20-R20MRS-1.jpg,images/MIOSHA20-R20MRS-1.jpg,oui,"Ce micro-ondes Sharp de 20 litres de couleur grise intègre plusieurs menus de cuisson automatique pour vos préparations culinaires.

Points forts
• Puissance de sortie micro-ondes de 900W
• 6 menus de cuisson automatique
• Plateau tournant de 315 mm
• Sécurité enfants et fonction minuterie

Caractéristiques
Capacité : 20 L
Couleur : Gris
Puissance de sortie : 900 W
Niveaux de puissance : 11
Taille du plateau tournant : 315 mm
Dimensions : 305 x 513 x 425 mm
Dimensions de la cavité : 208 x 330 x 369 mm
Poids : 15 kg"
MIOSHA20-R20GBN,Sharp,Micro onde Sharp 20 litres noir r20gb(s),cuisson,Fours & micro-ondes,52300,micro,jour,20 L,Capacité: 20 L | Couleur: Noir | Garantie: 12 mois,images/MIOSHA20-R20GBN-1.png,images/MIOSHA20-R20GBN-1.png,oui,"Ce micro-ondes Sharp de 20 litres de couleur noire en inox est équipé d'un affichage Smart LED et d'un mode économie d'énergie.

Points forts
• Capacité de 20 litres
• Affichage Smart LED
• Matière en inox
• Mode économie d'énergie

Caractéristiques
Capacité : 20 L
Couleur : Noir
Puissance : 800 W
Contrôleur d'affichage : Smart LED
Matière : Inox"
MIOSHA20-R20CTS,Sharp,Micro onde Sharp 20 litres r20 gris ct/r20ao(k)v,cuisson,Fours & micro-ondes,52300,micro,jour,20 L,Capacité: 20 L | Couleur: Gris | Garantie: 12 mois,images/MIOSHA20-R20CTS-2.jpg,images/MIOSHA20-R20CTS-2.jpg;images/MIOSHA20-R20CTS-1.jpg,oui,"Ce micro-ondes Sharp de 20 litres est conçu pour vous accompagner au quotidien dans le réchauffage et la cuisson rapide de vos plats.

Points forts
• Volume utile de 20 litres
• Puissance de 800 W
• 5 niveaux de puissance réglables
• Corps en acier inoxydable

Caractéristiques
Type de produit : Micro-ondes
Matière : Acier inoxydable
Volume : 20 Litres
Puissance : 800W
Niveaux de puissance : 5
Tension : 230-240V
Fréquence : 50Hz
Dimensions : 45 x 32 x 25 cm
Poids : 10.00 Kg"
MIOSHA25-R25CTS,Sharp,Micro onde Sharp 25 litres gris r25ct(s)/r75mt(s),cuisson,Fours & micro-ondes,75500,micro,jour,25 L,Capacité: 25 L | Couleur: Gris | Garantie: 12 mois,images/MIOSHA25-R25CTS-1.jpg,images/MIOSHA25-R25CTS-1.jpg,oui,"Ce micro-ondes Sharp de 25 litres vous offre un espace pratique pour vos préparations culinaires de tous les jours.

Points forts
• Capacité de 25 litres
• Coloris gris

Caractéristiques
Capacité : 25 L
Couleur : Gris"
MIOSHA28-R28CT1,Sharp,Micro onde Sharp 28 litres gris r-20ct / r-28ct (s),cuisson,Fours & micro-ondes,74000,micro,jour,28 L,Capacité: 28 L | Couleur: Gris | Garantie: 12 mois,images/MIOSHA28-R28CT1-1.png,images/MIOSHA28-R28CT1-1.png,oui,"Ce micro-ondes Sharp de 28 litres est idéal pour réchauffer et préparer vos plats en toute simplicité.

Points forts
• Capacité de 28 litres
• Coloris gris

Caractéristiques
Capacité : 28 L
Couleur : Gris"
MICRO-ONDE-SHARP-42LITRES-AVEC-GRILLE-GRIS-R42MCNBS3,Sharp,Micro onde Sharp 42 litres avec grille gris r42mcnbs3,cuisson,Fours & micro-ondes,97000,micro,jour,42 L,Capacité: 42 L | Couleur: Gris | Garantie: 12 mois,images/MICRO-ONDE-SHARP-42LITRES-AVEC-GRILLE-GRIS-R42MCNBS3-1.png,images/MICRO-ONDE-SHARP-42LITRES-AVEC-GRILLE-GRIS-R42MCNBS3-1.png,oui,"Ce micro-ondes Sharp de 42 litres avec grille intègre des fonctions avancées et une grande capacité pour vos cuissons variées.

Points forts
• Grande capacité de 42 litres
• Puissance de 1550 W
• 6 menus de cuisine intégrés
• Verrouillage de sécurité

Caractéristiques
Capacité : 42 L
Puissance : 1550 W
Menus de cuisine : 6
Porte : Acier inoxydable
Dispositifs de sécurité : Verrouillage de sécurité, affichage, témoin lumineux
Diamètre intérieur : 420 mm
Dimensions : 61 x 47 x 33,5 cm
Couleur : Gris"
MIOSHA78-R78000,Sharp,Micro onde Sharp 43 litres gris r78bt (st),cuisson,Fours & micro-ondes,97000,micro,jour,43 L,Capacité: 43 L | Couleur: Gris | Garantie: 12 mois,images/MIOSHA78-R78000-2.jpg,images/MIOSHA78-R78000-2.jpg;images/MIOSHA78-R78000-1.jpg,oui,"Ce micro-ondes Sharp d'une capacité de 43 litres offre un volume généreux pour toutes vos préparations culinaires.

Points forts
• Capacité de 43 litres
• Matériau en acier
• Coloris silver

Caractéristiques
Matériau : Acier
Capacité : 43 Litres
Dimensions : 58.4 x 48.2 x 35.6 cm
Poids : 43 Livres
Voltage : 240 Volts
Couleur : Silver"
MIOSHA56-R56CTS,Sharp,Micro onde Sharp 62 litres gris r562cr (st),cuisson,Fours & micro-ondes,112000,micro,jour,62 L,Capacité: 62 L | Couleur: Gris | Garantie: 12 mois,images/MIOSHA56-R56CTS-1.jpg,images/MIOSHA56-R56CTS-1.jpg;images/MIOSHA56-R56CTS-2.jpg,oui,"Ce micro-ondes Sharp grand format de 62 litres est conçu pour répondre aux besoins de cuisson importants.

Points forts
• Capacité spacieuse de 62 litres
• Puissance de sortie de 1200 W
• Taille du plateau de 420 mm
• Verre avant miroir et aspect inoxydable

Caractéristiques
Taille du plateau : 420 mm
Capacité : 62 L
Puissance de sortie : 1200 W
Couleur : Gris"
MIOSMA42-STMW42,Smart Technology,Micro onde Smart Technology 42 litres noir stmw42wb,cuisson,Fours & micro-ondes,67800,micro,jour,42 L,Capacité: 42 L | Couleur: Noir | Garantie: 12 mois,images/MIOSMA42-STMW42-1.jpg,images/MIOSMA42-STMW42-1.jpg,oui,"Ce micro-ondes Smart Technology de 42 litres en couleur noir est conçu pour réchauffer et préparer vos plats au quotidien.

Points forts
• Capacité de 42 L
• Ecran tactile et commandes manuelles
• 10 niveaux de puissance
• Minuteur avec signal de cuisson
• Intérieur éclairé

Caractéristiques
Capacité : 42 L
Couleur : Noir
Type de produit : Micro-ondes
Modèle : STMW42WB
Tension : 230-240V
Fréquence : 50Hz"
MIOTEC28-MOS28T,Tecnolux,Micro onde Tecnolux encastrable 25 litres Inox mos28tec,cuisson,Fours & micro-ondes,134000,micro,jour,25 L,Type: Encastrable | Capacité: 25 L | Couleur: Inox | Garantie: 12 mois,images/MIOTEC28-MOS28T-2.jpg,images/MIOTEC28-MOS28T-2.jpg;images/MIOTEC28-MOS28T-1.jpg,oui,"Ce micro-ondes encastrable Tecnolux offre une capacité de 25 litres avec une finition en inox pour votre cuisine.

Points forts
• Modèle encastrable
• Capacité de 25 L
• Couleur inox

Caractéristiques
Type : Encastrable
Capacité : 25 L
Couleur : Inox"
MIOTEC28-MGB28T,Tecnolux,Micro onde Tecnolux encastrable 25 litres noir mob28tec,cuisson,Fours & micro-ondes,134000,micro,jour,25 L,Type: Encastrable | Capacité: 25 L | Couleur: Noir | Garantie: 12 mois,images/MIOTEC28-MGB28T-1.jpg,images/MIOTEC28-MGB28T-1.jpg,oui,"Ce micro-ondes encastrable Tecnolux de 25 litres en couleur noir s'intègre facilement dans votre cuisine.

Points forts
• Modèle encastrable
• Capacité de 25 L
• Couleur noire

Caractéristiques
Type : Encastrable
Capacité : 25 L
Couleur : Noir"
MIOVER25-D9025M,Autre Marque,Micro onde verta encastrable 25 litres noir vermic2024c,cuisson,Fours & micro-ondes,67500,micro,jour,25 L,Type: Encastrable | Capacité: 25 L | Couleur: Noir | Garantie: 12 mois,images/MIOVER25-D9025M-1.jpg,images/MIOVER25-D9025M-1.jpg,oui,"Ce micro-ondes encastrable de 25 litres est doté d'une cavité en acier inoxydable et de fonctions de cuisson adaptées.

Points forts
• Capacité de 25 L
• Cavité en acier inoxydable
• Ouverture de la porte par bouton-poussoir

Caractéristiques
Type : Encastrable
Capacité : 25 L
Couleur : Noir
Voltage / Fréquence : 230-240 V 50 Hz
Puissance de sortie : 900 W
Puissance absorbée micro-ondes : 1 400 W
Puissance absorbée gril : 1 000 W
Dimensions : 390 x 595 x 395 mm"
MIOYAK20-YE20MG,Onde,Micro onde yaki 20 litres avec grille gris ye20mgp08,cuisson,Fours & micro-ondes,47000,micro,jour,20 L,Capacité: 20 L | Couleur: Gris | Garantie: 12 mois,images/MIOYAK20-YE20MG-1.png,images/MIOYAK20-YE20MG-1.png;images/MIOYAK20-YE20MG-2.png,oui,"Ce micro-ondes Yaki de 20 litres avec grille et finition grise est idéal pour le réchauffage quotidien.

Points forts
• Capacité de 20 L
• Fonction avec grille
• Couleur grise

Caractéristiques
Capacité : 20 L
Couleur : Gris"
MIOYAK20-Y20MX6,Onde,Micro onde yaki 20 litres blanc ye20mx63l,cuisson,Fours & micro-ondes,47000,micro,jour,20 L,Capacité: 20 L | Couleur: Blanc | Garantie: 12 mois,images/MIOYAK20-Y20MX6-1.png,images/MIOYAK20-Y20MX6-1.png,oui,"Ce micro-ondes Yaki de 20 litres de couleur blanche permet de réchauffer vos plats simplement.

Points forts
• Capacité de 20 L
• Couleur blanche

Caractéristiques
Capacité : 20 L
Couleur : Blanc"
MIOYAK20-YE20MX,Autre Marque,Micro onde yaki 20 litres gris ye20mxp08c70,cuisson,Fours & micro-ondes,47000,micro,jour,20 L,Capacité: 20 L | Couleur: Gris | Garantie: 12 mois,images/MIOYAK20-YE20MX-1.jpg,images/MIOYAK20-YE20MX-1.jpg,oui,"Ce micro-ondes d'une capacité de 20 litres de couleur gris convient pour réchauffer vos plats du quotidien.

Points forts
• Capacité de 20 litres
• Coloris gris

Caractéristiques
Capacité : 20 L
Couleur : Gris"
MIOYAK25-YE25MG,Autre Marque,Micro onde yaki 25 litres avec grille noir ye25mgp03c80,cuisson,Fours & micro-ondes,67500,micro,jour,25 L,Capacité: 25 L | Couleur: Noir | Garantie: 12 mois,images/MIOYAK25-YE25MG-1.jpg,images/MIOYAK25-YE25MG-1.jpg,oui,"Ce micro-ondes d'une capacité de 25 litres avec fonction grille et de couleur noire est idéal pour vos préparations culinaires.

Points forts
• Capacité de 25 litres
• Équipé d'une grille
• Coloris noir

Caractéristiques
Capacité : 25 L
Couleur : Noir
Fonction : Grille"
MIOYAK30-YE30MG,Autre Marque,Micro onde yaki 30 litres avec grille gris ye30mgp03e9a,cuisson,Fours & micro-ondes,80000,micro,jour,30 L,Capacité: 30 L | Couleur: Gris | Garantie: 12 mois,images/MIOYAK30-YE30MG-1.jpg,images/MIOYAK30-YE30MG-1.jpg,oui,"Ce micro-ondes d'une capacité de 30 litres dispose d'une fonction grille pour diversifier vos cuissons à la maison.

Points forts
• Grande capacité de 30 litres
• Fonction grille incluse
• Coloris gris

Caractéristiques
Capacité : 30 L
Couleur : Gris
Fonction : Grille"
MIOYAK30-YEC34P,Onde,Micro onde yaki 34 litres avec grille noir yec34pgp3,cuisson,Fours & micro-ondes,80000,micro,jour,34 L,Capacité: 34 L | Couleur: Noir | Garantie: 12 mois,images/MIOYAK30-YEC34P-1.png,images/MIOYAK30-YEC34P-1.png,oui,"Ce micro-ondes de 34 litres en coloris noir intègre une grille pour répondre à vos besoins de cuisson et de réchauffage.

Points forts
• Capacité de 34 litres
• Fonction grille
• Coloris noir

Caractéristiques
Capacité : 34 L
Couleur : Noir
Fonction : Grille"
AIREND12-AF12LD,Enduro,Air flyer Enduro 12 litres tactil af12ldg,cuisson,Friteuses à air,65000,four,jour,12 L,Capacité: 12 L | Garantie: 12 mois,images/AIREND12-AF12LD-2.png,images/AIREND12-AF12LD-2.png;images/AIREND12-AF12LD-1.png,oui,"Cette friteuse à air de 12 litres est dotée de commandes tactiles pour faciliter la préparation de vos repas.

Points forts
• Capacité de 12 litres
• Panneau tactile

Caractéristiques
Capacité : 12 L
Type de commande : Tactile"
AIRAST10-AF010B,Astech,"Air fryer Astech 4,2 litres double compartiment af010bxb",cuisson,Friteuses à air,34000,four,jour,"4,2 L",Capacité: 2 L | Garantie: 12 mois,images/AIRAST10-AF010B-2.png,images/AIRAST10-AF010B-2.png;images/AIRAST10-AF010B-1.png;images/AIRAST10-AF010B-3.png,oui,"Cette friteuse à air dispose d'un double compartiment pour cuisiner facilement différents aliments.

Points forts
• Capacité de 2 litres
• Double compartiment

Caractéristiques
Capacité : 2 L
Conception : Double compartiment"
AIRAST07-AF007D,Astech,Air fryer Astech 7 litres af007dbk,cuisson,Friteuses à air,48000,four,jour,7 L,Capacité: 7 L | Garantie: 12 mois,images/AIRAST07-AF007D-2.png,images/AIRAST07-AF007D-2.png;images/AIRAST07-AF007D-1.png,oui,"Cette friteuse à air d'une capacité de 7 litres permet une cuisson saine et rapide de vos repas. Elle est idéale pour préparer vos plats préférés.

Points forts
• Capacité de 7 litres
• Technologie de circulation d'air chaud
• Contrôle facile et polyvalence de cuisson
• Facilité d'entretien et sécurité avancée

Caractéristiques
Capacité : 7 L"
AIRCAC82-CA8220,Cac,Air fryer cac 12 litres digital ca822016,cuisson,Friteuses à air,76000,four,jour,12 L,Type: Digital | Capacité: 12 L | Garantie: 12 mois,images/AIRCAC82-CA8220-1.jpg,images/AIRCAC82-CA8220-1.jpg;images/AIRCAC82-CA8220-4.png;images/AIRCAC82-CA8220-3.png;images/AIRCAC82-CA8220-2.jpg,oui,"Cet appareil est une friteuse à air digitale d'une capacité de 12 litres, conçue pour vos préparations culinaires.

Points forts
• Type digital
• Grande capacité de 12 litres

Caractéristiques
Type : Digital
Capacité : 12 L"
AIRCAC82-CA8208,Cac,Air fryer cac 2 litres digital ca822001,cuisson,Friteuses à air,35000,four,jour,2 L,Type: Digital | Capacité: 2 L | Garantie: 12 mois,images/AIRCAC82-CA8208-2.webp,images/AIRCAC82-CA8208-2.webp;images/AIRCAC82-CA8208-1.png,oui,"Cette friteuse à air digitale offre une capacité de 2 litres pour la cuisson de vos aliments.

Points forts
• Type digital
• Capacité de 2 litres

Caractéristiques
Type : Digital
Capacité : 2 L"
AIRCAC82-CA8210,Fryer,Air fryer cac 8 litres digital ca821016,cuisson,Friteuses à air,52000,four,jour,8 L,Type: Digital | Capacité: 8 L | Garantie: 12 mois,images/AIRCAC82-CA8210-1.png,images/AIRCAC82-CA8210-1.png;images/AIRCAC82-CA8210-2.jpg,oui,"Cette friteuse à air digitale dispose d'une capacité de 8 litres pour la réalisation de vos recettes.

Points forts
• Type digital
• Capacité de 8 litres

Caractéristiques
Type : Digital
Capacité : 8 L"
AIRDEC10-KEEC10,Decakila,"Air fryer Decakila a air digitale 2pieces 4,5 litres noir keec100b",cuisson,Friteuses à air,34000,four,jour,"4,5 L",Capacité: 5 L | Couleur: Noir | Garantie: 12 mois,images/AIRDEC10-KEEC10-1.png,images/AIRDEC10-KEEC10-1.png,oui,"Cette friteuse à air digitale de couleur noire propose une capacité de 5 litres pour la cuisson de vos plats.

Points forts
• Couleur noire
• Capacité de 5 L

Caractéristiques
Capacité : 5 L
Couleur : Noir"
AIREND09-AF09LD,Enduro,Air fryer Enduro 9 litres tactil noir af09ldg,cuisson,Friteuses à air,88800,four,jour,9 L,Capacité: 9 L | Couleur: Noir | Garantie: 12 mois,images/AIREND09-AF09LD-1.png,images/AIREND09-AF09LD-1.png,oui,"Cette friteuse à air chaud de 9 litres possède un écran tactile digital et 11 programmes préréglés pour cuisiner facilement.

Points forts
• Capacité de 9 litres
• 11 programmes de cuisson préréglés
• Écran tactile digital
• Revêtement antiadhésif et protection contre la surchauffe

Caractéristiques
Type : Friteuse à air chaud
Capacité : 9 Litres
Puissance : 2600 - 3100 W
Tension : 220-240V / 50-60Hz
Température : 60 - 200°C
Commande : Écran tactile digital
Programmes : 11 préréglés
Technologie : Circulation d’air vortex
Revêtement : Antiadhésif
Sécurité : Protection surchauffe
Couleur : Noir"
AIRHIS06-H06AFG,Hisense,Air fryer Hisense 5.2 litres noir h06afgy1s1,cuisson,Friteuses à air,58000,four,jour,"5,2 L",Capacité: 2 L | Couleur: Noir | Garantie: 12 mois,images/AIRHIS06-H06AFG-3.png,images/AIRHIS06-H06AFG-3.png;images/AIRHIS06-H06AFG-2.png;images/AIRHIS06-H06AFG-5.png;images/AIRHIS06-H06AFG-1.webp;images/AIRHIS06-H06AFG-4.png,oui,"Cette friteuse à air Hisense de 5,2 litres permet de cuisiner facilement grâce à ses programmes de friture et son panneau de contrôle tactile.

Points forts
• Capacité de 5,2 litres
• 7 programmes de friture
• Panneau LCD avec contrôle tactile
• Panier à frire et marmite amovibles

Caractéristiques
Capacité : 5,2 litres
Couleur : Noir
Puissance : 1500 W
Alimentation : 230V ~ 50Hz
Type de contrôle : Panneau LCD avec contrôle tactile
Dimensions : 36,5 x 27,5 x 29,4 cm"
AIRHIS06-H06AFB,Hisense,Air fryer Hisense 6.7 litres fenetre visible noir h06afbk1s3,cuisson,Friteuses à air,68000,four,jour,"6,7 L",Capacité: 7 L | Couleur: Noir | Garantie: 12 mois,images/AIRHIS06-H06AFB-3.png,images/AIRHIS06-H06AFB-3.png;images/AIRHIS06-H06AFB-2.png;images/AIRHIS06-H06AFB-1.png,oui,"Cette friteuse sans huile Hisense d'une capacité de 6,7 litres est idéale pour la cuisine quotidienne. Elle dispose d'un contrôle numérique et d'un réglage précis de la température.

Points forts
• Capacité de 6,7 litres
• Puissance de 1700 W
• Réglage de la température de 80 à 200 °C
• Réglage de la minuterie jusqu'à 60 minutes

Caractéristiques
Capacité : 6,7 L
Couleur : Noir
Type : Sans huile
Puissance : 1700 W
Poids net : 5,3 kg
Réglage de la température : 80 – 200 ℃
Réglage de la minuterie : 0 à 60 min"
AIRHIS08-H08AFK,Hisense,Air fryer Hisense 8 litres fenetre visible noir h08afbk1s4,cuisson,Friteuses à air,76000,four,jour,8 L,Capacité: 8 L | Couleur: Noir | Garantie: 12 mois,images/AIRHIS08-H08AFK-2.png,images/AIRHIS08-H08AFK-2.png;images/AIRHIS08-H08AFK-5.png;images/AIRHIS08-H08AFK-1.png;images/AIRHIS08-H08AFK-4.png;images/AIRHIS08-H08AFK-3.png,oui,"Ce multicuiseur et friteuse à air chaud Hisense de 8 litres à double compartiment offre une grande capacité pour vos préparations avec une circulation d'air rapide.

Points forts
• Capacité de 8 litres
• Double compartiment
• 8 programmes prédéfinis avec fenêtre de visualisation
• Arrêt automatique, minuterie et température réglable

Caractéristiques
Capacité : 8 litres
Puissance : 2100 W
Matériau : Céramique, plastique, acier inoxydable
Dimensions : 43,5 P x 35 L x 37,7 H cm
Température réglable : 80 à 200 °C"
AIRMIN55-5502A0,Fryer,Air fryer minda 10itres noir 5502a,cuisson,Friteuses à air,78000,four,jour,10 L,Couleur: Noir | Garantie: 12 mois,images/AIRMIN55-5502A0-2.png,images/AIRMIN55-5502A0-2.png;images/AIRMIN55-5502A0-1.png,oui,"Cette friteuse à air Minda de 10 litres de couleur noire convient pour vos préparations culinaires.

Points forts
• Couleur noir

Caractéristiques
Couleur : Noir"
AIRMIN26-2601A0,Fryer,Air fryer minda 6itres noir 2601a,cuisson,Friteuses à air,52000,four,jour,6 L,Couleur: Noir | Garantie: 12 mois,images/AIRMIN26-2601A0-1.png,images/AIRMIN26-2601A0-1.png,oui,"Cette friteuse à air Minda de 6 litres de couleur noire est conçue pour vos cuissons.

Points forts
• Couleur noir

Caractéristiques
Couleur : Noir"
AIRMIN35-3501A0,Fryer,Air fryer minda 7 litres noir 3501a,cuisson,Friteuses à air,58000,four,jour,7 L,Capacité: 7 L | Couleur: Noir | Garantie: 12 mois,images/AIRMIN35-3501A0-1.png,images/AIRMIN35-3501A0-1.png,oui,"Cette friteuse à air Minda d'une capacité de 7 litres est proposée en coloris noir.

Points forts
• Capacité de 7 litres
• Couleur noir

Caractéristiques
Capacité : 7 L
Couleur : Noir"
AIRMIN70-7002M0,Fryer,Air fryer minda 8itres noir 7002m,cuisson,Friteuses à air,65000,four,jour,8 L,Couleur: Noir | Garantie: 12 mois,images/AIRMIN70-7002M0-1.png,images/AIRMIN70-7002M0-1.png,oui,"La friteuse à air Fryer Minda d'une capacité de 8 litres est idéale pour vos préparations culinaires du quotidien. Elle se présente dans un coloris noir.

Points forts
• Capacité de 8 litres
• Coloris noir

Caractéristiques
Couleur : Noir"
AIRYAK08-YA810D,Fryer,Air fryer yaki 8 litres multifonction digital noir gris ya810dsv01s,cuisson,Friteuses à air,66800,four,jour,8 L,Type: Digital | Capacité: 8 L | Couleur: Gris | Garantie: 12 mois,images/AIRYAK08-YA810D-2.png,images/AIRYAK08-YA810D-2.png;images/AIRYAK08-YA810D-1.png,oui,"Découvrez la friteuse à air Fryer Yaki multifonction, dotée d'un affichage digital et d'une capacité de 8 litres pour cuisiner facilement.

Points forts
• Capacité de 8 litres
• Type digital
• Coloris gris

Caractéristiques
Type : Digital
Capacité : 8 L
Couleur : Gris"
HOTAST60-HO60S2,Astech,Hotte de cuisine Astech encastrable 60x60 noir ho60s22nogma/ho60s23nogma,cuisson,Hottes,120000,cuisine,jour,,Type: Encastrable | Couleur: Noir | Garantie: 12 mois,images/HOTAST60-HO60S2-1.jpg,images/HOTAST60-HO60S2-1.jpg,oui,"Cette hotte de cuisine encastrable Astech en acier peint et verre noir assure une aspiration efficace avec ses 3 vitesses et son éclairage LED.

Points forts
• Contrôle tactile avec 3 vitesses
• Débit d'air maximum de 440 m3/h
• Éclairage LED de 1,5W
• Équipée de 2 filtres à charbon

Caractéristiques
Type : Encastrable
Couleur : Noir
Boîtier : Acier peint en noir avec verre noir
Type de contrôle : Tactile
Nombre de réglages de vitesse : 3
Débit d'air max extrait : 440 m3/h
Type de lampes : LED
Puissance des lampes : 1,5W
Quantité de filtres à charbon : 2
Modèle : HO60S-22NOG-MA
Année : 2023"
HOTAST90-HO90S4,Astech,Hotte de cuisine Astech encastrable 90x60 noir ho90s44nogma/ho90s43nogma,cuisson,Hottes,117500,cuisine,jour,,Type: Encastrable | Couleur: Noir | Garantie: 12 mois,images/HOTAST90-HO90S4-1.jpg,images/HOTAST90-HO90S4-1.jpg,oui,"La hotte de cuisine Astech encastrable de couleur noire s'intègre harmonieusement dans votre espace de cuisson pour éliminer les odeurs.

Points forts
• Modèle encastrable
• Coloris noir

Caractéristiques
Type : Encastrable
Couleur : Noir"
HOTBEK60-TB6407,Beko,Hotte de cuisine Beko aspirante 60x30 Inox ctb6407x,cuisson,Hottes,87000,cuisine,jour,,Couleur: Inox | Garantie: 12 mois,images/HOTBEK60-TB6407-2.jpg,images/HOTBEK60-TB6407-2.jpg;images/HOTBEK60-TB6407-5.jpg;images/HOTBEK60-TB6407-1.jpg;images/HOTBEK60-TB6407-4.jpg;images/HOTBEK60-TB6407-3.jpg,oui,"Cette hotte tiroir Beko en Inox offre un débit d'aspiration modulable sur 3 niveaux pour purifier l'air de votre cuisine pendant la cuisson.

Points forts
• Capacité de ventilation maximale de 310 m³/h
• 3 niveaux de puissance
• Classe d'efficacité énergétique D

Caractéristiques
Type de hotte : Tiroir
Largeur : 60 cm
Hauteur : 30 cm
Profondeur : 20 cm
Classe d'efficacité énergétique : D
Niveau sonore minimum : 57 dBA
Niveau sonore maximum : 67 dBA
Capacité d'aspiration minimum : 180 m³/h
Capacité de ventilation maximale : 310 m³/h
Nombre de niveaux de puissance : 3
Couleur : Inox"
HOTBEK66-BHCB66,Beko,Hotte de cuisine Beko encastrable aspirante 60x60 bchca66641bbhs,cuisson,Hottes,172000,cuisine,jour,,Type: Encastrable | Garantie: 12 mois,images/HOTBEK66-BHCB66-2.png,images/HOTBEK66-BHCB66-2.png;images/HOTBEK66-BHCB66-1.jpg;images/HOTBEK66-BHCB66-3.png,oui,"La hotte de cuisine Beko encastrable et aspirante est conçue pour s'intégrer discrètement dans vos meubles de cuisine.

Points forts
• Modèle encastrable
• Fonction aspirante

Caractéristiques
Type : Encastrable"
HOTBEK64-CWB64X,Beko,Hotte de cuisine Beko encastrable aspirante 60x60 gris cwb6441xnh,cuisson,Hottes,172000,cuisine,jour,,Type: Encastrable | Couleur: Gris | Garantie: 12 mois,images/HOTBEK64-CWB64X-3.png,images/HOTBEK64-CWB64X-3.png;images/HOTBEK64-CWB64X-2.png;images/HOTBEK64-CWB64X-1.png;images/HOTBEK64-CWB64X-4.png,oui,"Cette hotte de cuisine encastrable Beko de couleur grise s'intègre parfaitement dans votre espace de cuisson pour aspirer les fumées.

Points forts
• Modèle encastrable discret
• Coloris gris élégant

Caractéristiques
Type : Encastrable
Couleur : Gris"
HOTGIN90-DA935N,Autre Marque,Hotte de cuisine ginzzu encastrable 90x60 noir hkh513,cuisson,Hottes,85000,cuisine,jour,,Type: Encastrable | Couleur: Noir | Garantie: 12 mois,images/HOTGIN90-DA935N-1.png,images/HOTGIN90-DA935N-1.png,oui,"Cette hotte de cuisine encastrable noire de format 90x60 est conçue pour être installée au dessus de votre plan de cuisson.

Points forts
• Modèle encastrable
• Coloris noir

Caractéristiques
Type : Encastrable
Couleur : Noir"
HOTHAI60-26EEB6,Haier,Hotte de cuisine Haier encastrable 60x60 noir cchp26eeb6,cuisson,Hottes,159000,cuisine,jour,,Type: Encastrable | Couleur: Noir | Garantie: 12 mois,images/HOTHAI60-26EEB6-1.jpg,images/HOTHAI60-26EEB6-1.jpg,oui,"Cette hotte de cuisine Haier s'installe en applique murale et dispose de trois niveaux de vitesse pour éliminer les odeurs de cuisson.

Points forts
• Débit d'air de 600 M3/h
• Commandes par boutons poussoir
• Éclairage halogène intégré
• Deux filtres à graisse métalliques

Caractéristiques
Type de hotte : Cheminée extensible en hauteur
Type de pose : En applique murale
Dimension : 60 cm
Puissance moteur : 200 W
Débit : 600 M3/h
Débit sonore : 49 dB(A)
Alimentation : 230 V – 50 Hz
Éclairage : Halogène 2x40W
Matière : Noire
Nombre de vitesse : 3 niveaux
Panneau de commande : Boutons poussoir
Couleur : Noir"
HOTHAI90-26EEB9,Haier,Hotte de cuisine Haier encastrable 90x60 noir cchp26eeb9,cuisson,Hottes,180000,cuisine,jour,,Type: Encastrable | Couleur: Noir | Garantie: 12 mois,images/HOTHAI90-26EEB9-1.jpg,images/HOTHAI90-26EEB9-1.jpg,oui,"Cette hotte de cuisine encastrable Haier de couleur noire convient pour équiper votre cuisine avec un format 90x60.

Points forts
• Modèle encastrable
• Coloris noir

Caractéristiques
Type : Encastrable
Couleur : Noir"
HOTHAI90-CHCS91,Haier,Hotte de cuisine Haier encastrable sensor 90x60 verre noir hchs90tb11a90cm,cuisson,Hottes,159900,cuisine,jour,,Type: Encastrable | Couleur: Noir | Garantie: 12 mois,images/HOTHAI90-CHCS91-1.jpg,images/HOTHAI90-CHCS91-1.jpg,oui,"Cette hotte de cuisine Haier en verre noir dispose d'une cheminée externe pour équiper votre cuisine.

Points forts
• Design en verre noir
• Modèle avec cheminée externe
• Largeur de 90 cm

Caractéristiques
Type : Encastrable
Couleur : Noir
Style de hotte : Hottes avec cheminée (externe)
Dimension : 90 cm
Matière : Verre noir"
HOTHIS60-HHO60S,Hisense,Hotte de cuisine Hisense encastrable 60x60 casquette Inox hho60pass,cuisson,Hottes,74000,cuisine,jour,,Type: Encastrable | Couleur: Inox | Garantie: 12 mois,images/HOTHIS60-HHO60S-2.webp,images/HOTHIS60-HHO60S-2.webp;images/HOTHIS60-HHO60S-1.webp;images/HOTHIS60-HHO60S-3.webp,oui,"Cette hotte de cuisine encastrable de type casquette en Inox de la marque Hisense trouve sa place facilement dans votre cuisine.

Points forts
• Modèle encastrable casquette
• Finition en Inox

Caractéristiques
Type : Encastrable
Couleur : Inox"
HOTHIS60-600MM0,Hisense,Hotte de cuisine Hisense encastrable 60x60 casquette Inox hho60tass,cuisson,Hottes,74000,cuisine,jour,,Type: Encastrable | Couleur: Inox | Garantie: 12 mois,images/HOTHIS60-600MM0-2.jpg,images/HOTHIS60-600MM0-2.jpg;images/HOTHIS60-600MM0-1.jpg,oui,"Cette hotte de cuisine encastrable en acier inoxydable de 60 cm assure l'évacuation des fumées et graisses dans votre cuisine.

Points forts
• Finition en acier inoxydable
• Éclairage LED intégré
• 3 vitesses de ventilation
• Filtres à graisse en aluminium lavables

Caractéristiques
Type : Encastrable
Couleur : Inox
Largeur : 60 cm
Classe d'efficacité énergétique : A+
Tension / Fréquence nominale : 220-240V / 50Hz
Puissance nominale totale : 67W
Puissance du moteur : 65W
Éclairage : LED 1 x 1,5 W
Nombre de vitesses : 3
Débit d'air max : 330 m³/h
Filtre à graisse : 2 filtres en aluminium lavables"
HOTHIS60-HHO60P,Hisense,Hotte de cuisine Hisense encastrable 60x60 casquette noir hho60pabl,cuisson,Hottes,77000,cuisine,jour,,Type: Encastrable | Couleur: Noir | Garantie: 12 mois,images/HOTHIS60-HHO60P-1.jpg,images/HOTHIS60-HHO60P-1.jpg;images/HOTHIS60-HHO60P-3.jpg;images/HOTHIS60-HHO60P-2.jpg,oui,"Cette hotte de cuisine encastrable de couleur noire est conçue pour l'extraction des fumées lors de la cuisson.

Points forts
• Contrôle de vitesse à 3 niveaux
• Éclairage LED intégré
• Filtres lavables

Caractéristiques
Type : Encastrable
Couleur : Noir
Puissance : 65W
Capacité : 180 m³/h
Nombre de vitesses : 3"
HOTHIS90-HHO90P,Hisense,Hotte de cuisine Hisense encastrable 90x60 casquette Inox hho90pass,cuisson,Hottes,81500,cuisine,jour,,Type: Encastrable | Couleur: Inox | Garantie: 12 mois,images/HOTHIS90-HHO90P-2.jpg,images/HOTHIS90-HHO90P-2.jpg;images/HOTHIS90-HHO90P-5.jpg;images/HOTHIS90-HHO90P-1.jpg;images/HOTHIS90-HHO90P-4.jpg;images/HOTHIS90-HHO90P-3.jpg,oui,"Cette hotte de cuisine encastrable de 90 cm en acier inoxydable et verre transparent s'installe sous meuble pour l'extraction ou la recirculation d'air.

Points forts
• Ventilation avec extraction ou recirculation d'air
• Filtres à graisse en aluminium lavables
• Contrôle par bouton-poussoir
• Éclairage LED

Caractéristiques
Type : Encastrable
Couleur : Inox
Largeur : 90 cm
Finition : Acier inoxydable et verre transparent avant"
HOTHIS90-HHO90A,Hisense,Hotte de cuisine Hisense encastrable 90x60 casquette Inox hho90tass,cuisson,Hottes,78500,cuisine,jour,,Type: Encastrable | Couleur: Inox | Garantie: 12 mois,images/HOTHIS90-HHO90A-2.webp,images/HOTHIS90-HHO90A-2.webp;images/HOTHIS90-HHO90A-1.webp;images/HOTHIS90-HHO90A-3.webp,oui,"Cette hotte de cuisine encastrable en inox de 90x60 cm convient pour l'évacuation des fumées de cuisson.

Points forts
• Format encastrable 90x60

Caractéristiques
Type : Encastrable
Couleur : Inox"
HOTHIS90-HHO90N,Hisense,Hotte de cuisine Hisense encastrable casquette 90x60 noir hho90pabl,cuisson,Hottes,78500,cuisine,jour,,Type: Encastrable | Couleur: Noir | Garantie: 12 mois,images/HOTHIS90-HHO90N-3.png,images/HOTHIS90-HHO90N-3.png;images/HOTHIS90-HHO90N-2.png;images/HOTHIS90-HHO90N-1.png,oui,"Cette hotte de cuisine encastrable de couleur noire en format 90x60 cm s'intègre facilement dans votre espace de cuisson.

Points forts
• Format encastrable 90x60

Caractéristiques
Type : Encastrable
Couleur : Noir"
HOTHOU90-S9001H,Autre Marque,Hotte de cuisine household encastrable 90x60 Inox xtchs9001,cuisson,Hottes,85000,cuisine,jour,,Type: Encastrable | Couleur: Inox | Garantie: 12 mois,images/HOTHOU90-S9001H-1.jpg,images/HOTHOU90-S9001H-1.jpg;images/HOTHOU90-S9001H-2.png,oui,"Cette hotte de cuisine encastrable en inox au format 90x60 cm permet d'équiper votre espace de cuisson.

Points forts
• Format encastrable 90x60

Caractéristiques
Type : Encastrable
Couleur : Inox"
HOTKUM68-DA683H,Kumtel,Hotte de cuisine kumtel encastrable 60x60 gris da6830 aob,cuisson,Hottes,85000,cuisine,jour,,Type: Encastrable | Couleur: Gris | Garantie: 12 mois,images/HOTKUM68-DA683H-2.png,images/HOTKUM68-DA683H-2.png;images/HOTKUM68-DA683H-1.png,oui,"Cette hotte de cuisine encastrable se intègre facilement dans votre espace de cuisson pour éliminer les odeurs et les fumées.

Points forts
• Modèle encastrable
• Coloris gris

Caractéristiques
Type : Encastrable
Couleur : Gris"
HOTKUM83-DA683G,Kumtel,Hotte de cuisine kumtel encastrable 60x60 gris da6835 aos,cuisson,Hottes,85000,cuisine,jour,,Type: Encastrable | Couleur: Gris | Garantie: 12 mois,images/HOTKUM83-DA683G-2.png,images/HOTKUM83-DA683G-2.png;images/HOTKUM83-DA683G-1.png,oui,"Cette hotte de cuisine encastrable trouve sa place facilement au-dessus de votre plan de cuisson.

Points forts
• Modèle encastrable
• Coloris gris

Caractéristiques
Type : Encastrable
Couleur : Gris"
HOTKUM68-DA683N,Kumtel,Hotte de cuisine kumtel encastrable 60x60 magic glass noir da6835aoj,cuisson,Hottes,110000,cuisine,jour,,Type: Encastrable | Couleur: Noir | Garantie: 12 mois,images/HOTKUM68-DA683N-2.png,images/HOTKUM68-DA683N-2.png;images/HOTKUM68-DA683N-1.png,oui,"Cette hotte de cuisine encastrable avec finition magic glass noir s'intègre harmonieusement dans votre cuisine.

Points forts
• Modèle encastrable
• Finition magic glass noir

Caractéristiques
Type : Encastrable
Couleur : Noir"
HOTKUM68-DA683K,Kumtel,Hotte de cuisine kumtel encastrable 60x60 magic glass noir da6835aok,cuisson,Hottes,110000,cuisine,jour,,Type: Encastrable | Couleur: Noir | Garantie: 12 mois,images/HOTKUM68-DA683K-2.png,images/HOTKUM68-DA683K-2.png;images/HOTKUM68-DA683K-1.png,oui,"Cette hotte de cuisine encastrable en verre noir apporte une touche moderne à votre aménagement.

Points forts
• Modèle encastrable
• Finition magic glass noir

Caractéristiques
Type : Encastrable
Couleur : Noir"
HOTKUM68-DA683L,Kumtel,Hotte de cuisine kumtel encastrable 60x60 magic glass noir da6835aol,cuisson,Hottes,110000,cuisine,jour,,Type: Encastrable | Couleur: Noir | Garantie: 12 mois,images/HOTKUM68-DA683L-1.png,images/HOTKUM68-DA683L-1.png;images/HOTKUM68-DA683L-2.png,oui,"Cette hotte de cuisine encastrable dispose d'un design en magic glass noir adapté aux cuisines modernes.

Points forts
• Modèle encastrable
• Finition magic glass noir

Caractéristiques
Type : Encastrable
Couleur : Noir"
HOTKUM83-DA6835,Kumtel,Hotte de cuisine kumtel encastrable 60x60 noir da6835,cuisson,Hottes,88000,cuisine,jour,,Type: Encastrable | Couleur: Noir | Garantie: 12 mois,images/HOTKUM83-DA6835-1.png,images/HOTKUM83-DA6835-1.png;images/HOTKUM83-DA6835-2.png,oui,"Cette hotte de cuisine encastrable de couleur noire s'installe discrètement dans vos meubles de cuisine.

Points forts
• Modèle encastrable
• Coloris noir

Caractéristiques
Type : Encastrable
Couleur : Noir"
HOTKUM83-DA683N,Kumtel,Hotte de cuisine kumtel encastrable 60x60 noir da6835 aof,cuisson,Hottes,88000,cuisine,jour,,Type: Encastrable | Couleur: Noir | Garantie: 12 mois,images/HOTKUM83-DA683N-2.png,images/HOTKUM83-DA683N-2.png;images/HOTKUM83-DA683N-1.png,oui,"Cette hotte de cuisine encastrable Kumtel est conçue pour s'intégrer dans votre cuisine et éliminer les fumées de cuisson.

Points forts
• Modele encastrable
• Coloris noir

Caractéristiques
Type : Encastrable
Couleur : Noir"
HOTKUM60-DP6SAO,Kumtel,Hotte de cuisine kumtel encastrable 60x60 noir dp6aob,cuisson,Hottes,88000,cuisine,jour,,Type: Encastrable | Couleur: Noir | Garantie: 12 mois,images/HOTKUM60-DP6SAO-2.png,images/HOTKUM60-DP6SAO-2.png;images/HOTKUM60-DP6SAO-1.png;images/HOTKUM60-DP6SAO-4.png;images/HOTKUM60-DP6SAO-3.png,oui,"Cette hotte de cuisine encastrable Kumtel s'intègre facilement dans votre espace pour purifier l'air de votre cuisine.

Points forts
• Modele encastrable
• Coloris noir

Caractéristiques
Type : Encastrable
Couleur : Noir"
HOTLUX43-DA6835,Luxell,Hotte de cuisine luxell encastrable 60x60 noir da6835,cuisson,Hottes,55000,cuisine,jour,,Type: Encastrable | Couleur: Noir | Garantie: 12 mois,images/HOTLUX43-DA6835-2.png,images/HOTLUX43-DA6835-2.png;images/HOTLUX43-DA6835-1.png,oui,"Cette hotte de cuisine encastrable Luxell assure l'évacuation des fumées et graisses lors de la préparation des repas.

Points forts
• Modele encastrable
• Coloris noir

Caractéristiques
Type : Encastrable
Couleur : Noir"
HOTROC60-RBH60P,Roch,Hotte de cuisine Roch encastrable 60x60 Inox rbh606prm,cuisson,Hottes,77000,cuisine,jour,,Type: Encastrable | Couleur: Inox | Garantie: 12 mois,images/HOTROC60-RBH60P-3.jpg,images/HOTROC60-RBH60P-3.jpg;images/HOTROC60-RBH60P-2.jpg;images/HOTROC60-RBH60P-1.jpg;images/HOTROC60-RBH60P-4.png,oui,"Cette hotte de cuisine encastrable Roch en inox offre une bonne capacité d'aspiration pour garder votre cuisine saine.

Points forts
• Capacité d'aspiration de 400 m3 / h
• Design encastrable en inox

Caractéristiques
Type : Encastrable
Couleur : Inox
Poids net : 4,10 kg
Poids brut : 5,40 kg
Capacité : 400 m3 / h"
HOTROC60-RCH601,Roch,Hotte de cuisine Roch encastrable 60x60 noir rbh6018glb,cuisson,Hottes,80000,cuisine,jour,,Type: Encastrable | Couleur: Noir | Garantie: 12 mois,images/HOTROC60-RCH601-1.png,images/HOTROC60-RCH601-1.png,oui,"Cette hotte de cuisine encastrable Roch de couleur noire trouve facilement sa place au-dessus de votre cuisinière.

Points forts
• Modele encastrable
• Coloris noir

Caractéristiques
Type : Encastrable
Couleur : Noir"
HOTTEC60-TEC60S,Tecnolux,Hotte de cuisine Technolux 60x60 avec sortie gris tec60ss,cuisson,Hottes,95000,cuisine,jour,,Couleur: Gris | Garantie: 12 mois,images/HOTTEC60-TEC60S-1.jpg,images/HOTTEC60-TEC60S-1.jpg,oui,"Cette hotte de cuisine Technolux avec sortie et finition grise est conçue pour équiper votre espace de cuisson.

Points forts
• Equipée d'une sortie
• Coloris gris

Caractéristiques
Couleur : Gris"
HOTTEC90-TEC90S,Tecnolux,Hotte de cuisine Technolux 90x60 avec sortie gris tec90ss,cuisson,Hottes,140000,cuisine,jour,,Couleur: Gris | Garantie: 12 mois,images/HOTTEC90-TEC90S-1.jpg,images/HOTTEC90-TEC90S-1.jpg,oui,"Cette hotte de cuisine de dimensions 90x60 est conçue pour aspirer les fumées et les odeurs lors de vos préparations culinaires.

Points forts
• Coloris gris
• Dimensions de 90x60

Caractéristiques
Couleur : Gris
Dimensions : 90x60"
HOTTEC60-TEC60P,Tecnolux,Hotte de cuisine Tecnolux encastrable 60x60 gris noir tec60pyramide,cuisson,Hottes,89900,cuisine,jour,,Type: Encastrable | Couleur: Gris | Garantie: 12 mois,images/HOTTEC60-TEC60P-1.jpg,images/HOTTEC60-TEC60P-1.jpg,oui,"Cette hotte de cuisine encastrable de 60 cm est adaptée pour éliminer les odeurs de cuisson dans votre cuisine.

Points forts
• Type encastrable
• Coloris gris noir
• Tension 220-240V / 50Hz

Caractéristiques
Type : Encastrable
Couleur : Gris noir
Tension / fréquence nominale : 220-240V / 50Hz
Dimensions : 60 cm"
HOTTEC60-TEC60B,Tecnolux,Hotte de cuisine Tecnolux encastrable 60x60 noir tec60bb,cuisson,Hottes,95000,cuisine,jour,,Type: Encastrable | Couleur: Noir | Garantie: 12 mois,images/HOTTEC60-TEC60B-1.jpg,images/HOTTEC60-TEC60B-1.jpg,oui,"Cette hotte de cuisine encastrable de coloris noir trouve sa place dans votre espace de cuisson pour filtrer les fumées.

Points forts
• Type encastrable
• Coloris noir

Caractéristiques
Type : Encastrable
Couleur : Noir"
HOTTEC60-TEC6BG,Tecnolux,Hotte de cuisine Tecnolux encastrable 60x60 verre noir tec60bg,cuisson,Hottes,83200,cuisine,jour,,Type: Encastrable | Couleur: Noir | Garantie: 12 mois,images/HOTTEC60-TEC6BG-1.jpg,images/HOTTEC60-TEC6BG-1.jpg,oui,"Cette hotte de cuisine encastrable 60x60 en verre noir s'intègre dans votre cuisine pour l'évacuation des fumées.

Points forts
• Type encastrable
• Format 60x60
• Finition verre noir

Caractéristiques
Type : Encastrable
Dimensions : 60x60
Couleur : Verre noir"
HOTTEC90-90X60C,Tecnolux,Hotte de cuisine Tecnolux encastrable 90x60 casquette noir hst90b,cuisson,Hottes,134000,cuisine,jour,,Type: Encastrable | Couleur: Noir | Garantie: 12 mois,images/HOTTEC90-90X60C-1.jpg,images/HOTTEC90-90X60C-1.jpg,oui,"Cette hotte de cuisine encastrable de type casquette en format 90x60 et de couleur noire est conçue pour votre cuisine.

Points forts
• Type encastrable
• Format 90x60
• Coloris noir

Caractéristiques
Type : Encastrable
Dimensions : 90x60
Couleur : Noir"
HOTTEC90-TEC90B,Tecnolux,Hotte de cuisine Tecnolux encastrable 90x60 noir tec90bb,cuisson,Hottes,134000,cuisine,jour,,Type: Encastrable | Couleur: Noir | Garantie: 12 mois,images/HOTTEC90-TEC90B-1.jpg,images/HOTTEC90-TEC90B-1.jpg,oui,"Cette hotte de cuisine encastrable 90x60 de couleur noire permet d'évacuer les odeurs et fumées de cuisson.

Points forts
• Type encastrable
• Format 90x60
• Coloris noir

Caractéristiques
Type : Encastrable
Dimensions : 90x60
Couleur : Noir"
HOTTEC90-TEC9BG,Tecnolux,Hotte de cuisine Tecnolux encastrable 90x60 verre noir tec90bg,cuisson,Hottes,130000,cuisine,jour,,Type: Encastrable | Couleur: Noir | Garantie: 12 mois,images/HOTTEC90-TEC9BG-1.jpg,images/HOTTEC90-TEC9BG-1.jpg,oui,"Cette hotte de cuisine encastrable Tecnolux de 90x60 cm en verre noir s'intègre facilement dans votre espace de cuisson pour évacuer les fumées.

Points forts
• Modèle encastrable
• Finition en verre noir
• Sortie verre noir

Caractéristiques
Type : Encastrable
Couleur : Noir"
HOTVER90-HM600N,Autre Marque,Hotte de cuisine verta encastrable 60x60 noir hm60010/d002.60.z005,cuisson,Hottes,55000,cuisine,jour,,Type: Encastrable | Couleur: Noir | Garantie: 12 mois,images/HOTVER90-HM600N-3.png,images/HOTVER90-HM600N-3.png;images/HOTVER90-HM600N-2.png;images/HOTVER90-HM600N-1.png;images/HOTVER90-HM600N-4.png,oui,"Cette hotte de cuisine encastrable de 60x60 cm de couleur noire trouve sa place au-dessus de votre plan de cuisson.

Points forts
• Modèle encastrable
• Coloris noir

Caractéristiques
Type : Encastrable
Couleur : Noir"
HOTVER60-HM6001,Autre Marque,Hotte de cuisine verta encastrable 60x60 noir hm60010/d006.z001,cuisson,Hottes,87500,cuisine,jour,,Type: Encastrable | Couleur: Noir | Garantie: 12 mois,images/HOTVER60-HM6001-2.jpg,images/HOTVER60-HM6001-2.jpg;images/HOTVER60-HM6001-5.webp;images/HOTVER60-HM6001-1.jpg;images/HOTVER60-HM6001-4.jpg;images/HOTVER60-HM6001-3.jpg,oui,"Cette hotte de cuisine encastrable de 60x60 cm de couleur noire s'installe discrètement dans votre cuisine.

Points forts
• Format encastrable
• Coloris noir

Caractéristiques
Type : Encastrable
Couleur : Noir"
HOTVER90-HM9001,Autre Marque,Hotte de cuisine verta encastrable 90x60 noir hm90013/d002.41401.z005,cuisson,Hottes,85000,cuisine,jour,,Type: Encastrable | Couleur: Noir | Garantie: 12 mois,images/HOTVER90-HM9001-2.jpg,images/HOTVER90-HM9001-2.jpg;images/HOTVER90-HM9001-5.webp;images/HOTVER90-HM9001-1.jpg;images/HOTVER90-HM9001-4.jpg;images/HOTVER90-HM9001-3.jpg,oui,"Cette hotte de cuisine encastrable de 90x60 cm de couleur noire est conçue pour être intégrée dans votre aménagement.

Points forts
• Format encastrable
• Coloris noir

Caractéristiques
Type : Encastrable
Couleur : Noir"
PLABEK4F-HIC600,Beko,Plaque Beko encastrable vitroceramique 60cm hic64100,cuisson,Plaques de cuisson,195000,cuisine,jour,,Type: Encastrable | Garantie: 12 mois,images/PLABEK4F-HIC600-1.jpg,images/PLABEK4F-HIC600-1.jpg,oui,"Cette table de cuisson vitrocéramique Beko de 60 cm dispose de quatre foyers radiants pour préparer vos repas au quotidien.

Points forts
• Quatre foyers radiants
• Six niveaux de puissance
• Voyant de chaleur résiduelle
• Commandes par manettes latérales

Caractéristiques
Type : Encastrable
Largeur : 60 cm
Nombre de foyers : 4 foyers radiants
Niveaux de puissance : 6
Puissance électrique : 5 800 W
Couleur : Noir"
PLADEC39-KMGS39,Decakila,Plaque Decakila 1feu a gaz kmgs039m,cuisson,Plaques de cuisson,19000,cuisine,jour,,Garantie: 12 mois,images/PLADEC39-KMGS39-2.png,images/PLADEC39-KMGS39-2.png;images/PLADEC39-KMGS39-1.png,oui,"Cette plaque à gaz Decakila à un feu est conçue pour la cuisson d'appoint ou les petits espaces.

Points forts
• Allumage automatique
• Brûleur en fonte à chauffage uniforme
• Panneau en acier inoxydable
• Fournie avec un support de casserole

Caractéristiques
Puissance calorifique : 2,7 kW
Matériau du panneau : Acier inoxydable
Brûleur : Fonte en ruche
Couleur : Noir"
PLADEC08-KMGS00,Decakila,Plaque Decakila 2feux a gaz noir kmgs008b,cuisson,Plaques de cuisson,65000,cuisine,jour,2 feux,Capacité: 2 feux | Couleur: Noir | Garantie: 12 mois,images/PLADEC08-KMGS00-2.png,images/PLADEC08-KMGS00-2.png;images/PLADEC08-KMGS00-1.png,oui,"Cette plaque de cuisson à gaz Decakila dispose de 2 feux pour préparer vos repas au quotidien. Elle s'intègre facilement dans votre cuisine grâce à son design de couleur noire.

Points forts
• Équipée de 2 feux
• Coloris noir élégant

Caractéristiques
Nombre de feux : 2
Couleur : Noir"
PLADES4F-GSC05D,Deska,Plaque Deska 4feux 50x50 gsc05dk,cuisson,Plaques de cuisson,33000,cuisine,jour,4 feux,Capacité: 4 feux | Garantie: 12 mois,images/PLADES4F-GSC05D-1.jpg,images/PLADES4F-GSC05D-1.jpg,oui,"Cette plaque de cuisson à gaz Deska dispose de 4 feux pour cuisiner vos plats. Elle fonctionne au gaz L.P.G avec une pression adaptée.

Points forts
• Dispose de 4 feux de cuisson
• Fonctionne au gaz L.P.G
• Consommation de 460g/h

Caractéristiques
Type de produit : Plaque de cuisson à gaz
Nombre de feux : 4
Type de gaz : L.P.G
Pression du gaz : 2800Pa
Consommation : 460g/h"
PLADES4F-GSF06D,Deska,Plaque Deska 4feux 60x60 avec table gsf06dk,cuisson,Plaques de cuisson,57000,cuisine,jour,4 feux,Capacité: 4 feux | Garantie: 12 mois,images/PLADES4F-GSF06D-1.jpg,images/PLADES4F-GSF06D-1.jpg;images/PLADES4F-GSF06D-2.jpg,oui,"Cette plaque à gaz Deska sur pied possède 4 feux pour répondre à vos besoins culinaires. Elle fonctionne au gaz L.P.G.

Points forts
• Modèle sur pied avec 4 feux
• Fonctionne au gaz L.P.G
• Poids léger de 5 kg

Caractéristiques
Type de produit : Plaque à gaz sur pied
Nombre de feux : 4
Type de gaz : L.P.G
Pression du gaz : 2800Pa
Consommation : 460g/h
Poids : 5 kg"
PLAAST4F-PL67GZ,Astech,Plaque encastrable Astech 4feux 60x60 a gaz noir pl67gz60noma,cuisson,Plaques de cuisson,90000,cuisine,jour,4 feux,Type: Encastrable | Capacité: 4 feux | Couleur: Noir | Garantie: 12 mois,images/PLAAST4F-PL67GZ-1.jpg,images/PLAAST4F-PL67GZ-1.jpg,oui,"Cette plaque encastrable Astech de couleur noire est dotée de 4 feux à gaz. Elle offre un contrôle précis de la flamme pour vos préparations.

Points forts
• Modèle encastrable à 4 feux gaz
• Contrôle précis de la flamme
• Design de couleur noire

Caractéristiques
Type : Encastrable
Type de feux : À gaz
Nombre de feux : 4
Couleur : Noir"
PLAAST4F-PL68GZ,Astech,Plaque encastrable Astech 4feux 60x60 a gaz noir pl68gaz60noma,cuisson,Plaques de cuisson,92000,cuisine,jour,4 feux,Type: Encastrable | Capacité: 4 feux | Couleur: Noir | Garantie: 12 mois,images/PLAAST4F-PL68GZ-1.jpg,images/PLAAST4F-PL68GZ-1.jpg,oui,"Cette plaque de cuisson à gaz encastrable Astech comporte 4 feux. Sa couleur noire s'intègre harmonieusement dans votre cuisine.

Points forts
• Conception encastrable
• Dotée de 4 feux à gaz
• Coloris noir

Caractéristiques
Type : Encastrable
Type de feux : À gaz
Nombre de feux : 4
Couleur : Noir"
PLAAST4F-PL60ID,Astech,Plaque encastrable Astech 4feux 60x60 electrique noir induction pl60id501no,cuisson,Plaques de cuisson,124900,cuisine,jour,4 feux,Type: Encastrable | Capacité: 4 feux | Couleur: Noir | Garantie: 12 mois,images/PLAAST4F-PL60ID-1.png,images/PLAAST4F-PL60ID-1.png,oui,"Cette plaque encastrable à induction Astech est dotée de 4 foyers électriques. Elle arbore une finition noire moderne pour votre cuisine.

Points forts
• Modèle encastrable à induction
• Dispose de 4 feux électriques
• Finition de couleur noire

Caractéristiques
Type : Encastrable
Technologie : Induction
Nombre de feux : 4
Couleur : Noir"
PLAAST5F-PL91CZ,Astech,Plaque encastrable Astech 5feux 90x60 a gaz noir pl91gz90no,cuisson,Plaques de cuisson,107250,cuisine,jour,5 feux,Type: Encastrable | Capacité: 5 feux | Couleur: Noir | Garantie: 12 mois,images/PLAAST5F-PL91CZ-1.jpg,images/PLAAST5F-PL91CZ-1.jpg,oui,"Cette plaque de cuisson encastrable Astech dispose de 5 feux et d'un brûleur pour wok. Elle fonctionne au gaz et intègre un allumage électronique.

Points forts
• 5 foyers de cuisson
• Brûleur pour wok d'une puissance de 3,3 kW
• Surface en verre trempé noir de 6 mm
• Allumage électronique

Caractéristiques
Type : Encastrable
Capacité : 5 feux
Couleur : Noir
Dimensions du produit : 900 x 510 x 99 mm
Dimensions d'installation : 830 x 480 mm
Type de gaz : Gaz naturel (NG)
Alimentation en gaz : G20-20 ou G30-29
Puissance brûleur wok : 3,3 kW"
PLABEK2F-HDCC32,Beko,Plaque encastrable Beko 2feux 51x30 electrique noir vitro ceramique hdcc32200x,cuisson,Plaques de cuisson,65000,cuisine,jour,2 feux,Type: Encastrable | Capacité: 2 feux | Couleur: Noir | Garantie: 12 mois,images/PLABEK2F-HDCC32-1.png,images/PLABEK2F-HDCC32-1.png;images/PLABEK2F-HDCC32-2.png,oui,"Cette plaque encastrable Beko est un modèle domino en céramique noire doté de 2 zones de cuisson. Elle convient pour les cuisines aux espaces restreints.

Points forts
• 2 zones de cuisson
• Surface en céramique résistante aux rayures
• Système de sécurité contre la surchauffe
• Indicateurs de chaleur résiduelle

Caractéristiques
Type : Encastrable
Capacité : 2 feux
Couleur : Noir
Largeur : 30 cm
Puissance totale électrique : 2900 watts
Surface : Céramique"
PLABEK4F-G64123,Beko,Plaque encastrable Beko 4feux 60x60 a gaz Inox higg64123sxl,cuisson,Plaques de cuisson,125000,cuisine,jour,4 feux,Type: Encastrable | Capacité: 4 feux | Couleur: Inox | Garantie: 12 mois,images/PLABEK4F-G64123-2.jpg,images/PLABEK4F-G64123-2.jpg;images/PLABEK4F-G64123-1.jpg;images/PLABEK4F-G64123-3.jpg,oui,"Cette plaque encastrable Beko à 4 feux fonctionne au gaz et possède une finition en inox. Elle s'intègre facilement dans votre cuisine.

Points forts
• 4 feux de cuisson
• Finition en inox

Caractéristiques
Type : Encastrable
Capacité : 4 feux
Couleur : Inox"
PLAQUE-ENCASTRABLE-BEKO-4FEUX-60X60-A-GAZ-NOIR-CERAMIQUE-HCLW64222S,Beko,Plaque encastrable Beko 4feux 60x60 a gaz noir ceramique hclw64222s,cuisson,Plaques de cuisson,135000,cuisine,jour,4 feux,Type: Encastrable | Capacité: 4 feux | Couleur: Noir | Garantie: 12 mois,images/PLAQUE-ENCASTRABLE-BEKO-4FEUX-60X60-A-GAZ-NOIR-CERAMIQUE-HCLW64222S-2.png,images/PLAQUE-ENCASTRABLE-BEKO-4FEUX-60X60-A-GAZ-NOIR-CERAMIQUE-HCLW64222S-2.png;images/PLAQUE-ENCASTRABLE-BEKO-4FEUX-60X60-A-GAZ-NOIR-CERAMIQUE-HCLW64222S-1.png;images/PLAQUE-ENCASTRABLE-BEKO-4FEUX-60X60-A-GAZ-NOIR-CERAMIQUE-HCLW64222S-4.png;images/PLAQUE-ENCASTRABLE-BEKO-4FEUX-60X60-A-GAZ-NOIR-CERAMIQUE-HCLW64222S-3.png,oui,"Cette plaque encastrable Beko dispose de 4 foyers au gaz, dont un brûleur wok. Sa surface en verre noir et son cadre en inox offrent un design moderne.

Points forts
• 3 brûleurs à gaz et 1 brûleur wok
• Allumage automatique intégré
• Supports de casserole en fonte
• Dispositif de sécurité gaz

Caractéristiques
Type : Encastrable
Capacité : 4 feux
Couleur : Noir
Dimensions : 60 x 4,6 x 53,6 cm
Poids : 14 kg
Conception de la plaque : Verre
Cadre : Acier inoxydable"
PLAQUE-ENCASTRABLE-BEKO-4FEUX-60X60-A-GAZ-NOIR-CERAMIQUE-HCLW64222S-2,Beko,Plaque encastrable Beko 4feux 60x60 a gaz noir ceramique hclw64222s,cuisson,Plaques de cuisson,135000,cuisine,jour,4 feux,Type: Encastrable | Capacité: 4 feux | Couleur: Noir | Garantie: 12 mois,images/PLAQUE-ENCASTRABLE-BEKO-4FEUX-60X60-A-GAZ-NOIR-CERAMIQUE-HCLW64222S-2-3.png,images/PLAQUE-ENCASTRABLE-BEKO-4FEUX-60X60-A-GAZ-NOIR-CERAMIQUE-HCLW64222S-2-3.png;images/PLAQUE-ENCASTRABLE-BEKO-4FEUX-60X60-A-GAZ-NOIR-CERAMIQUE-HCLW64222S-2-2.png;images/PLAQUE-ENCASTRABLE-BEKO-4FEUX-60X60-A-GAZ-NOIR-CERAMIQUE-HCLW64222S-2-1.png;images/PLAQUE-ENCASTRABLE-BEKO-4FEUX-60X60-A-GAZ-NOIR-CERAMIQUE-HCLW64222S-2-4.png,oui,"Cette plaque encastrable Beko dispose de 4 foyers au gaz, dont un brûleur wok. Sa surface en verre noir et son cadre en inox offrent un design moderne.

Points forts
• 3 brûleurs à gaz et 1 brûleur wok
• Allumage automatique intégré
• Supports de casserole en fonte
• Dispositif de sécurité gaz

Caractéristiques
Type : Encastrable
Capacité : 4 feux
Couleur : Noir
Dimensions : 60 x 4,6 x 53,6 cm
Poids : 14 kg
Conception de la plaque : Verre
Cadre : Acier inoxydable"
PLABEK4F-W64222,Beko,Plaque encastrable Beko 4feux 60x60 a gaz noir ceramique hclw64222s,cuisson,Plaques de cuisson,135000,cuisine,jour,4 feux,Type: Encastrable | Capacité: 4 feux | Couleur: Noir | Garantie: 12 mois,images/PLABEK4F-W64222-3.png,images/PLABEK4F-W64222-3.png;images/PLABEK4F-W64222-2.png;images/PLABEK4F-W64222-1.png;images/PLABEK4F-W64222-4.png,oui,"Cette plaque encastrable Beko dispose de 4 foyers au gaz, dont un brûleur wok. Sa surface en verre noir et son cadre en inox offrent un design moderne.

Points forts
• 3 brûleurs à gaz et 1 brûleur wok
• Allumage automatique intégré
• Supports de casserole en fonte
• Dispositif de sécurité gaz

Caractéristiques
Type : Encastrable
Capacité : 4 feux
Couleur : Noir
Dimensions : 60 x 4,6 x 53,6 cm
Poids : 14 kg
Conception de la plaque : Verre
Cadre : Acier inoxydable"
PLABEK5F-HIMW92,Beko,Plaque encastrable Beko 5feux 4f a gaz 1f electrique Inox himw95226sxel,cuisson,Plaques de cuisson,195000,cuisine,jour,5 feux,Type: Encastrable | Capacité: 5 feux | Couleur: Inox | Garantie: 12 mois,images/PLABEK5F-HIMW92-2.png,images/PLABEK5F-HIMW92-2.png;images/PLABEK5F-HIMW92-1.jpg,oui,"Cette plaque de cuisson encastrable dispose de 5 foyers pour vos préparations culinaires. Son design en inox s'intègre facilement dans votre cuisine.

Points forts
• Modèle encastrable
• 5 foyers de cuisson
• Finition en inox

Caractéristiques
Type : Encastrable
Capacité : 5 feux
Couleur : Inox"
PLABEK5F-W75222,Beko,Plaque encastrable Beko 5feux 5feux 90x60 a gaz noir hilw75222sl,cuisson,Plaques de cuisson,195000,cuisine,jour,5 feux,Type: Encastrable | Capacité: 5 feux | Couleur: Noir | Garantie: 12 mois,images/PLABEK5F-W75222-2.png,images/PLABEK5F-W75222-2.png;images/PLABEK5F-W75222-5.png;images/PLABEK5F-W75222-1.jpg;images/PLABEK5F-W75222-4.png;images/PLABEK5F-W75222-3.png,oui,"Cette plaque de cuisson encastrable de 5 feux est conçue pour vos besoins de cuisine quotidiens. Elle se présente dans un coloris noir.

Points forts
• Modèle encastrable
• 5 foyers de cuisson
• Coloris noir

Caractéristiques
Type : Encastrable
Capacité : 5 feux
Couleur : Noir"
PLABEK75-HIAW75,Beko,Plaque encastrable Beko 5feux 90x60 a gaz gris hiaw75225sl,cuisson,Plaques de cuisson,161500,cuisine,jour,5 feux,Type: Encastrable | Capacité: 5 feux | Couleur: Gris | Garantie: 12 mois,images/PLABEK75-HIAW75-1.jpg,images/PLABEK75-HIAW75-1.jpg,oui,"Cette plaque de cuisson encastrable à gaz offre 5 feux pour cuisiner vos plats. Sa couleur grise apporte une touche moderne à votre cuisine.

Points forts
• Modèle encastrable
• 5 feux à gaz
• Couleur grise

Caractéristiques
Type : Encastrable
Capacité : 5 feux
Couleur : Gris"
PLABEK75-HIAL75,Beko,Plaque encastrable Beko 5feux 90x60 a gaz Inox hial75235sx,cuisson,Plaques de cuisson,195000,cuisine,jour,5 feux,Type: Encastrable | Capacité: 5 feux | Couleur: Inox | Garantie: 12 mois,images/PLABEK75-HIAL75-1.jpg,images/PLABEK75-HIAL75-1.jpg,oui,"Cette plaque de cuisson encastrable à gaz propose 5 feux pour préparer vos repas. Elle est habillée d'une finition en inox.

Points forts
• Modèle encastrable
• 5 feux à gaz
• Finition en inox

Caractéristiques
Type : Encastrable
Capacité : 5 feux
Couleur : Inox"
PLAELA4F-BL0350,Elactron,Plaque encastrable Elactron 4feux 60x60 a gaz gris bl001,cuisson,Plaques de cuisson,85000,cuisine,jour,4 feux,Type: Encastrable | Capacité: 4 feux | Couleur: Gris | Garantie: 12 mois,images/PLAELA4F-BL0350-2.jpg,images/PLAELA4F-BL0350-2.jpg;images/PLAELA4F-BL0350-1.jpg;images/PLAELA4F-BL0350-3.jpg,oui,"Cette plaque de cuisson encastrable intègre 4 feux pour cuisiner au quotidien. Elle est proposée dans un coloris gris.

Points forts
• Modèle encastrable
• 4 feux à gaz
• Coloris gris

Caractéristiques
Type : Encastrable
Capacité : 4 feux
Couleur : Gris"
PLAELA5F-BL035F,Elactron,Plaque encastrable Elactron 5feux 70x60 a gaz noir bl035,cuisson,Plaques de cuisson,195000,cuisine,jour,5 feux,Type: Encastrable | Capacité: 5 feux | Couleur: Noir | Garantie: 12 mois,images/PLAELA5F-BL035F-3.png,images/PLAELA5F-BL035F-3.png;images/PLAELA5F-BL035F-2.png;images/PLAELA5F-BL035F-1.png,oui,"Cette table de cuisson à gaz dispose de 5 brûleurs pour cuisiner vos repas. Elle est équipée de supports de casseroles émaillés et de boutons de commande.

Points forts
• Table de cuisson à gaz à 5 brûleurs
• Verre céramique noir
• Brûleurs de contrôle de haute précision
• Supports de casseroles émaillés

Caractéristiques
Type : Encastrable
Capacité : 5 feux
Couleur : Noir
Nombre de brûleurs : 5
Commandes : Bouton
Supports de casseroles : Émaillés"
PLAHAI60-HOBF60,Haier,Plaque encastrable Haier 4feux 3feux a gaz 1f electrique Inox hobf60fs,cuisson,Plaques de cuisson,124900,cuisine,jour,4 feux,Type: Encastrable | Capacité: 4 feux | Couleur: Inox | Garantie: 12 mois,images/PLAHAI60-HOBF60-1.jpg,images/PLAHAI60-HOBF60-1.jpg,oui,"Cette plaque encastrable Haier dispose de 4 feux dont 3 à gaz et 1 électrique. Elle convient pour cuisiner au quotidien.

Points forts
• Quatre feux polyvalents à gaz et électrique
• Support de casserole pour plaque chauffante électrique
• Structure en acier inoxydable et métal

Caractéristiques
Type : Encastrable
Capacité : 4 feux
Couleur : Inox
Puissance nominale : 1,5 kW"
PLAHAI5F-790SS0,Haier,Plaque encastrable Haier 5feux 90x60 a gaz gris hob790ss,cuisson,Plaques de cuisson,195000,cuisine,jour,5 feux,Type: Encastrable | Capacité: 5 feux | Couleur: Gris | Garantie: 12 mois,images/PLAHAI5F-790SS0-1.jpg,images/PLAHAI5F-790SS0-1.jpg,oui,"Cette plaque encastrable Haier de 5 feux à gaz offre une surface de cuisson polyvalente et spacieuse. Elle convient pour préparer une grande variété de plats.

Points forts
• Cinq feux pour cuisiner plusieurs plats
• Allumage électrique et sécurité gaz
• Brûleurs à haute intensité pour une cuisson homogène
• Grilles monoblocs pour un déplacement facile

Caractéristiques
Type : Encastrable
Capacité : 5 feux
Couleur : Gris"
PLAHIS4F-HHU60G,Hisense,Plaque encastrable Hisense 4feux 60x60 a gaz Inox hhu60gagr,cuisson,Plaques de cuisson,94900,cuisine,jour,4 feux,Type: Encastrable | Capacité: 4 feux | Couleur: Inox | Garantie: 12 mois,images/PLAHIS4F-HHU60G-1.png,images/PLAHIS4F-HHU60G-1.png;images/PLAHIS4F-HHU60G-4.png;images/PLAHIS4F-HHU60G-3.png;images/PLAHIS4F-HHU60G-2.png,oui,"Cette plaque encastrable Hisense à 4 feux à gaz en inox est conçue pour vos préparations culinaires de tous les jours.

Points forts
• Quatre zones de chauffage avec brûleur Wok
• Allumage automatique et commande frontale
• Supports de casseroles en fonte
• Dispositif de sécurité en cas de panne de flamme

Caractéristiques
Type : Encastrable
Capacité : 4 feux
Couleur : Inox
Dimensions du produit : 600 x 510 x 90 mm
Dimensions de découpe : 560 x 480 mm
Poids net : 7,1 kg
Tension : 220-240 V
Fréquence : 50 Hz
Puissance nominale totale : 8060 W
Type de gaz : GPL"
PLAHIS4F-HHU60C,Hisense,Plaque encastrable Hisense 4feux 60x60 electrique noir vitroceramique hhu60ceec,cuisson,Plaques de cuisson,121750,cuisine,jour,4 feux,Type: Encastrable | Capacité: 4 feux | Couleur: Noir | Garantie: 12 mois,images/PLAHIS4F-HHU60C-2.png,images/PLAHIS4F-HHU60C-2.png;images/PLAHIS4F-HHU60C-1.jpg,oui,"Cette plaque encastrable Hisense vitrocéramique noire comporte 4 foyers. Elle permet de cuisiner facilement un repas entier.

Points forts
• Plaque en verre céramique élégante et robuste
• Panneau de commande tactile facile à utiliser
• Indicateur de chaleur résiduelle et verrouillage enfant
• Neuf options de niveau de puissance

Caractéristiques
Type : Encastrable
Capacité : 4 feux
Couleur : Noir"
PLAHIS5F-HGH951,Hisense,Plaque encastrable Hisense 5feux 90x60 a gaz Inox hgh951ss01,cuisson,Plaques de cuisson,143750,cuisine,jour,5 feux,Type: Encastrable | Capacité: 5 feux | Couleur: Inox | Garantie: 12 mois,images/PLAHIS5F-HGH951-3.jpg,images/PLAHIS5F-HGH951-3.jpg;images/PLAHIS5F-HGH951-2.webp;images/PLAHIS5F-HGH951-5.png;images/PLAHIS5F-HGH951-1.webp;images/PLAHIS5F-HGH951-4.jpg,oui,"Cette plaque encastrable Hisense dispose de 5 feux. Elle convient pour vos besoins de cuisson quotidiens.

Points forts
• Cinq foyers de cuisson
• Modèle encastrable en acier inoxydable

Caractéristiques
Type : Encastrable
Capacité : 5 feux
Couleur : Inox"
PLAKUM2F-HV302N,Kumtel,Plaque encastrable kumtel 2feux electrique noir hv302,cuisson,Plaques de cuisson,65000,cuisine,jour,2 feux,Type: Encastrable | Capacité: 2 feux | Couleur: Noir | Garantie: 12 mois,images/PLAKUM2F-HV302N-3.png,images/PLAKUM2F-HV302N-3.png;images/PLAKUM2F-HV302N-2.png;images/PLAKUM2F-HV302N-1.png,oui,"Cette plaque encastrable Kumtel est équipée de 2 feux électriques. Elle s'intègre facilement dans votre cuisine.

Points forts
• Deux feux électriques
• Design encastrable de couleur noire

Caractéristiques
Type : Encastrable
Capacité : 2 feux
Couleur : Noir"
PLATEC5F-TEC90M,Tecnolux,Plaque encastrable Technolux 5feux 90x60 noir tec90max power,cuisson,Plaques de cuisson,195000,cuisine,jour,5 feux,Type: Encastrable | Capacité: 5 feux | Couleur: Noir | Garantie: 12 mois,images/PLATEC5F-TEC90M-2.png,images/PLATEC5F-TEC90M-2.png;images/PLATEC5F-TEC90M-1.jpg;images/PLATEC5F-TEC90M-3.png,oui,"Cette plaque encastrable comporte cinq feux pour vos préparations culinaires. Elle s'intègre facilement dans votre cuisine grâce à son design de couleur noire.

Points forts
• Cinq feux de cuisson
• Modèle encastrable
• Coloris noir

Caractéristiques
Type : Encastrable
Capacité : 5 feux
Couleur : Noir"
PLATEC4F-TEC4GI,Tecnolux,Plaque encastrable Tecnolux 4feux 60x60 a gaz verre noir tec4gg,cuisson,Plaques de cuisson,89000,cuisine,jour,4 feux,Type: Encastrable | Capacité: 4 feux | Couleur: Noir | Garantie: 12 mois,images/PLATEC4F-TEC4GI-1.jpg,images/PLATEC4F-TEC4GI-1.jpg,oui,"Cette plaque de cuisson à gaz encastrable dispose de quatre feux. Elle offre un contrôle précis de la flamme pour cuisiner vos plats.

Points forts
• Quatre feux à gaz
• Modèle encastrable
• Contrôle précis de la flamme
• Surface en verre noir

Caractéristiques
Type : Encastrable
Capacité : 4 feux
Type de feux : A gaz
Couleur : Noir"
PLATEC5F-TEC5GG,Tecnolux,Plaque encastrable Tecnolux 5feux 90x60 a gaz Inox tec5gg,cuisson,Plaques de cuisson,101500,cuisine,jour,5 feux,Type: Encastrable | Capacité: 5 feux | Couleur: Inox | Garantie: 12 mois,images/PLATEC5F-TEC5GG-1.jpg,images/PLATEC5F-TEC5GG-1.jpg,oui,"Cette plaque de cuisson encastrable en inox propose cinq feux à gaz. Elle convient pour la réalisation de vos repas quotidiens.

Points forts
• Cinq feux
• Modèle encastrable
• Finition inox

Caractéristiques
Type : Encastrable
Capacité : 5 feux
Couleur : Inox"
PLATEC5F-TEC5GI,Tecnolux,Plaque encastrable Tecnolux 5feux 90x60 a gaz noir tec5gg,cuisson,Plaques de cuisson,120000,cuisine,jour,5 feux,Type: Encastrable | Capacité: 5 feux | Couleur: Noir | Garantie: 12 mois,images/PLATEC5F-TEC5GI-1.jpg,images/PLATEC5F-TEC5GI-1.jpg,oui,"Cette plaque de cuisson à gaz encastrable est dotée de cinq feux. Elle permet un contrôle précis de la flamme pour cuisiner.

Points forts
• Cinq feux à gaz
• Modèle encastrable
• Contrôle précis de la flamme

Caractéristiques
Type : Encastrable
Capacité : 5 feux
Couleur : Noir"
PLATEC4F-90X60I,Tecnolux,Plaque encastrable Tecnolux 5feux 90x60 electrique noir vitroceramique tec5ee,cuisson,Plaques de cuisson,195000,cuisine,jour,5 feux,Type: Encastrable | Capacité: 5 feux | Couleur: Noir | Garantie: 12 mois,images/PLATEC4F-90X60I-1.jpg,images/PLATEC4F-90X60I-1.jpg,oui,"Cette plaque encastrable vitroélectrique comporte cinq feux et mesure 90 sur 60. Elle est munie d'un allumage électronique séparé pour chaque brûleur.

Points forts
• Cinq feux vitrocéramique
• Modèle encastrable
• Allumage électronique séparé pour chaque brûleur
• Dimension 90/60

Caractéristiques
Type : Vitroceramique
Type d'installation : Encastrable
Capacité : 5 feux
Dimension : 90/60
Couleur : Noir"
PLAVER2F-PE3000,Autre Marque,Plaque encastrable verta 2feux electrique noir vitroceramique ms231,cuisson,Plaques de cuisson,65000,cuisine,jour,2 feux,Type: Encastrable | Capacité: 2 feux | Couleur: Noir | Garantie: 12 mois,images/PLAVER2F-PE3000-1.png,images/PLAVER2F-PE3000-1.png;images/PLAVER2F-PE3000-2.png,oui,"Cette plaque encastrable vitroélectrique dispose de deux feux. Elle trouve sa place dans les cuisines de dimensions réduites.

Points forts
• Deux feux
• Modèle encastrable
• Coloris noir

Caractéristiques
Type : Encastrable
Capacité : 2 feux
Couleur : Noir"
PLAVER4F-PE6001,Autre Marque,Plaque encastrable verta 4feux 60x60 electrique noir vitrocaramique ms263,cuisson,Plaques de cuisson,150000,cuisine,jour,4 feux,Type: Encastrable | Capacité: 4 feux | Couleur: Noir | Garantie: 12 mois,images/PLAVER4F-PE6001-2.jpg,images/PLAVER4F-PE6001-2.jpg;images/PLAVER4F-PE6001-1.jpg,oui,"Cette plaque encastrable en vitrocéramique noire dispose de 4 feux et de 9 niveaux de puissance pour la cuisine quotidienne.

Points forts
• Surface lisse facile à nettoyer
• 9 niveaux de puissance
• Commande tactile facile à utiliser
• Sécurité enfant intégrée

Caractéristiques
Type : Encastrable
Capacité : 4 feux
Couleur : Noir"
PLAVER5F-PE9000,Autre Marque,Plaque encastrable verta 5feux 90x60 electrique noir vitroceramique ms293,cuisson,Plaques de cuisson,195000,cuisine,jour,5 feux,Type: Encastrable | Capacité: 5 feux | Couleur: Noir | Garantie: 12 mois,images/PLAVER5F-PE9000-3.png,images/PLAVER5F-PE9000-3.png;images/PLAVER5F-PE9000-2.jpg;images/PLAVER5F-PE9000-1.jpg,oui,"Cette plaque encastrable en vitrocéramique noire offre 5 zones de cuisson dont une triple zone pour vos préparations culinaires.

Points forts
• Surface lisse facile à nettoyer
• 5 zones de cuisson dont 1 triple zone
• 9 niveaux de puissance
• Commande tactile et sécurité enfant

Caractéristiques
Type : Encastrable
Capacité : 5 feux
Couleur : Noir"
ASPGUT00-GUTFEL,Gutfels,Aspirateur gutfels gris-noir clean 2010,petit,Aspirateurs,57500,aspi,jour,,Couleur: Gris | Garantie: 12 mois,images/ASPGUT00-GUTFEL-3.png,images/ASPGUT00-GUTFEL-3.png;images/ASPGUT00-GUTFEL-1.png;images/ASPGUT00-GUTFEL-4.png;images/ASPGUT00-GUTFEL-2.png;images/ASPGUT00-GUTFEL-5.png,oui,"Cet aspirateur gris et noir est conçu pour l'entretien de vos sols.

Points forts
• Modèle coloris gris

Caractéristiques
Couleur : Gris"
ASPLEN00-LENZRG,Lentz,Aspirateur lentz rouge noir,petit,Aspirateurs,52500,aspi,jour,,Couleur: Noir | Garantie: 12 mois,images/ASPLEN00-LENZRG-2.png,images/ASPLEN00-LENZRG-2.png;images/ASPLEN00-LENZRG-5.png;images/ASPLEN00-LENZRG-3.png;images/ASPLEN00-LENZRG-1.png;images/ASPLEN00-LENZRG-4.png,oui,"Cet aspirateur aux tons rouge et noir convient au nettoyage de la maison.

Points forts
• Modèle coloris noir

Caractéristiques
Couleur : Noir"
ASPLG33-VC3314G,LG,Aspirateur LG 1400 watts vc3314gnt,petit,Aspirateurs,71000,aspi,jour,1400 W,Garantie: 12 mois,images/ASPLG33-VC3314G-3.png,images/ASPLG33-VC3314G-3.png;images/ASPLG33-VC3314G-1.jpg;images/ASPLG33-VC3314G-4.jpg;images/ASPLG33-VC3314G-2.jpg;images/ASPLG33-VC3314G-5.jpg,oui,"Cet aspirateur LG de 1400 watts est équipé d'un système de filtration à plusieurs étages et d'un tuyau extensible.

Points forts
• Puissance de 1400 watts
• Filtre à plusieurs étages capturant les fines particules
• Vidage facile de la poussière
• Tuyau extensible avec longueur réglable

Caractéristiques
Puissance : 1400 watts
Modèle : VC3314GNT"
ASPLG54-VC5417G,LG,Aspirateur LG 1700 watts vc5417ght,petit,Aspirateurs,110500,aspi,jour,1700 W,Garantie: 12 mois,images/ASPLG54-VC5417G-1.jpg,images/ASPLG54-VC5417G-1.jpg;images/ASPLG54-VC5417G-4.jpg;images/ASPLG54-VC5417G-2.jpg;images/ASPLG54-VC5417G-5.jpg;images/ASPLG54-VC5417G-3.jpg,oui,"Cet aspirateur LG de 1700 watts intègre un bac à poussière et un système de filtration à trois étages.

Points forts
• Puissance de 1700 watts
• Type à bac à poussière facile à nettoyer
• Filtre à 3 étages pour capturer la poussière
• Commande facile du bout des doigts

Caractéristiques
Puissance : 1700 watts
Modèle : VC5417GHT
Type de bac : Bac à poussière
Couleur : Vin"
ASPWIN46-ST4600,Winning,Aspirateur winning star humide et sec st4600,petit,Aspirateurs,68000,aspi,jour,,Garantie: 12 mois,images/ASPWIN46-ST4600-1.png,images/ASPWIN46-ST4600-1.png;images/ASPWIN46-ST4600-4.png;images/ASPWIN46-ST4600-2.png;images/ASPWIN46-ST4600-3.png,oui,"Voici l'aspirateur Winning Star humide et sec ST4600 de la marque Winning. Il permet d'aspirer les surfaces pour l'entretien de votre intérieur.

Points forts
• Aspire l'humide et le sec"
CONEVV19-EVRFZU,Evvoli,congélateur/réfrigérateur Evvoli vertical 1porte 8tiroirs 195 litres 2en1 gris evrfzu195s,froid,Combinés congélateur-réfrigérateur,175000,vertical,jour,195 L,Type: Vertical | Capacité: 195 L | Couleur: Gris | Garantie: 12 mois,images/CONEVV19-EVRFZU-3.png,images/CONEVV19-EVRFZU-3.png;images/CONEVV19-EVRFZU-1.jpg;images/CONEVV19-EVRFZU-2.png;images/CONEVV19-EVRFZU-4.png,oui,"Découvrez le congélateur et réfrigérateur vertical Evvoli 2 en 1 d'une capacité de 195 litres de couleur grise. Cet appareil polyvalent s'adapte à vos besoins de conservation.

Points forts
• Capacité brute de 195 litres
• Capacité nette de 180 litres
• Système de contrôle électronique
• Fonctionnement en 200-220V et 50Hz

Caractéristiques
Type : Vertical
Capacité : 195 L
Capacité nette : 180 L
Couleur : Gris
Tension / fréquence : 200-220V / 50Hz
Réfrigérant : R-134a, 80g
Consommation d'énergie : 140W
Dimensions : 59 x 120 x 40 cm"
CONHIS3T-RL5K37,Hisense,congélateur/réfrigérateur Hisense vertical combine 3tiroirs No Frost noir rl5k370gsfc,froid,Combinés congélateur-réfrigérateur,467000,vertical,jour,3 tiroirs,Type: Vertical | Couleur: Noir | Garantie: 12 mois,images/CONHIS3T-RL5K37-3.png,images/CONHIS3T-RL5K37-3.png;images/CONHIS3T-RL5K37-1.jpg;images/CONHIS3T-RL5K37-2.png;images/CONHIS3T-RL5K37-4.png;images/CONHIS3T-RL5K37-5.png,oui,"Voici le congélateur et réfrigérateur vertical combiné Hisense à 3 tiroirs doté de la technologie No Frost de couleur noire. Il convient pour stocker vos aliments.

Points forts
• Type vertical à 3 tiroirs
• Technologie No Frost
• Coloris noir

Caractéristiques
Type : Vertical
Couleur : Noir"
CONHIS4T-FT5K31,Hisense,congélateur/réfrigérateur Hisense vertical combine 4tiroirs No Frost noir ft5k310gsfc,froid,Combinés congélateur-réfrigérateur,422000,vertical,jour,4 tiroirs,Type: Vertical | Couleur: Noir | Garantie: 12 mois,images/CONHIS4T-FT5K31-1.jpg,images/CONHIS4T-FT5K31-1.jpg;images/CONHIS4T-FT5K31-4.png;images/CONHIS4T-FT5K31-2.png;images/CONHIS4T-FT5K31-3.png;images/CONHIS4T-FT5K31-5.png,oui,"Voici le congélateur et réfrigérateur vertical combiné Hisense à 4 tiroirs avec la technologie No Frost et de couleur noire. Cet appareil est conçu pour la conservation des aliments.

Points forts
• Type vertical à 4 tiroirs
• Technologie No Frost
• Coloris noir

Caractéristiques
Type : Vertical
Couleur : Noir"
CONALP11-ALP110,Alpha,congélateur Alpha horizontal 98 litres gris alp110,froid,Congélateurs,92500,horizontal,jour,98 L,Type: Horizontal | Capacité: 98 L | Couleur: Gris | Garantie: 12 mois,images/CONALP11-ALP110-1.jpg,images/CONALP11-ALP110-1.jpg;images/CONALP11-ALP110-2.jpg,oui,"Voici le congélateur horizontal Alpha de 98 litres de couleur grise. Il est conçu pour la conservation de vos produits surgelés.

Points forts
• Type horizontal
• Capacité de 98 litres
• Coloris gris

Caractéristiques
Type : Horizontal
Capacité : 98 L
Couleur : Gris"
CONAST16-CH160I,Astech,congélateur Astech horizontal 160 litres gris ch160ig,froid,Congélateurs,96900,horizontal,jour,160 L,Type: Horizontal | Capacité: 160 L | Couleur: Gris | Garantie: 12 mois,images/CONAST16-CH160I-1.png,images/CONAST16-CH160I-1.png,oui,"Voici le congélateur horizontal Astech de 160 litres de couleur grise. Il offre un espace de stockage pratique pour vos produits.

Points forts
• Capacité de 160 litres
• Fonction de congélation rapide
• Équipé d'un verrouillage et d'une lumière
• Comporte 4 tiroirs et 1 panier

Caractéristiques
Type : Horizontal
Capacité : 160 L
Couleur : Gris
Classe énergétique : A
Poids : 41 kg
Dimensions : 54 x 81 x 47 cm
Fréquence : 50 Hz
Niveau sonore : 42 dB
Nombre de tiroirs : 4
Nombre de portes : 1 porte"
CONAST95-CH195W,Astech,congélateur Astech horizontal 200 litres gris ch195w,froid,Congélateurs,127000,horizontal,jour,200 L,Type: Horizontal | Capacité: 200 L | Couleur: Gris | Garantie: 12 mois,images/CONAST95-CH195W-2.png,images/CONAST95-CH195W-2.png;images/CONAST95-CH195W-5.png;images/CONAST95-CH195W-1.png;images/CONAST95-CH195W-3.png;images/CONAST95-CH195W-4.png,oui,"Ce congélateur horizontal Astech d'une capacité de 200 litres convient pour stocker vos produits surgelés au quotidien dans votre cuisine ou votre espace de stockage.

Points forts
• Capacité de 200 litres
• Classe énergétique A+
• Modèle une porte horizontal

Caractéristiques
Type : Horizontal
Modèle : CH195W
Capacité : 200 L
Classe énergétique : A+
Nombre de portes : 1
Classe climatique : T
Tension : 220-240V / 50Hz
Dimensions : 63,8 x 56,2 x 84,9 cm
Couleur : Gris"
CONAST28-CH280W,Astech,congélateur Astech horizontal 280 litres gris ch280s,froid,Congélateurs,151900,horizontal,jour,280 L,Type: Horizontal | Capacité: 280 L | Couleur: Gris | Garantie: 12 mois,images/CONAST28-CH280W-2.png,images/CONAST28-CH280W-2.png;images/CONAST28-CH280W-5.png;images/CONAST28-CH280W-1.jpg;images/CONAST28-CH280W-3.png;images/CONAST28-CH280W-4.png,oui,"Le congélateur horizontal Astech de 280 litres vous permet de conserver une grande quantité d'aliments congelés en toute sécurité.

Points forts
• Capacité de 280 litres
• Classe énergétique A+
• Système de verrouillage intégré
• Éclairage LED inclus

Caractéristiques
Type : Horizontal
Modèle : CH280W
Capacité : 280 L
Classe énergétique : A+
Dimensions : 84 x 57 x 85 cm
Verrouillage : Oui
Éclairage : LED
Couleur : Gris"
CONAST30-CH300S,Astech,congélateur Astech horizontal 300 litres gris ch300ig,froid,Congélateurs,162000,horizontal,jour,300 L,Type: Horizontal | Capacité: 300 L | Couleur: Gris | Garantie: 12 mois,images/CONAST30-CH300S-3.png,images/CONAST30-CH300S-3.png;images/CONAST30-CH300S-1.png;images/CONAST30-CH300S-2.png;images/CONAST30-CH300S-4.png,oui,"Ce congélateur horizontal Astech d'une capacité de 300 litres est conçu pour la conservation de vos produits alimentaires.

Points forts
• Capacité de 300 litres
• Classe énergétique A+
• Équipé d'un panier et d'une lumière
• Système de verrouillage par clé

Caractéristiques
Type : Horizontal
Modèle : CH300IG
Capacité : 300 L
Classe énergétique : A+
Nombre de portes : 1
Panier : 1
Poids : 40 kg
Dimensions : 104 x 57 x 84 cm
Verrouillage : Oui
Lumière : Oui
Couleur : Gris"
CONAST92-920CH0,Astech,congélateur Astech horizontal 3portes 900 litres gris ch920ac,froid,Congélateurs,701900,horizontal,jour,900 L,Type: Horizontal | Capacité: 900 L | Couleur: Gris | Garantie: 12 mois,images/CONAST92-920CH0-2.jpg,images/CONAST92-920CH0-2.jpg;images/CONAST92-920CH0-1.jpg,oui,"Ce congélateur horizontal Astech de 900 litres avec trois portes offre un très grand volume de stockage pour vos denrées.

Points forts
• Grande capacité de 900 litres
• Trois portes pour un accès facilité
• Quatre paniers de rangement inclus
• Équipé de roulettes et d'un système de verrouillage

Caractéristiques
Type : Horizontal
Capacité : 900 L
Nombre de portes : 3
Classe énergétique : A+
Nombre de paniers : 4
Dimensions : 242 x 69 x 83 cm
Lumière : Oui
Roulettes : Oui
Clé : Oui
Couleur : Gris"
CONAST40-CH400G,Astech,congélateur Astech horizontal 400 litres gris ch400gm,froid,Congélateurs,245000,horizontal,jour,400 L,Type: Horizontal | Capacité: 400 L | Couleur: Gris | Garantie: 12 mois,images/CONAST40-CH400G-2.png,images/CONAST40-CH400G-2.png;images/CONAST40-CH400G-5.png;images/CONAST40-CH400G-1.png;images/CONAST40-CH400G-3.png;images/CONAST40-CH400G-4.png,oui,"Le congélateur horizontal Astech de 400 litres offre un espace de stockage étendu pour vos produits surgelés.

Points forts
• Capacité de 400 litres
• Classe énergétique A+
• Éclairage intérieur et système de verrouillage
• Fluide frigorigène R600a

Caractéristiques
Type : Horizontal
Modèle : CH400GM
Capacité : 400 L
Classe énergétique : A+
Classe climatique : T
Réfrigérant : R600a
Tension : 220-240V / 50Hz
Poids : 43 kg
Dimensions : 112 x 63 x 84 cm
Verrouillage : Oui
Éclairage : Oui
Couleur : Gris"
CONAST40-FH40VI,Astech,congélateur Astech horizontal 400 litres vitrine fh400lpaa,froid,Congélateurs,249900,horizontal,jour,400 L,Type: Horizontal | Capacité: 400 L | Garantie: 12 mois,images/CONAST40-FH40VI-2.png,images/CONAST40-FH40VI-2.png;images/CONAST40-FH40VI-1.png;images/CONAST40-FH40VI-3.png,oui,"Ce congélateur horizontal vitré Astech de 400 litres est adapté pour la présentation et la conservation de produits surgelés.

Points forts
• Capacité de 400 litres
• Couvercle coulissant et vitré
• Classe énergétique A
• Classe climatique T

Caractéristiques
Type : Horizontal vitrine
Modèle : FH400VD
Capacité : 400 L
Classe énergétique : A
Classe climatique : T
Tension : 220V
Fréquence : 50 Hz
Type de couvercle : Coulissant et vitré
Dimensions : 108 x 72 x 88 cm"
CONAST50-CH500S,Astech,congélateur Astech horizontal 500 litres gris ch500gm,froid,Congélateurs,252000,horizontal,jour,500 L,Type: Horizontal | Capacité: 500 L | Couleur: Gris | Garantie: 12 mois,images/CONAST50-CH500S-2.png,images/CONAST50-CH500S-2.png;images/CONAST50-CH500S-1.jpg;images/CONAST50-CH500S-3.png,oui,"Ce congélateur horizontal Astech d'une capacité de 500 litres est conçu pour conserver efficacement vos produits surgelés à la maison ou dans un espace professionnel.

Points forts
• Capacité de stockage de 500 litres
• Classe énergétique A+
• Éclairage intérieur inclus
• Système de verrouillage par clé

Caractéristiques
Type : Horizontal
Capacité : 500 L
Classe énergétique : A+
Dimensions : 128 x 82 x 74 cm
Couleur : Silver
Classe climatique : T
Réfrigérant : R600a
Tension : 220-240V – 50HZ"
CONAST50-FH500S,Astech,congélateur Astech horizontal 500 litres vitrine fh500lpaa,froid,Congélateurs,312000,horizontal,jour,500 L,Type: Horizontal | Capacité: 500 L | Garantie: 12 mois,images/CONAST50-FH500S-1.jpg,images/CONAST50-FH500S-1.jpg,oui,"Le congélateur horizontal Astech d'une capacité de 500 litres est équipé de couvercles coulissants et vitrés, adapté pour les hôtels, auberges ou commerces.

Points forts
• Capacité de 500 litres
• Couvercles coulissants et vitrés
• Idéal pour les surfaces commerciales et cadres privés

Caractéristiques
Type : Horizontal
Capacité : 500 L
Classe énergétique : A
Dimensions : 132 x 80 x 71 cm
Poids : 22.2 kg
Type de couvercle : Coulissant et vitré"
CONAST60-CH600G,Astech,congélateur Astech horizontal 600 litres gris ch600gm,froid,Congélateurs,349750,horizontal,jour,600 L,Type: Horizontal | Capacité: 600 L | Couleur: Gris | Garantie: 12 mois,images/CONAST60-CH600G-3.jpg,images/CONAST60-CH600G-3.jpg;images/CONAST60-CH600G-1.jpg;images/CONAST60-CH600G-2.jpg;images/CONAST60-CH600G-4.jpg;images/CONAST60-CH600G-5.jpg,oui,"Ce congélateur horizontal Astech de 600 litres offre un grand espace de stockage avec deux portes et des paniers pour organiser vos denrées.

Points forts
• Capacité totale de 600 litres
• Classe énergétique A+
• Présence de 3 paniers
• Double protection en verre à l'intérieur

Caractéristiques
Type : Horizontal
Capacité : 600 L
Classe énergétique : A+
Dimensions : 154 x 82 x 75 cm
Nombre de portes : 2
Nombre de paniers : 3
Couleur : Gris"
CONAST60-FH600V,Astech,congélateur Astech horizontal 600 litres vitrine fh602scaa,froid,Congélateurs,349750,horizontal,jour,600 L,Type: Horizontal | Capacité: 600 L | Garantie: 12 mois,images/CONAST60-FH600V-2.png,images/CONAST60-FH600V-2.png;images/CONAST60-FH600V-1.jpg;images/CONAST60-FH600V-3.png;images/CONAST60-FH600V-4.png,oui,"Ce congélateur horizontal vitré Astech de 600 litres intègre un contrôle électronique de la température pour conserver vos produits congelés.

Points forts
• Capacité de 600 L
• Couvercles coulissants et vitrés
• Technologie noFrost
• Contrôle électronique de la température

Caractéristiques
Type : Horizontal
Capacité : 600 L
Classe énergétique : A
Dimensions : 170 x 90 x 60 cm
Type de couvercle : Coulissant et vitré"
CONAST80-CH800G,Astech,congélateur Astech horizontal 800 litres gris ch800gm,froid,Congélateurs,422000,horizontal,jour,800 L,Type: Horizontal | Capacité: 800 L | Couleur: Gris | Garantie: 12 mois,images/CONAST80-CH800G-3.jpg,images/CONAST80-CH800G-3.jpg;images/CONAST80-CH800G-1.jpg;images/CONAST80-CH800G-2.jpg;images/CONAST80-CH800G-4.jpg;images/CONAST80-CH800G-5.jpg,oui,"Le congélateur horizontal Astech de 800 litres dispose d'une grande capacité de stockage pour conserver vos produits en grande quantité.

Points forts
• Capacité de 800 litres
• Classe énergétique A+
• Deux portes avec verrou de sécurité
• Contrôle de température réglable

Caractéristiques
Type : Horizontal
Capacité : 800 L
Classe énergétique : A+
Dimensions : 193 x 82 x 72 cm
Nombre de portes : 2
Couleur : Gris
Classe climatique : T
Réfrigérant : R600a
Tension : 220-240V – 50HZ"
CONAST10T-FC330,Astech,congélateur Astech vertical 10tiroirs gris fc331vr,froid,Congélateurs,295000,vertical,jour,10 tiroirs,Type: Vertical | Couleur: Gris | Garantie: 12 mois,images/CONAST10T-FC330-1.png,images/CONAST10T-FC330-1.png;images/CONAST10T-FC330-4.png;images/CONAST10T-FC330-2.png;images/CONAST10T-FC330-3.png;images/CONAST10T-FC330-5.png,oui,"Ce congélateur vertical Astech d'une capacité de 330 litres est doté de dix tiroirs pour organiser facilement le rangement de vos aliments.

Points forts
• Capacité de 330 litres
• Classe énergétique A+
• 10 tiroirs de rangement
• Modèle vertical à 1 porte

Caractéristiques
Type : Vertical
Capacité : 330 L
Classe énergétique : A+
Dimensions : 62 x 178 x 60 cm
Nombre de portes : 1
Nombre de tiroirs : 10
Couleur : Gris"
CONGELATEUR-ASTECH-VERTICAL-10TIROIRS-PLAQUE-ALUMINIUM-GRIS-FC331VR,Astech,congélateur Astech vertical 10tiroirs plaque aluminium gris fc331vr,froid,Congélateurs,295000,vertical,jour,10 tiroirs,Type: Vertical | Couleur: Gris | Garantie: 12 mois,images/CONGELATEUR-ASTECH-VERTICAL-10TIROIRS-PLAQUE-ALUMINIUM-GRIS-FC331VR-1.jpg,images/CONGELATEUR-ASTECH-VERTICAL-10TIROIRS-PLAQUE-ALUMINIUM-GRIS-FC331VR-1.jpg;images/CONGELATEUR-ASTECH-VERTICAL-10TIROIRS-PLAQUE-ALUMINIUM-GRIS-FC331VR-2.jpg,oui,"Ce congélateur vertical Astech d'une capacité de 330 litres dispose de 10 tiroirs pour organiser le stockage de vos produits.

Points forts
• Capacité de 330 litres
• 10 tiroirs de rangement
• Classe énergétique A+

Caractéristiques
Type : Vertical
Couleur : Gris
Capacité : 330 L
Classe énergétique : A+
Hauteur : 1m 78
Largeur : 62cm
Profondeur : 60cm
Nombre de portes : 1 Porte
Nombre de tiroirs : 10 Tiroirs"
CONAST12-FC1200,Astech,congélateur Astech vertical 4tiroirs gris fc121,froid,Congélateurs,127000,vertical,jour,4 tiroirs,Type: Vertical | Couleur: Gris | Garantie: 12 mois,images/CONAST12-FC1200-3.png,images/CONAST12-FC1200-3.png;images/CONAST12-FC1200-1.png;images/CONAST12-FC1200-2.png;images/CONAST12-FC1200-4.png;images/CONAST12-FC1200-5.png,oui,"Ce congélateur vertical Astech de 4 tiroirs intègre un réglage électronique du thermostat et une fonction super congélation.

Points forts
• Classe énergétique A++
• 4 tiroirs de rangement
• Autonomie de 26 heures
• Fonction super congélation
• Niveau sonore de 40 dB

Caractéristiques
Type : Vertical
Couleur : Gris
Classe énergétique : A++
Nombre de tiroirs : 4
Dimensions (l x h x p) : 55 x 85.1 x 62.4 cm
Poids brut : 44,00 Kg
Catégorie : Défrost
Classe climatique : SN/T (de 10°C à 43°C)
Pouvoir de congélation : 11 kg/24h
Autonomie : 26 heures
Réglage du thermostat : Électronique
Charnières : A droite
Porte : Réversible
Consommation annuelle : 152 kWh/an
Niveau sonore : 40 dB"
CONAST6T-FC185,Astech,congélateur Astech vertical 6tiroirs 185 litres gris fc185m,froid,Congélateurs,197000,vertical,jour,185 L,Type: Vertical | Capacité: 185 L | Couleur: Gris | Garantie: 12 mois,images/CONAST6T-FC185-1.jpg,images/CONAST6T-FC185-1.jpg;images/CONAST6T-FC185-2.jpg,oui,"Ce congélateur vertical Astech propose une capacité de 185 litres répartie sur 6 tiroirs.

Points forts
• Capacité de 185 litres
• 6 tiroirs de rangement
• Classe énergétique A+

Caractéristiques
Type : Vertical
Couleur : Gris
Capacité : 185 L
Classe énergétique : A+
Nombre de tiroirs : 6
Dimensions : 580 x 590 x 1480 mm
Poids : 45 kg"
CONAST6T-FA2300,Astech,congélateur Astech vertical 6tiroirs plaque aluminium gris fa230ps,froid,Congélateurs,236900,vertical,jour,6 tiroirs,Type: Vertical | Couleur: Gris | Garantie: 12 mois,images/CONAST6T-FA2300-2.jpg,images/CONAST6T-FA2300-2.jpg;images/CONAST6T-FA2300-1.jpg,oui,"Ce congélateur vertical Astech d'une capacité de 230 litres est muni de 6 tiroirs pour vos besoins de conservation.

Points forts
• Capacité de 230 Litres
• 6 tiroirs de rangement
• Classe énergétique A+

Caractéristiques
Type : Vertical
Couleur : Gris
Modèle : FA230S
Classe énergétique : A+
Capacité : 230 Litres
Nombre de tiroirs : 6
Dimensions : 143 cm (longueur) x 54 cm (largeur)"
CONAST7T-FA374D,Astech,congélateur Astech vertical 7tiroirs plaque aluminium gris fa374dc,froid,Congélateurs,245000,vertical,jour,7 tiroirs,Type: Vertical | Couleur: Gris | Garantie: 12 mois,images/CONAST7T-FA374D-1.jpg,images/CONAST7T-FA374D-1.jpg;images/CONAST7T-FA374D-2.jpg,oui,"Ce congélateur vertical Astech dispose de 7 tiroirs pour stocker vos aliments au frais.

Points forts
• 7 tiroirs de rangement
• Classe énergétique A+

Caractéristiques
Type : Vertical
Couleur : Gris
Modèle : FA-374DC
Classe énergétique : A+
Nombre de tiroirs : 7
Dimensions : 595 x 600 x 1750 mm"
CONAST8T-PA240S,Astech,congélateur Astech vertical 8tiroirs 240 litres plaque aluminium gris pa240cd,froid,Congélateurs,301900,vertical,jour,240 L,Type: Vertical | Capacité: 240 L | Couleur: Gris | Garantie: 12 mois,images/CONAST8T-PA240S-2.png,images/CONAST8T-PA240S-2.png;images/CONAST8T-PA240S-5.png;images/CONAST8T-PA240S-1.jpg;images/CONAST8T-PA240S-3.png;images/CONAST8T-PA240S-4.png,oui,"Ce congélateur vertical Astech de 240 litres intègre un éclairage LED et 8 tiroirs pour le stockage.

Points forts
• Capacité de 240 Litres
• 8 tiroirs de rangement
• Éclairage LED
• Classe énergétique A+

Caractéristiques
Type : Vertical
Couleur : Gris
Modèle : PA240S
Classe énergétique : A+
Capacité : 240 Litres
Nombre de tiroirs : 8
Dimensions (Longueur x Largeur x Hauteur) : 55 x 58.3 x 143.5 cm
Poids : 40 kg"
CONGELATEUR-ASTECH-VERTICAL-9TIROIRS-PLAQUE-ALUMINIUM-GRIS-GM-PA360S,Astech,congélateur Astech vertical 9tiroirs plaque aluminium gris gm pa360s,froid,Congélateurs,322000,vertical,jour,9 tiroirs,Type: Vertical | Couleur: Gris | Garantie: 12 mois,images/CONGELATEUR-ASTECH-VERTICAL-9TIROIRS-PLAQUE-ALUMINIUM-GRIS-GM-PA360S-1.png,images/CONGELATEUR-ASTECH-VERTICAL-9TIROIRS-PLAQUE-ALUMINIUM-GRIS-GM-PA360S-1.png,oui,"Ce congélateur vertical Astech offre une capacité de 360 litres répartie sur 9 tiroirs. Il convient pour le stockage organisé des produits surgelés.

Points forts
• Capacité de 360 litres
• 9 tiroirs pour un stockage organisé
• Équipé d'une plaque aluminium

Caractéristiques
Type : Vertical
Couleur : Gris
Capacité : 360 L
Nombre de tiroirs : 9
Modèle : PA360S"
CONBEK5T-RFSM20,Beko,congélateur Beko 5tiroirs gris rfsm200t20s,froid,Congélateurs,212000,horizontal,jour,5 tiroirs,Couleur: Gris | Garantie: 12 mois,images/CONBEK5T-RFSM20-1.jpg,images/CONBEK5T-RFSM20-1.jpg;images/CONBEK5T-RFSM20-2.jpg,oui,"Ce congélateur vertical Beko d'une capacité de 200 litres dispose de 5 tiroirs. Il est adapté pour la conservation de vos produits surgelés.

Points forts
• Capacité de 200 litres
• 5 tiroirs de rangement
• Système de refroidissement statique
• Affichage par voyant LED

Caractéristiques
Couleur : Gris
Capacité : 200 L
Classe d'efficacité énergétique : A+
Dimensions : 145,7 x 54 x 57,5 cm
Classe climatique : SN-T
Type d'affichage : Voyant LED
Système de refroidissement : Statique"
CONBEK21-HS210B,Beko,congélateur Beko horizontal 104 litres blanc hs210520,froid,Congélateurs,127000,horizontal,jour,104 L,Type: Horizontal | Capacité: 104 L | Couleur: Blanc | Garantie: 12 mois,images/CONBEK21-HS210B-1.png,images/CONBEK21-HS210B-1.png;images/CONBEK21-HS210B-2.png,oui,"Ce congélateur horizontal Beko propose un volume net de 104 litres. Il s'installe en pose libre pour stocker vos denrées.

Points forts
• Volume net de 104 litres
• Installation en pose libre
• Fonctionnement jusqu'à -15 C

Caractéristiques
Type : Horizontal
Capacité : 104 L
Couleur : Blanc
Installation : Pose libre
Classe d'efficacité énergétique : A+
Dimensions : 86 x 53,7 x 58,5 cm"
CONBEK25-HS255L,Beko,congélateur Beko horizontal 300 litres blanc hs255,froid,Congélateurs,200000,horizontal,jour,300 L,Type: Horizontal | Capacité: 300 L | Couleur: Blanc | Garantie: 12 mois,images/CONBEK25-HS255L-1.png,images/CONBEK25-HS255L-1.png,oui,"Ce congélateur horizontal Beko offre une capacité de 300 litres. Il convient pour la conservation de vos aliments.

Points forts
• Capacité de 300 litres

Caractéristiques
Type : Horizontal
Capacité : 300 L
Couleur : Blanc"
CONBEK30-HS305L,Beko,congélateur Beko horizontal 350 litres blanc hs305,froid,Congélateurs,212000,horizontal,jour,350 L,Type: Horizontal | Capacité: 350 L | Couleur: Blanc | Garantie: 12 mois,images/CONBEK30-HS305L-1.png,images/CONBEK30-HS305L-1.png,oui,"Ce congélateur horizontal Beko dispose d'une capacité de 350 litres. Il permet de stocker vos produits surgelés.

Points forts
• Capacité de 350 litres

Caractéristiques
Type : Horizontal
Capacité : 350 L
Couleur : Blanc"
CONBEK50-HSM400,Beko,congélateur Beko horizontal 500 litres gris hsm40081s,froid,Congélateurs,298000,horizontal,jour,500 L,Type: Horizontal | Capacité: 500 L | Couleur: Gris | Garantie: 12 mois,images/CONBEK50-HSM400-1.jpg,images/CONBEK50-HSM400-1.jpg;images/CONBEK50-HSM400-4.png;images/CONBEK50-HSM400-2.png;images/CONBEK50-HSM400-3.png,oui,"Ce congélateur coffre Beko de 500 litres permet de congeler une grande quantité de nourriture. Il est conçu pour un usage pratique au quotidien.

Points forts
• Capacité totale de 500 litres
• Décongélation automatique
• Équipé d'une serrure
• Poids de 47,6 kg

Caractéristiques
Type : Horizontal
Capacité : 500 L
Couleur : Gris
Classe énergétique : A
Dimensions : 128,5 x 86 x 72,5 cm
Nombre de portes : 1
Poids : 47,6 kg
Classe climatique : SN-T
Réfrigérant : R600a"
CONBEK60-HSM467,Beko,congélateur Beko horizontal 600 litres blanc hsm46781,froid,Congélateurs,298600,horizontal,jour,600 L,Type: Horizontal | Capacité: 600 L | Couleur: Blanc | Garantie: 12 mois,images/CONBEK60-HSM467-3.png,images/CONBEK60-HSM467-3.png;images/CONBEK60-HSM467-1.jpg;images/CONBEK60-HSM467-2.png;images/CONBEK60-HSM467-4.png;images/CONBEK60-HSM467-5.png,oui,"Ce congélateur horizontal offre un grand volume de stockage pour vos aliments. Il convient parfaitement pour conserver vos produits de manière efficace au quotidien.

Points forts
• Grande capacité de 600 litres
• Refroidissement statique
• Classe énergétique A
• Joint d'étanchéité actif

Caractéristiques
Type : Horizontal
Capacité : 600 L
Couleur : Blanc
Classe énergétique : A
Classe climatique : SN-T
Hauteur : 86 cm
Largeur : 155.5 cm
Profondeur : 67.5 cm
Poids : 55.5 kg
Type de refroidissement : Statique
Réfrigérant : R600a"
CONBEK46-HSM46G,Beko,congélateur Beko horizontal 600 litres gris hsm46781s,froid,Congélateurs,312800,horizontal,jour,600 L,Type: Horizontal | Capacité: 600 L | Couleur: Gris | Garantie: 12 mois,images/CONBEK46-HSM46G-2.png,images/CONBEK46-HSM46G-2.png;images/CONBEK46-HSM46G-1.png,oui,"Ce congélateur horizontal en version grise propose une capacité importante pour stocker vos denrées. Il répond aux besoins de conservation avec des caractéristiques adaptées.

Points forts
• Capacité de 600 litres
• Classe énergétique A
• Niveau sonore de 44 dBA

Caractéristiques
Type : Horizontal
Capacité : 600 L
Couleur : Gris
Classe d'efficacité énergétique : A
Niveau sonore : 44 dBA
Classe climatique : SN-T
Tension : 220 – 240 V
Fréquence : 50 Hz
Hauteur : 86 cm
Largeur : 155.5 cm
Profondeur : 67.5 cm"
CONBEK7-NE320L2,Beko,congélateur Beko vertical 7tiroirs No Frost gris rfne320l23s,froid,Congélateurs,380000,vertical,jour,7 tiroirs,Type: Vertical | Couleur: Gris | Garantie: 12 mois,images/CONBEK7-NE320L2-1.jpg,images/CONBEK7-NE320L2-1.jpg,oui,"Ce congélateur vertical est équipé de sept tiroirs pour organiser facilement le rangement de vos produits. Sa technologie No Frost évite la formation de givre.

Points forts
• Volume de 250 litres
• Technologie No Frost
• Porte réversible
• Sept tiroirs de rangement

Caractéristiques
Type : Vertical
Couleur : Gris
Volume : 250 L
Classe énergétique : A+
Classe climatique : SN-T
Poids : 54.5 kg
Hauteur : 171.4 cm
Largeur : 59.5 cm
Profondeur : 65.5 cm
Nombre de tiroirs : 7
Niveau sonore : 42 dBA
Type de refroidissement : No Frost
Couleur du produit : Inox Anti-traces"
CONBEK32-RFNE32,Beko,congélateur Beko vertical 7tiroirs No Frost gris rfne320l24x,froid,Congélateurs,371900,vertical,jour,7 tiroirs,Type: Vertical | Couleur: Gris | Garantie: 12 mois,images/CONBEK32-RFNE32-1.png,images/CONBEK32-RFNE32-1.png,oui,"Ce congélateur vertical dispose d'un format adapté pour le rangement de vos aliments surgelés à la maison.

Points forts
• Format vertical
• Couleur grise

Caractéristiques
Type : Vertical
Couleur : Gris"
CONBEK7T-130924,Beko,congélateur Beko vertical 7tiroirs plaque aluminium gris fs130924,froid,Congélateurs,298600,vertical,jour,7 tiroirs,Type: Vertical | Couleur: Gris | Garantie: 12 mois,images/CONBEK7T-130924-1.jpg,images/CONBEK7T-130924-1.jpg;images/CONBEK7T-130924-2.jpg,oui,"Ce congélateur vertical dispose de sept tiroirs et d'une pose libre pour s'intégrer facilement dans votre espace. Il permet de stocker vos aliments de manière organisée.

Points forts
• Capacité de 280 litres
• Sept tiroirs
• Niveau sonore de 41 dB
• Classe énergétique A

Caractéristiques
Type : Vertical
Couleur : Gris
Classe énergétique : A
Capacité : 280 L
Hauteur : 171.0 cm
Largeur : 59.5 cm
Profondeur : 62.0 cm
Poids : 58.00 kg
Niveau sonore : 41 dB
Nombre de portes : 1
Type de pose : Libre"
CONBEK8T-315LA0,Beko,congélateur Beko vertical 8tiroirs 450l No Frost gris rfne451xb,froid,Congélateurs,231900,vertical,jour,450 L,Type: Vertical | Couleur: Gris | Garantie: 12 mois,images/CONBEK8T-315LA0-1.jpg,images/CONBEK8T-315LA0-1.jpg;images/CONBEK8T-315LA0-2.webp;images/CONBEK8T-315LA0-3.webp,oui,"Ce congélateur vertical grand volume intègre huit tiroirs pour un rangement optimal de vos provisions. Le système No Frost simplifie son entretien au quotidien.

Points forts
• Volume total de 315 litres
• Technologie No Frost sans givre
• Classe énergétique A+
• Huit tiroirs de rangement

Caractéristiques
Type : Vertical
Couleur : Gris
Type de refroidissement : No Frost
Classe énergétique : A+
Dimensions (P x L x H) : 73.0 x 59.5 x 185.0 cm
Poids : 79 kg
Couleur du produit : Inox Anti-traces
Volume total : 315 L
Classe climatique : SN-T
Type de réfrigérant : R600a
Niveau sonore : 42 dBA"
CONDES41-FRZ410,Deska,congélateur Deska horizontal 400 litres gris frz41dk,froid,Congélateurs,217000,horizontal,jour,400 L,Type: Horizontal | Capacité: 400 L | Couleur: Gris | Garantie: 12 mois,images/CONDES41-FRZ410-1.jpg,images/CONDES41-FRZ410-1.jpg,oui,"Ce congélateur horizontal Deska offre une capacité de 400 litres pour stocker vos produits. Il convient parfaitement pour la conservation de vos aliments.

Points forts
• Grande capacité de 400 litres
• Classe énergétique A+++

Caractéristiques
Type : Horizontal
Capacité : 400 L
Couleur : Gris
Classe énergétique : A+++
Largeur : 111 cm
Hauteur : 83 cm
Profondeur : 64 cm"
CONDES66-FRZ660,Deska,congélateur Deska horizontal 700 litres gris frz660dk,froid,Congélateurs,295600,horizontal,jour,700 L,Type: Horizontal | Capacité: 700 L | Couleur: Gris | Garantie: 12 mois,images/CONDES66-FRZ660-1.jpg,images/CONDES66-FRZ660-1.jpg,oui,"Découvrez ce congélateur horizontal Deska de 700 litres de capacité. Il permet de conserver une grande quantité de denrées alimentaires.

Points forts
• Grande capacité de 700 litres
• Classe énergétique A+++

Caractéristiques
Type : Horizontal
Capacité : 700 L
Couleur : Gris
Classe énergétique : A+++
Largeur : 1m 60
Hauteur : 83 cm
Profondeur : 73 cm
Fréquence : 50 Hz"
CONDES15-FRZ155,Deska,congélateur Deska vertical 5tiroirs gris ver155dk,froid,Congélateurs,215000,vertical,jour,5 tiroirs,Type: Vertical | Couleur: Gris | Garantie: 12 mois,images/CONDES15-FRZ155-1.jpg,images/CONDES15-FRZ155-1.jpg;images/CONDES15-FRZ155-2.jpg,oui,"Ce congélateur vertical Deska dispose de 5 tiroirs pour organiser le rangement de vos produits surgelés.

Points forts
• Type vertical avec 5 tiroirs
• Coloris gris

Caractéristiques
Type : Vertical
Couleur : Gris"
CONDES19-VER191,Deska,congélateur Deska vertical 6tiroirs gris ver191dk,froid,Congélateurs,167000,vertical,jour,6 tiroirs,Type: Vertical | Couleur: Gris | Garantie: 12 mois,images/CONDES19-VER191-1.png,images/CONDES19-VER191-1.png;images/CONDES19-VER191-2.png,oui,"Ce congélateur vertical Deska de 180 litres est équipé de 6 tiroirs pour un rangement pratique de vos aliments surgelés.

Points forts
• Capacité de 180 Litres
• 6 tiroirs de rangement
• Classe énergétique A+

Caractéristiques
Type : Vertical
Capacité : 180 Litres
Couleur : Gris
Classe énergétique : A+
Classe climatique : T
Dimensions : 580 x 613 x 1443 mm
Voltage : 220-240 V
Fréquence : 50 Hz
Nombre de tiroirs : 6
Poids : 44.5 kg"
CONELA19-EL193B,Elactron,congélateur Elactron horizontal 200 litres gris el193bd1140,froid,Congélateurs,112500,horizontal,jour,200 L,Type: Horizontal | Capacité: 200 L | Couleur: Gris | Garantie: 12 mois,images/CONELA19-EL193B-2.jpg,images/CONELA19-EL193B-2.jpg;images/CONELA19-EL193B-1.jpg;images/CONELA19-EL193B-3.png;images/CONELA19-EL193B-4.png,oui,"Ce congélateur horizontal Elactron offre une capacité de 200 litres pour la conservation de vos produits alimentaires.

Points forts
• Capacité de 200 litres
• Format horizontal pratique

Caractéristiques
Type : Horizontal
Capacité : 200 L
Couleur : Gris"
CONELA30-EL149B,Elactron,congélateur Elactron horizontal 300 litres gris el149cfs,froid,Congélateurs,211000,horizontal,jour,300 L,Type: Horizontal | Capacité: 300 L | Couleur: Gris | Garantie: 12 mois,images/CONELA30-EL149B-2.jpg,images/CONELA30-EL149B-2.jpg;images/CONELA30-EL149B-1.jpg,oui,"Ce congélateur horizontal Elactron d'un volume de 300 litres est conçu pour le stockage à long terme de vos aliments.

Points forts
• Volume de 300 litres
• Intérieur en aluminium
• Capacité de congélation de 12 kg par 24h
• 1 panier de rangement inclus

Caractéristiques
Type : Horizontal
Capacité : 300 L
Couleur : Gris
Classe énergétique : A
Capacité de congélation : 12 kg/24h
Dimensions : 910 x 555 x 847 mm
Rangement : 1 panier"
CONELA20-EL208Y,Elactron,congélateur Elactron horizontal 300 litres vitrine el208y,froid,Congélateurs,211000,horizontal,jour,300 L,Type: Horizontal | Capacité: 300 L | Garantie: 12 mois,images/CONELA20-EL208Y-1.jpg,images/CONELA20-EL208Y-1.jpg;images/CONELA20-EL208Y-2.png,oui,"Ce congélateur horizontal Elactron d'une capacité de 300 litres est conçu pour stocker vos produits surgelés au quotidien.

Points forts
• Capacité de stockage de 300 litres
• Type horizontal

Caractéristiques
Type : Horizontal
Capacité : 300 L"
CONELA10-EL108C,Elactron,congélateur Elactron horizontal 400 litres gris el108cfw,froid,Congélateurs,241600,horizontal,jour,400 L,Type: Horizontal | Capacité: 400 L | Couleur: Gris | Garantie: 12 mois,images/CONELA10-EL108C-1.jpg,images/CONELA10-EL108C-1.jpg;images/CONELA10-EL108C-2.jpg,oui,"Le congélateur horizontal Elactron offre une capacité de 400 litres pour la conservation de vos aliments. Il dispose d'une classe énergétique A.

Points forts
• Grande capacité de 400 litres
• Classe énergétique A
• Coloris gris

Caractéristiques
Type de produit : Congélateur horizontal
Classe énergétique : A
Capacité : 400 litres
Couleur : Gris
Dimensions : W1090xD620xH850 mm"
CONELA24-SD246J,Elactron,congélateur Elactron horizontal 400 litres vitrine sd246jy,froid,Congélateurs,241600,horizontal,jour,400 L,Type: Horizontal | Capacité: 400 L | Garantie: 12 mois,images/CONELA24-SD246J-1.jpg,images/CONELA24-SD246J-1.jpg;images/CONELA24-SD246J-2.png,oui,"Ce congélateur horizontal Elactron propose un volume de 400 litres pour répondre à vos besoins de congélation.

Points forts
• Capacité de stockage de 400 litres
• Type horizontal

Caractéristiques
Type : Horizontal
Capacité : 400 L"
CONELA36-SD366J,Elactron,congélateur Elactron horizontal 500 litres vitrine sd366jy,froid,Congélateurs,325000,horizontal,jour,500 L,Type: Horizontal | Capacité: 500 L | Garantie: 12 mois,images/CONELA36-SD366J-1.png,images/CONELA36-SD366J-1.png,oui,"D'une capacité de 500 litres, ce congélateur horizontal Elactron permet de conserver une grande quantité de produits surgelés.

Points forts
• Capacité de 500 litres
• Type horizontal

Caractéristiques
Type : Horizontal
Capacité : 500 L"
CONELA56-SD569B,Elactron,congélateur Elactron horizontal 700 litres vitrine sd569by,froid,Congélateurs,389700,horizontal,jour,700 L,Type: Horizontal | Capacité: 700 L | Garantie: 12 mois,images/CONELA56-SD569B-1.jpg,images/CONELA56-SD569B-1.jpg,oui,"Ce grand congélateur horizontal Elactron met à votre disposition une capacité de 700 litres pour le stockage.

Points forts
• Capacité importante de 700 litres
• Type horizontal

Caractéristiques
Type : Horizontal
Capacité : 700 L"
CONELA63-EL63FW,Elactron,congélateur Elactron horizontal 750 litres blanc el63cfw,froid,Congélateurs,352000,horizontal,jour,750 L,Type: Horizontal | Capacité: 750 L | Couleur: Blanc | Garantie: 12 mois,images/CONELA63-EL63FW-2.jpg,images/CONELA63-EL63FW-2.jpg;images/CONELA63-EL63FW-1.png;images/CONELA63-EL63FW-3.png,oui,"Ce congélateur horizontal Elactron de couleur blanche offre une grande capacité de 750 litres pour vos denrées.

Points forts
• Capacité maximale de 750 litres
• Coloris blanc
• Type horizontal

Caractéristiques
Type : Horizontal
Capacité : 750 L
Couleur : Blanc"
CONELA63-EL63CF,Elactron,congélateur Elactron horizontal 750 litres gris el63cfs,froid,Congélateurs,315200,horizontal,jour,750 L,Type: Horizontal | Capacité: 750 L | Couleur: Gris | Garantie: 12 mois,images/CONELA63-EL63CF-1.jpg,images/CONELA63-EL63CF-1.jpg;images/CONELA63-EL63CF-2.jpg,oui,"Ce congélateur horizontal Elactron de 750 litres de couleur gris offre un grand espace de stockage pour conserver vos produits.

Points forts
• Grande capacité de 750 litres
• Type horizontal

Caractéristiques
Type : Horizontal
Capacité : 750 Litres
Couleur : Gris
Dimensions : 1640 x 700 x 865 mm"
CONELA4T-EL2360,Elactron,congélateur Elactron vertical 4tiroirs gris el236tti,froid,Congélateurs,195000,vertical,jour,4 tiroirs,Type: Vertical | Couleur: Gris | Garantie: 12 mois,images/CONELA4T-EL2360-1.png,images/CONELA4T-EL2360-1.png;images/CONELA4T-EL2360-2.png,oui,"Ce congélateur vertical de la marque Elactron dispose de 4 tiroirs et d'une capacité de 85 litres pour vos besoins de conservation.

Points forts
• Capacité de 85 litres avec 4 tiroirs
• Classe énergétique A
• Matière en acier inoxydable

Caractéristiques
Type : Vertical
Modèle : EL236
Capacité : 85 Litres
Classe énergétique : A
Nombre de tiroirs : 4
Tension : 220-240 V
Fréquence : 50 Hz
Dimensions : 550 x 580 x 850 mm
Courant : 0,55 A
Fluide frigorigène : R600a/62G
Couleur : Gris
Matière : Acier inoxydable"
CONGELATEUR-ELACTRON-VERTICAL-7TIROIRS-GRIS-EL74UPX,Elactron,congélateur Elactron vertical 7tiroirs gris el74upx,froid,Congélateurs,261200,vertical,jour,7 tiroirs,Type: Vertical | Couleur: Gris | Garantie: 12 mois,images/CONGELATEUR-ELACTRON-VERTICAL-7TIROIRS-GRIS-EL74UPX-2.jpg,images/CONGELATEUR-ELACTRON-VERTICAL-7TIROIRS-GRIS-EL74UPX-2.jpg;images/CONGELATEUR-ELACTRON-VERTICAL-7TIROIRS-GRIS-EL74UPX-1.jpg;images/CONGELATEUR-ELACTRON-VERTICAL-7TIROIRS-GRIS-EL74UPX-3.jpg,oui,"Ce congélateur vertical Elactron de couleur gris est doté de 7 tiroirs pour organiser facilement le rangement de vos aliments.

Points forts
• 7 tiroirs de rangement
• Type vertical

Caractéristiques
Type : Vertical
Modèle : EL74UPX
Nombre de tiroirs : 7
Tension : 220-240 V
Fréquence : 50 Hz
Dimensions : 600 x 615 x 1710 mm
Couleur : Gris"
CONELA34-EL72UP,Elactron,congélateur Elactron vertical 7tiroirs No Frost gris el72upxf fn134,froid,Congélateurs,365000,vertical,jour,7 tiroirs,Type: Vertical | Couleur: Gris | Garantie: 12 mois,images/CONELA34-EL72UP-1.jpg,images/CONELA34-EL72UP-1.jpg,oui,"Ce congélateur vertical No Frost Elactron d'un volume de 400 litres possède une porte et se pare d'une finition grise.

Points forts
• Volume de 400 litres
• Technologie No Frost
• Classe énergétique A++

Caractéristiques
Type : Vertical
Modèle : EL 72 UPXF FN1-34
Classe énergétique : A++
Volume : 400 Litres
Nombre de portes : 1
No Frost : Oui
Dimensions : 59 x 180 cm
Couleur : Gris"
CONELA77-FN177G,Elactron,congélateur Elactron vertical No Frost gm fn177,froid,Congélateurs,582000,vertical,jour,,Type: Vertical | Garantie: 12 mois,images/CONELA77-FN177G-1.jpg,images/CONELA77-FN177G-1.jpg;images/CONELA77-FN177G-2.png;images/CONELA77-FN177G-3.png,oui,"Ce congélateur vertical Elactron est conçu pour la conservation de vos aliments au quotidien.

Points forts
• Type vertical

Caractéristiques
Type : Vertical"
CONEND7T-CVN7T3,Enduro,congélateur Enduro 7tiroirs 375 litres Inox a+ cvn7t375x,froid,Congélateurs,323000,horizontal,jour,375 L,Capacité: 375 L | Couleur: Inox | Garantie: 12 mois,images/CONEND7T-CVN7T3-2.png,images/CONEND7T-CVN7T3-2.png;images/CONEND7T-CVN7T3-1.png,oui,"Ce congélateur vertical Enduro de 375 litres en inox intègre 7 tiroirs et une classe énergétique A++ pour un usage performant.

Points forts
• Volume brut total de 375 litres
• 7 tiroirs de rangement
• Classe énergétique A++

Caractéristiques
Type : Vertical
Classe énergétique : A++
Couleur : Inox
Volume brut total : 375 Litres
Classe climatique : SN-T
Type de réfrigérant : R600A
Nombre de tiroirs : 7
Dimensions : 595 x 650 x 1860 mm"
CONEND2P-CF500L,Enduro,congélateur Enduro horizontal 2portes 500 litres gris cf500lidd,froid,Congélateurs,232000,horizontal,jour,500 L,Type: Horizontal | Capacité: 500 L | Couleur: Gris | Garantie: 12 mois,images/CONEND2P-CF500L-1.png,images/CONEND2P-CF500L-1.png;images/CONEND2P-CF500L-2.png,oui,"Ce congélateur horizontal offre une capacité de 500 litres pour stocker vos produits surgelés. Il dispose de deux portes et se présente dans un coloris gris.

Points forts
• Capacité de 500 litres
• Type horizontal à deux portes
• Coloris gris

Caractéristiques
Type : Horizontal
Capacité : 500 L
Couleur : Gris"
CONEND2P-CF580L,Enduro,congélateur Enduro horizontal 2portes 580 litres gris cf580ldd,froid,Congélateurs,282800,horizontal,jour,580 L,Type: Horizontal | Capacité: 580 L | Couleur: Gris | Garantie: 12 mois,images/CONEND2P-CF580L-1.png,images/CONEND2P-CF580L-1.png;images/CONEND2P-CF580L-2.png,oui,"Découvrez ce congélateur horizontal de 580 litres doté de deux portes, idéal pour la conservation de vos aliments.

Points forts
• Grande capacité de 580 litres
• Modèle horizontal à deux portes
• Coloris gris

Caractéristiques
Type : Horizontal
Capacité : 580 L
Couleur : Gris"
CONEND2P-CF750L,Enduro,congélateur Enduro horizontal 2portes 700 litres gris cf750lidd,froid,Congélateurs,245000,horizontal,jour,700 L,Type: Horizontal | Capacité: 700 L | Couleur: Gris | Garantie: 12 mois,images/CONEND2P-CF750L-1.png,images/CONEND2P-CF750L-1.png;images/CONEND2P-CF750L-2.png,oui,"Ce congélateur horizontal propose une capacité de 700 litres avec deux portes pour un stockage facilité de vos denrées.

Points forts
• Capacité de 700 litres
• Configuration horizontale à deux portes
• Coloris gris

Caractéristiques
Type : Horizontal
Capacité : 700 L
Couleur : Gris"
CONEND2P-CF900L,Enduro,congélateur Enduro horizontal 2portes 900 litres gris cf950lidd,froid,Congélateurs,245000,horizontal,jour,900 L,Type: Horizontal | Capacité: 900 L | Couleur: Gris | Garantie: 12 mois,images/CONEND2P-CF900L-2.png,images/CONEND2P-CF900L-2.png;images/CONEND2P-CF900L-1.png,oui,"Ce congélateur horizontal à double battant offre un volume de 900 litres pour répondre à vos besoins de stockage en grande quantité.

Points forts
• Capacité de 900 litres
• Portes double battants
• Classe climatique tropicale

Caractéristiques
Type : Horizontal
Capacité : 900 Litres
Portes : Double battants
Classe climatique : T (Tropical)
Tension nominale : 220 – 240 V
Fréquence : 50 Hz
Courant nominal : 3,2 A
Réfrigérant : R290
Quantité de gaz : 90 g
Dimensions (L x P x H) : 196 x 80 x 83,5 cm"
CONEND40-CF400L,Enduro,congélateur Enduro horizontal 400 litres gris cf400ligd,froid,Congélateurs,186800,horizontal,jour,400 L,Type: Horizontal | Capacité: 400 L | Couleur: Gris | Garantie: 12 mois,images/CONEND40-CF400L-1.png,images/CONEND40-CF400L-1.png,oui,"Ce congélateur coffre horizontal de 400 litres est muni d'un système intérieur à verres coulissants pour un accès aisé.

Points forts
• Capacité de 400 litres
• Système intérieur avec verres coulissants
• Classe climatique tropicale

Caractéristiques
Type : Congélateur horizontal (coffre)
Capacité : 400 Litres
Système intérieur : Verres coulissants
Couleur : Gris foncé
Classe climatique : T (Tropical)
Tension nominale : 220 – 240 V
Fréquence : 50 Hz
Courant nominal : 2,3 A
Réfrigérant : R600a
Quantité de gaz : 80 g
Dimensions (L x P x H) : 112 x 68 x 85 cm"
CONEN400-CV400X,Enduro,congélateur Enduro horizontal 400 litres vitrine cvtr400x,froid,Congélateurs,241000,horizontal,jour,400 L,Type: Horizontal | Capacité: 400 L | Garantie: 12 mois,images/CONEN400-CV400X-1.png,images/CONEN400-CV400X-1.png,oui,"Ce congélateur horizontal vitré de 400 litres permet une bonne visibilité des produits surgelés grâce à ses portes coulissantes en verre.

Points forts
• Capacité commerciale de 400 L
• Couvercle à verres coulissants
• Visibilité des produits par le dessus

Caractéristiques
Type de produit : Congélateur horizontal vitré
Capacité commerciale : 400 L
Tension nominale : 220–240 V
Fréquence : 50 Hz
Installation : Pose libre
Couvercle : Verres coulissants
Classe climatique : ST
Réfrigérant : R290
Charge de réfrigérant : 54 g
Intensité nominale : 2,4 A
Poids : 54 kg
Dimensions : 112 x 68 x 85 cm"
CONEND50-VTR500,Enduro,congélateur Enduro horizontal 500 litres vitrine cvtr500x,froid,Congélateurs,307800,horizontal,jour,500 L,Type: Horizontal | Capacité: 500 L | Garantie: 12 mois,images/CONEND50-VTR500-1.png,images/CONEND50-VTR500-1.png;images/CONEND50-VTR500-2.png,oui,"Ce congélateur horizontal de 500 litres est équipé de vitres coulissantes courbées. Il convient pour stocker vos produits tout en offrant une visibilité directe.

Points forts
• Grande capacité de 500 litres
• Portes à vitres coulissantes courbées
• Inclut 3 paniers de rangement
• Classe climatique ST pour climats tropicaux et subtropicaux

Caractéristiques
Type : Horizontal
Capacité : 500 L
Paniers : 3 paniers
Tension nominale : 220 – 240 V
Fréquence : 50 Hz
Courant nominal : 2.4 A
Classe climatique : ST
Réfrigérant : R290
Quantité de gaz : 80 g
Poids : 58 kg"
CONEND60-VTR600,Enduro,congélateur Enduro horizontal 600 litres vitrine cvtr600x,froid,Congélateurs,279800,horizontal,jour,600 L,Type: Horizontal | Capacité: 600 L | Garantie: 12 mois,images/CONEND60-VTR600-1.png,images/CONEND60-VTR600-1.png;images/CONEND60-VTR600-2.png,oui,"Le congélateur horizontal vitré de 600 litres offre un large espace de conservation. Ses portes vitrées facilitent la présentation et l'accès aux aliments.

Points forts
• Capacité généreuse de 600 litres
• Portes en vitres coulissantes courbées
• Équipé de 4 paniers
• Adapté aux zones tropicales et subtropicales

Caractéristiques
Type : Horizontal
Capacité : 600 L
Portes : Vitres coulissantes courbées
Paniers : 4 paniers
Tension nominale : 220 – 240 V
Fréquence : 50 Hz
Courant nominal : 2.4 A
Réfrigérant : R290
Classe climatique : ST"
CONEND6T-CV25L6,Enduro,congélateur Enduro vertical 6tiroirs 225l plaque aluminium gris cv25l6tip,froid,Congélateurs,210000,vertical,jour,225 L,Type: Vertical | Couleur: Gris | Garantie: 12 mois,images/CONEND6T-CV25L6-3.jpg,images/CONEND6T-CV25L6-3.jpg;images/CONEND6T-CV25L6-1.jpg;images/CONEND6T-CV25L6-2.jpg,oui,"Ce congélateur vertical de couleur grise est doté de 6 tiroirs et d'une plaque en aluminium. Il s'intègre facilement dans votre espace de stockage.

Points forts
• Format vertical à 6 tiroirs
• Coloris gris

Caractéristiques
Type : Vertical
Couleur : Gris"
CONEND6T-CV6T20,Enduro,congélateur Enduro vertical 6tiroirs gris cv6t200s,froid,Congélateurs,211000,vertical,jour,6 tiroirs,Type: Vertical | Couleur: Gris | Garantie: 12 mois,images/CONEND6T-CV6T20-1.webp,images/CONEND6T-CV6T20-1.webp;images/CONEND6T-CV6T20-2.jpg,oui,"Ce congélateur vertical gris d'un volume total de 200 litres intègre 6 tiroirs pour organiser vos produits. Il dispose d'un système de refroidissement Defrost et de portes réversibles.

Points forts
• Volume net de 170 litres
• Six tiroirs de congélation
• Portes réversibles et pieds de nivellement
• Classe énergétique A+

Caractéristiques
Type : Vertical
Couleur : Gris
Volume brut total : 200 litres
Volume net total : 170 litres
Volume net congélateur : 170 litres
Classe énergétique : A+
Classe climatique : SN-T
Dimensions : 57,8 x 59,3 x 147,1 cm
Type de réfrigérant : R600a
Nombre de tiroirs : 6"
CONFIN37-BCD377,Finix,congélateur finix horizontal 400 litres gris bdw377,froid,Congélateurs,196500,horizontal,jour,400 L,Type: Horizontal | Capacité: 400 L | Couleur: Gris | Garantie: 12 mois,images/CONFIN37-BCD377-2.jpg,images/CONFIN37-BCD377-2.jpg;images/CONFIN37-BCD377-1.jpg,oui,"Ce congélateur horizontal de 400 litres de couleur grise propose une congélation à -18°C. Il est doté d'un intérieur en aluminium et d'une vitre intérieure coulissante.

Points forts
• Capacité nette de 400 litres
• Clé de sécurité incluse
• Conception adaptée au climat tropical
• Intérieur en aluminium avec lampe

Caractéristiques
Type : Horizontal
Capacité : 400 L
Couleur : Gris
Modèle : BDW377
Gaz réfrigérant : R134A
Dimensions : 117,6 x 64 x 83 cm
Profondeur : 65 cm
Voltage : 220V
Fréquence : 50 Hz"
CONFIN40-FIN400,Finix,congélateur finix horizontal 400 litres gris fin400,froid,Congélateurs,199500,horizontal,jour,400 L,Type: Horizontal | Capacité: 400 L | Couleur: Gris | Garantie: 12 mois,images/CONFIN40-FIN400-3.jpg,images/CONFIN40-FIN400-3.jpg;images/CONFIN40-FIN400-1.jpg;images/CONFIN40-FIN400-2.jpg,oui,"Ce congélateur horizontal de 400 litres de couleur grise offre une solution de stockage adaptée à vos besoins de conservation.

Points forts
• Capacité de 400 litres
• Modèle horizontal de couleur grise

Caractéristiques
Type : Horizontal
Capacité : 400 L
Couleur : Gris"
CONFIN45-BDW450,Finix,congélateur finix horizontal 500 litres gris bdw450,froid,Congélateurs,250400,horizontal,jour,500 L,Type: Horizontal | Capacité: 500 L | Couleur: Gris | Garantie: 12 mois,images/CONFIN45-BDW450-1.jpg,images/CONFIN45-BDW450-1.jpg;images/CONFIN45-BDW450-2.jpg,oui,"Ce congélateur horizontal Finix d'une capacité de 500 litres offre un grand espace de stockage pour vos produits. Il dispose d'un intérieur en aluminium et d'un éclairage intégré.

Points forts
• Capacité nette de 500 litres
• Éclairage intérieur et lampe intégrés
• Sécurité renforcée avec clé et vitre intérieure coulissante

Caractéristiques
Type : Horizontal
Capacité nette : 500 Litres
Couleur : Gris
Nombre de portes : 1
Voltage : 220V, 50 Hz
Dimensions : 130 x 83 x 67 cm
Type de climat : Tropicalisé
Intérieur : Aluminium"
CONFIN70-BDW700,Finix,congélateur finix horizontal 700 litres gris bdw700,froid,Congélateurs,344400,horizontal,jour,700 L,Type: Horizontal | Capacité: 700 L | Couleur: Gris | Garantie: 12 mois,images/CONFIN70-BDW700-1.jpg,images/CONFIN70-BDW700-1.jpg;images/CONFIN70-BDW700-4.png;images/CONFIN70-BDW700-2.png;images/CONFIN70-BDW700-3.png,oui,"Le congélateur horizontal Finix propose un volume net de 700 litres pour la conservation de vos denrées. Conçu pour un usage pratique, il est doté de deux portes et d'un éclairage.

Points forts
• Grande capacité nette de 700 litres
• Double porte pour un accès facilité
• Éclairage intérieur et clé de sécurité

Caractéristiques
Type : Horizontal
Capacité nette : 700 L
Couleur : Gris
Nombre de portes : 2
Voltage : 220V, 50 Hz
Dimensions : 165 x 86 x 77 cm
Type de climat : Tropicalisé
Fluide frigorigène : R134A
Intérieur : Aluminium"
CONFIN60-BDW600,Finix,congélateur finix horizontal 800 litres gris bdw600,froid,Congélateurs,355800,horizontal,jour,800 L,Type: Horizontal | Capacité: 800 L | Couleur: Gris | Garantie: 12 mois,images/CONFIN60-BDW600-2.png,images/CONFIN60-BDW600-2.png;images/CONFIN60-BDW600-1.png;images/CONFIN60-BDW600-3.png,oui,"Ce congélateur horizontal Finix de 800 litres est conçu pour répondre aux besoins importants de stockage. Il arbore une couleur grise et un design fonctionnel.

Points forts
• Capacité de 800 litres
• Modèle horizontal

Caractéristiques
Type : Horizontal
Capacité : 800 L
Couleur : Gris"
CONHAI40-HCF328,Haier,congélateur Haier horizontal 400 litres blanc hcf328ha,froid,Congélateurs,235000,horizontal,jour,400 L,Type: Horizontal | Capacité: 400 L | Couleur: Blanc | Garantie: 12 mois,images/CONHAI40-HCF328-2.jpg,images/CONHAI40-HCF328-2.jpg;images/CONHAI40-HCF328-1.jpg,oui,"Ce congélateur horizontal Haier de 400 litres assure une conservation efficace de vos produits. Il est équipé d'un signal d'avertissement de température.

Points forts
• Capacité nette de 400 litres
• Fonctions de dégivrage automatique et congélation rapide
• Signal d'avertissement en cas de hausse de température

Caractéristiques
Type : Horizontal
Capacité nette : 400 litres
Couleur : Blanc
Classe énergétique : E
Capacité de congélation : 15 kg/24h
Autonomie : 12 heures
Dimensions : 90 x 84,5 x 56 cm
Poids : 35 kg
Niveau sonore : 45 dB
Réfrigérant : R134a"
CONHAI37-HCF37S,Haier,congélateur Haier horizontal 400 litres vitrine sd377,froid,Congélateurs,312000,horizontal,jour,400 L,Type: Horizontal | Capacité: 400 L | Garantie: 12 mois,images/CONHAI37-HCF37S-1.jpg,images/CONHAI37-HCF37S-1.jpg,oui,"Ce congélateur Haier offre un volume brut de 500 litres avec une visibilité claire, adapté pour un usage nécessitant un accès visuel rapide.

Points forts
• Volume brut de 500 litres
• Visibilité claire et corps anti-rouille
• Refroidissement statique

Caractéristiques
Type : Horizontal
Volume brut : 500 Litres
Dimensions : 120 x 70 x 68 cm
Type de refroidissement : Statique
Fluide frigorigène : R134a
Consommation d'énergie : 2,7 kW"
CONHAI50-HCF428,Haier,congélateur Haier horizontal 500l inverter gris hcf428vs,froid,Congélateurs,299000,horizontal,jour,500 L,Type: Horizontal | Couleur: Gris | Garantie: 12 mois,images/CONHAI50-HCF428-1.png,images/CONHAI50-HCF428-1.png;images/CONHAI50-HCF428-4.png;images/CONHAI50-HCF428-2.png;images/CONHAI50-HCF428-3.png;images/CONHAI50-HCF428-5.png,oui,"Le congélateur horizontal Haier de 500 litres intègre une technologie inverter et un système d'éclairage intérieur. Il est conçu pour un stockage pratique et sécurisé.

Points forts
• Capacité de 500 litres
• Fonction super congélation et alarme
• Porte auto-compensée avec système de verrouillage

Caractéristiques
Type : Horizontal
Capacité : 500 Litres
Couleur : Gris
Classe énergétique : A+
Dimensions : 130 x 89,5 x 77,5 cm"
CONGELATEUR-HAIER-HORIZONTAL-900LITRES-BLANC-HCF788,Haier,congélateur Haier horizontal 900 litres blanc hcf788,froid,Congélateurs,487000,horizontal,jour,900 L,Type: Horizontal | Capacité: 900 L | Couleur: Blanc | Garantie: 12 mois,images/CONGELATEUR-HAIER-HORIZONTAL-900LITRES-BLANC-HCF788-1.jpg,images/CONGELATEUR-HAIER-HORIZONTAL-900LITRES-BLANC-HCF788-1.jpg;images/CONGELATEUR-HAIER-HORIZONTAL-900LITRES-BLANC-HCF788-2.jpg,oui,"Ce grand congélateur horizontal de 900 litres offre un espace de stockage important pour conserver vos aliments en grande quantité. Il est équipé d'un éclairage intérieur et d'une alarme.

Points forts
• Grande capacité de 900 litres
• Classe énergétique A+
• Fonction super congélation
• Porte auto compensée avec système de verrouillage

Caractéristiques
Type : Horizontal
Capacité : 900 Litres
Couleur : Blanc
Classe énergétique : A+
Alarme : Oui
Super congélation : Oui
Porte auto compensée : Oui
Système de verrouillage : Oui
Eclairage intérieur : Oui"
CONHIS13-FC130D,Hisense,congélateur Hisense horizontal 130 litres gris fc13dd4ha,froid,Congélateurs,112000,horizontal,jour,130 L,Type: Horizontal | Capacité: 130 L | Couleur: Gris | Garantie: 12 mois,images/CONHIS13-FC130D-1.png,images/CONHIS13-FC130D-1.png;images/CONHIS13-FC130D-2.png,oui,"Ce congélateur horizontal d'une capacité brute de 130 litres est conçu pour stocker et congeler vos produits du quotidien. Il dispose d'un thermostat mécanique ajustable et d'une fonction de congélation rapide.

Points forts
• Capacité brute de 130 litres
• Fonction Fast Freeze pour une congélation rapide
• Classe énergétique A+
• Réfrigérant écologique R600a

Caractéristiques
Type : Horizontal
Capacité brute : 130 L
Capacité nette : 95 - 130 L
Couleur : Gris
Classe énergétique : A+
Réfrigérant : R600a
Tension / Fréquence : 220-240 V ~ 50 Hz
Contrôle de température : Thermostat mécanique ajustable
Type de dégivrage : Manuel"
CONHIS19-FC19DD,Hisense,congélateur Hisense horizontal 200 litres gris fc19dd4ha,froid,Congélateurs,125300,horizontal,jour,200 L,Type: Horizontal | Capacité: 200 L | Couleur: Gris | Garantie: 12 mois,images/CONHIS19-FC19DD-1.jpg,images/CONHIS19-FC19DD-1.jpg;images/CONHIS19-FC19DD-2.jpg,oui,"Ce congélateur horizontal de 200 litres de couleur grise assure la conservation de vos denrées alimentaires. Il est muni d'une serrure et d'un contrôle de thermostat mécanique.

Points forts
• Capacité de 200 litres
• Classe énergétique A+
• Présence d'une serrure de sécurité
• Réfrigérant R600a

Caractéristiques
Type : Horizontal
Capacité : 200 L
Couleur : Gris
Classe énergétique : A+
Dimensions : 72,6 x 56,2 x 82,5 cm
Poids : 33 kg
Réfrigérant : R600a
Classe climatique : N, ST
Serrure : Oui"
CONHIS20-FC200D,Hisense,congélateur Hisense horizontal 200l gris fc20dd4ha,froid,Congélateurs,125300,horizontal,jour,200 L,Type: Horizontal | Couleur: Gris | Garantie: 12 mois,images/CONHIS20-FC200D-1.png,images/CONHIS20-FC200D-1.png;images/CONHIS20-FC200D-2.png,oui,"Ce congélateur horizontal de couleur grise est conçu pour la conservation de vos produits surgelés.

Points forts
• Modèle horizontal
• Coloris gris

Caractéristiques
Type : Horizontal
Couleur : Gris"
CONHIS26-FL26DD,Hisense,congélateur Hisense horizontal 213 litres vitrine fl26dd4ha,froid,Congélateurs,204900,horizontal,jour,213 L,Type: Horizontal | Capacité: 213 L | Garantie: 12 mois,images/CONHIS26-FL26DD-3.png,images/CONHIS26-FL26DD-3.png;images/CONHIS26-FL26DD-1.png;images/CONHIS26-FL26DD-2.png,oui,"Ce congélateur horizontal vitrine d'une capacité de 213 litres permet le stockage et la présentation de vos produits.

Points forts
• Capacité de 213 litres
• Type horizontal vitrine

Caractéristiques
Type : Horizontal
Capacité : 213 L"
CONHIS26-FC2600,Hisense,congélateur Hisense horizontal 300 litres gris fc26dd4sa/ha,froid,Congélateurs,296900,horizontal,jour,300 L,Type: Horizontal | Capacité: 300 L | Couleur: Gris | Garantie: 12 mois,images/CONHIS26-FC2600-2.jpg,images/CONHIS26-FC2600-2.jpg;images/CONHIS26-FC2600-1.jpg,oui,"Ce congélateur horizontal de 300 litres propose un grand volume de stockage pour vos produits surgelés. Il utilise le réfrigérant R600a et bénéficie d'une classe énergétique A+.

Points forts
• Capacité de 300 litres
• Classe énergétique A+
• Réfrigérant R600a
• Poids de 37 kg

Caractéristiques
Type : Horizontal
Capacité : 300 Litres
Couleur : Gris
Classe énergétique : A+
Dimensions : 833 x 575 x 890 mm
Poids : 37 kg
Tension : 220 / 240 V
Fréquence : 50 Hz
Puissance d'entrée : 120W
Courant nominal : 0.8A
Classe climatique : T
Réfrigérant : R600a"
CONHIS32-FC320D,Hisense,congélateur Hisense horizontal 320 litres noir fc32dd4ha,froid,Congélateurs,210000,horizontal,jour,320 L,Type: Horizontal | Capacité: 320 L | Couleur: Noir | Garantie: 12 mois,images/CONHIS32-FC320D-2.png,images/CONHIS32-FC320D-2.png;images/CONHIS32-FC320D-1.jpg;images/CONHIS32-FC320D-3.jpg,oui,"Découvrez ce congélateur horizontal Hisense d'une capacité de 320 litres, idéal pour conserver tous vos produits surgelés au quotidien.

Points forts
• Capacité de 320 litres
• Type horizontal
• Coloris noir

Caractéristiques
Type : Horizontal
Capacité : 320 L
Couleur : Noir"
CONHIS34-FC340D,Hisense,congélateur Hisense horizontal 340 litres inverter gris fc340dd,froid,Congélateurs,180000,horizontal,jour,340 L,Type: Horizontal | Capacité: 340 L | Couleur: Gris | Garantie: 12 mois,images/CONHIS34-FC340D-1.jpg,images/CONHIS34-FC340D-1.jpg,oui,"Ce congélateur coffre Hisense d'une capacité brute de 340 litres offre un espace de stockage pratique pour vos aliments surgelés.

Points forts
• Capacité brute de 340 litres
• Refroidissement statique
• Consommation énergétique d'environ 324 kWh par an

Caractéristiques
Type : Horizontal
Capacité : 340 L
Couleur : Gris
Type de produit : Congélateur coffre (Chest Freezer)
Alimentation électrique : 220-240 V / 50 Hz
Consommation énergétique : 324 kWh / an
Dimensions : 1115 x 607 x 832 mm
Type de refroidissement : Refroidissement statique"
CONHIS33-FC33DD,Hisense,congélateur Hisense horizontal 350 litres gris fc33dd4sa,froid,Congélateurs,180000,horizontal,jour,350 L,Type: Horizontal | Capacité: 350 L | Couleur: Gris | Garantie: 12 mois,images/CONHIS33-FC33DD-2.jpg,images/CONHIS33-FC33DD-2.jpg;images/CONHIS33-FC33DD-1.jpg,oui,"Ce congélateur coffre Hisense de 350 litres dispose d'un contrôle mécanique de la température et d'un système de surgélation rapide.

Points forts
• Capacité de 350 litres
• Surgélation rapide et profonde
• Contrôle mécanique avec thermostat réglable
• Facile à dégivrer avec évacuation d'eau

Caractéristiques
Type : Horizontal
Capacité : 350 L
Couleur : Gris
Orientation de la porte : Haut
Classe climatique : ST/T
Classe énergétique : A+
Dimensions : 100,2 x 59,7 x 84,2 cm
Poids : 5 kg
Type d'installation : Sur pied"
CONHIS30-FC40DD,Hisense,congélateur Hisense horizontal 400 litres gris fc40dd4ha,froid,Congélateurs,218000,horizontal,jour,400 L,Type: Horizontal | Capacité: 400 L | Couleur: Gris | Garantie: 12 mois,images/CONHIS30-FC40DD-1.jpg,images/CONHIS30-FC40DD-1.jpg;images/CONHIS30-FC40DD-2.png,oui,"Ce congélateur horizontal Hisense de 400 litres de couleur grise offre un grand volume pour le stockage de vos denrées.

Points forts
• Grande capacité de 400 litres
• Classe énergétique A+
• Couleur grise

Caractéristiques
Type : Horizontal
Capacité : 400 L
Couleur : Gris
Tension : 220-240 V
Fréquence : 50 Hz
Classe énergétique : A+
Dimensions : 1145 x 647 x 880 mm
Poids : 38 kg"
CONHIS39-FL39DD,Hisense,congélateur Hisense horizontal 400 litres vitrine fl39dd4ha,froid,Congélateurs,242600,horizontal,jour,400 L,Type: Horizontal | Capacité: 400 L | Garantie: 12 mois,images/CONHIS39-FL39DD-2.jpg,images/CONHIS39-FL39DD-2.jpg;images/CONHIS39-FL39DD-1.jpg;images/CONHIS39-FL39DD-3.jpg;images/CONHIS39-FL39DD-4.jpg,oui,"Ce congélateur horizontal vitrine Hisense de 400 litres est équipé de trois paniers pour une meilleure organisation de vos produits.

Points forts
• Volume de 400 litres
• Équipé de 3 paniers
• Classe énergétique A+

Caractéristiques
Type : Horizontal
Capacité : 400 L
Nombre de panier : 3
Classe énergétique : A+
Classe climatique : ST
Dimensions : 110,9 x 75,3 x 89 cm
Tension : 220-240V
Fréquence : 50Hz
Réfrigérant : R600
Poids : 60 / 66 kg"
CONHIS41-FC410D,Hisense,congélateur Hisense horizontal 410 litres inverter gris fc410dd,froid,Congélateurs,222300,horizontal,jour,410 L,Type: Horizontal | Capacité: 410 L | Couleur: Gris | Garantie: 12 mois,images/CONHIS41-FC410D-1.png,images/CONHIS41-FC410D-1.png,oui,"Le congélateur horizontal Hisense de 410 litres offre un vaste espace de stockage pour tous vos besoins de congélation.

Points forts
• Capacité de 410 litres
• Type horizontal
• Coloris gris

Caractéristiques
Type : Horizontal
Capacité : 410 L
Couleur : Gris"
CONHIS48-FC480D,Hisense,congélateur Hisense horizontal 480 litres noir fc48dd4sg,froid,Congélateurs,250400,horizontal,jour,480 L,Type: Horizontal | Capacité: 480 L | Couleur: Noir | Garantie: 12 mois,images/CONHIS48-FC480D-1.jpg,images/CONHIS48-FC480D-1.jpg;images/CONHIS48-FC480D-2.png,oui,"Ce congélateur horizontal Hisense offre une grande capacité de 480 litres pour stocker vos denrées alimentaires en toute simplicité.

Points forts
• Capacité de 480 litres
• Type horizontal
• Coloris noir

Caractéristiques
Type : Horizontal
Capacité : 480 L
Couleur : Noir"
CONHIS55-FC55DD,Hisense,congélateur Hisense horizontal 500 litres gris fc55dd4sa,froid,Congélateurs,285800,horizontal,jour,500 L,Type: Horizontal | Capacité: 500 L | Couleur: Gris | Garantie: 12 mois,images/CONHIS55-FC55DD-1.png,images/CONHIS55-FC55DD-1.png;images/CONHIS55-FC55DD-4.jpg;images/CONHIS55-FC55DD-2.png;images/CONHIS55-FC55DD-3.png,oui,"Le congélateur horizontal Hisense de 500 litres est idéal pour la conservation de grandes quantités de produits au quotidien.

Points forts
• Grande capacité de 500 litres
• Capacité de congélation de 26 kg par 24 h
• Classe énergétique A+

Caractéristiques
Type : Horizontal
Capacité : 500 L
Couleur : Gris
Tension : 220~240 V
Classe énergétique : A+
Fréquence : 50 Hz
Courant nominal : 1,3 A
Dimensions : 1448 x 768 x 852 mm
Puissance : 165 W
Puissance de la lampe : 10 W
Capacité de congélation : 26 kg/24 h
Consommation d'énergie : 1,2 kWh/24 h
Réfrigérant : R600a/ 87kg"
CONHIS12-FC12DD,Hisense,congélateur Hisense horizontal 96 litres gris fc12dd,froid,Congélateurs,97800,horizontal,jour,96 L,Type: Horizontal | Capacité: 96 L | Couleur: Gris | Garantie: 12 mois,images/CONHIS12-FC12DD-3.png,images/CONHIS12-FC12DD-3.png;images/CONHIS12-FC12DD-1.webp;images/CONHIS12-FC12DD-2.png,oui,"Ce congélateur horizontal Hisense de 96 litres convient parfaitement pour un stockage d'appoint dans les espaces restreints.

Points forts
• Capacité de 96 litres
• Type horizontal
• Coloris gris

Caractéristiques
Type : Horizontal
Capacité : 96 L
Couleur : Gris"
5352,Hisense,congélateur Hisense vertical 5tiroirs 157 litres defrost gris rs20dc4sa,froid,Congélateurs,197000,vertical,jour,157 L,Type: Vertical | Capacité: 157 L | Couleur: Gris | Garantie: 12 mois,images/5352-1.jpg,images/5352-1.jpg;images/5352-2.jpg;images/5352-3.jpg,oui,"Ce congélateur vertical Hisense de 157 litres avec 5 tiroirs permet d'organiser facilement le rangement de vos surgelés.

Points forts
• Volume total de 157 litres
• Classe d'économie d'énergie A++
• Système de refroidissement par dégivrage
• 1 porte

Caractéristiques
Type : Vertical
Capacité : 157 L
Couleur : Acier inoxydable
Classe d'économie d'énergie : A++
Dimensions : 580 x 566 x 1482 mm
Système de refroidissement : Dégivrer
Nombre de portes : 1
Tension d'entrée : 220 – 240 V
Fréquence : 50 Hz"
CONGELATEUR-HISENSE-VERTICAL-5TIROIRS-157LITRES-DEFROST-GRIS-RS20DC4SA-2,Hisense,congélateur Hisense vertical 5tiroirs 157 litres defrost gris rs20dc4sa,froid,Congélateurs,197000,vertical,jour,157 L,Type: Vertical | Capacité: 157 L | Couleur: Gris | Garantie: 12 mois,images/CONGELATEUR-HISENSE-VERTICAL-5TIROIRS-157LITRES-DEFROST-GRIS-RS20DC4SA-2-3.jpg,images/CONGELATEUR-HISENSE-VERTICAL-5TIROIRS-157LITRES-DEFROST-GRIS-RS20DC4SA-2-3.jpg;images/CONGELATEUR-HISENSE-VERTICAL-5TIROIRS-157LITRES-DEFROST-GRIS-RS20DC4SA-2-1.jpg;images/CONGELATEUR-HISENSE-VERTICAL-5TIROIRS-157LITRES-DEFROST-GRIS-RS20DC4SA-2-2.jpg,oui,"Ce congélateur vertical Hisense de 157 litres avec 5 tiroirs permet d'organiser facilement le rangement de vos surgelés.

Points forts
• Volume total de 157 litres
• Classe d'économie d'énergie A++
• Système de refroidissement par dégivrage
• 1 porte

Caractéristiques
Type : Vertical
Capacité : 157 L
Couleur : Acier inoxydable
Classe d'économie d'énergie : A++
Dimensions : 580 x 566 x 1482 mm
Système de refroidissement : Dégivrer
Nombre de portes : 1
Tension d'entrée : 220 – 240 V
Fréquence : 50 Hz"
CONHIS20-RS20DC,Hisense,congélateur Hisense vertical 5tiroirs 157 litres defrost gris rs20dc4sa,froid,Congélateurs,197000,vertical,jour,157 L,Type: Vertical | Capacité: 157 L | Couleur: Gris | Garantie: 12 mois,images/CONHIS20-RS20DC-3.jpg,images/CONHIS20-RS20DC-3.jpg;images/CONHIS20-RS20DC-1.jpg;images/CONHIS20-RS20DC-2.jpg,oui,"Ce congélateur vertical Hisense de 157 litres avec 5 tiroirs permet d'organiser facilement le rangement de vos surgelés.

Points forts
• Volume total de 157 litres
• Classe d'économie d'énergie A++
• Système de refroidissement par dégivrage
• 1 porte

Caractéristiques
Type : Vertical
Capacité : 157 L
Couleur : Acier inoxydable
Classe d'économie d'énergie : A++
Dimensions : 580 x 566 x 1482 mm
Système de refroidissement : Dégivrer
Nombre de portes : 1
Tension d'entrée : 220 – 240 V
Fréquence : 50 Hz"
CONHIS32-RS32DC,Hisense,congélateur Hisense vertical 7tiroirs 242 litres defrost gris rs32dc,froid,Congélateurs,261200,vertical,jour,242 L,Type: Vertical | Capacité: 242 L | Couleur: Gris | Garantie: 12 mois,images/CONHIS32-RS32DC-2.jpg,images/CONHIS32-RS32DC-2.jpg;images/CONHIS32-RS32DC-1.jpg,oui,"Ce congélateur vertical Hisense de 242 litres offre une solution de stockage pratique pour conserver vos denrées alimentaires au quotidien.

Points forts
• Capacité de 242 litres pour le stockage
• Classe énergétique A+
• Capacité de congélation de 14 kg par 24h
• Éclairage intérieur inclus

Caractéristiques
Type : Vertical
Capacité : 242 L
Couleur : Gris
Classe énergétique : A+
Dimensions (L / P / H) : 65 x 63 x 178,3 cm
Poids : 59 / 64 kg
Nombre de portes : 1
Réfrigérant : R600a/86g
Capacité de congélation : 14.0 kg/24h
Dégivrage : Manuel
Tension : 220~240 V"
CONHIS34-RS3400,Hisense,congélateur Hisense vertical 7tiroirs 274l No Frost gris rs34wc,froid,Congélateurs,358400,vertical,jour,274 L,Type: Vertical | Couleur: Gris | Garantie: 12 mois,images/CONHIS34-RS3400-3.jpg,images/CONHIS34-RS3400-3.jpg;images/CONHIS34-RS3400-1.jpg;images/CONHIS34-RS3400-2.jpg;images/CONHIS34-RS3400-4.jpg,oui,"Ce congélateur vertical Hisense de 274 litres intègre le système No Frost pour éviter la formation de givre et faciliter l'entretien.

Points forts
• Volume total de 274 litres avec 7 tiroirs
• Système de dégivrage No Frost
• Capacité de congélation de 20 kg par jour
• Autonomie de stockage en cas de coupure de 12 heures

Caractéristiques
Type : Vertical
Couleur : Gris
Volume total : 274 litres
Système de dégivrage : No Frost
Classe d'efficacité énergétique : A +
Largeur : 59,5 cm
Hauteur : 185,5 cm
Profondeur : 71,2 cm
Niveau de bruit : 42 dB
Poids : 77 kg
Nombre de tiroirs : 7
Capacité de congélation : 20 kg / jour
Stockage froid autonome : 12 h"
CONLG19-CS215SF,LG,congélateur LG horizontal 190 litres inverter gris gcs215sqfg,froid,Congélateurs,201900,horizontal,jour,190 L,Type: Horizontal | Capacité: 190 L | Couleur: Gris | Garantie: 12 mois,images/CONLG19-CS215SF-3.png,images/CONLG19-CS215SF-3.png;images/CONLG19-CS215SF-1.png;images/CONLG19-CS215SF-2.png;images/CONLG19-CS215SF-4.png;images/CONLG19-CS215SF-5.png,oui,"Ce congélateur horizontal LG de 190 litres est conçu pour un usage domestique et assure une conservation statique de vos produits.

Points forts
• Volume total de 190 litres
• Classe énergétique A
• Type de refroidissement statique

Caractéristiques
Type : Horizontal
Capacité : 190 L
Couleur : Gris
Classe énergétique : A
Dimensions du produit (P x L x H) : 86 x 54 x 82,6 cm
Type de refroidissement : Statique
Volume net : 190 L"
4639,LG,congélateur LG vertical 7tiroirs gris b414 elfm,froid,Congélateurs,320000,vertical,jour,7 tiroirs,Type: Vertical | Couleur: Gris | Garantie: 12 mois,images/4639-1.png,images/4639-1.png;images/4639-2.png;images/4639-3.png;images/4639-4.jpg,oui,"Ce congélateur vertical LG dispose d'une capacité de 324 litres et de sept tiroirs pour organiser le rangement de vos aliments.

Points forts
• Capacité nette de 324 litres
• 7 tiroirs de rangement
• Machine à glaçons Moving & Twist
• Technologie LINEAR Cooling

Caractéristiques
Type : Vertical
Couleur : Platine, argent
Nombre de tiroirs : 7
Capacité nette : 324 L
Dimensions (Largeur x Hauteur x Profondeur) : 595 x 1860 x 707 mm"
CONLG41-GCB414E,LG,congélateur LG vertical 7tiroirs No Frost gris gcb414elfm,froid,Congélateurs,657000,vertical,jour,7 tiroirs,Type: Vertical | Couleur: Gris | Garantie: 12 mois,images/CONLG41-GCB414E-2.png,images/CONLG41-GCB414E-2.png;images/CONLG41-GCB414E-1.png;images/CONLG41-GCB414E-3.jpg,oui,"Ce congélateur vertical LG est doté d'un éclairage LED et d'un compresseur Recipro pour répondre à vos besoins de conservation.

Points forts
• Éclairage LED du congélateur
• Stabilisateur intégré
• Nombre de portes : 2

Caractéristiques
Type : Vertical
Couleur : Gris
Capacité : 679 L
Nombre de portes : 2
Stabilisateur intégré : Oui
Dimensions : 595 x 1860 x 707 mm
Type de compresseur : Compresseur Recipro"
CONMID26-MDRC26,Midea,congélateur Midea horizontal 200 litres inverter gris mdrc265fzg43d,froid,Congélateurs,126300,horizontal,jour,200 L,Type: Horizontal | Capacité: 200 L | Couleur: Gris | Garantie: 12 mois,images/CONMID26-MDRC26-1.png,images/CONMID26-MDRC26-1.png,oui,"Ce congélateur horizontal Midea de 200 litres offre un espace de stockage adapté pour vos produits surgelés.

Points forts
• Capacité de 200 litres
• Type horizontal

Caractéristiques
Type : Horizontal
Capacité : 200 L
Couleur : Gris"
CONMID36-MDRC36,Midea,congélateur Midea horizontal 280 litres inverter gris mdrc362fzg43d,froid,Congélateurs,147700,horizontal,jour,280 L,Type: Horizontal | Capacité: 280 L | Couleur: Gris | Garantie: 12 mois,images/CONMID36-MDRC36-1.png,images/CONMID36-MDRC36-1.png,oui,"Ce congélateur horizontal Midea offre une capacité de 280 litres pour stocker vos denrées. Il dispose d'un système inverter et d'un design de couleur gris.

Points forts
• Capacité de 280 litres
• Technologie inverter
• Type horizontal

Caractéristiques
Type : Horizontal
Capacité : 280 L
Couleur : Gris"
CONMID40-MDRC40,Midea,congélateur Midea horizontal 400 litres inverter gris mdrc407fzn43d,froid,Congélateurs,211000,horizontal,jour,400 L,Type: Horizontal | Capacité: 400 L | Couleur: Gris | Garantie: 12 mois,images/CONMID40-MDRC40-2.png,images/CONMID40-MDRC40-2.png;images/CONMID40-MDRC40-1.png;images/CONMID40-MDRC40-3.png,oui,"Ce congélateur horizontal Midea propose un volume de 400 litres. Il est doté de la technologie inverter et se présente dans un coloris gris.

Points forts
• Capacité de 400 litres
• Technologie inverter
• Type horizontal

Caractéristiques
Type : Horizontal
Capacité : 400 L
Couleur : Gris"
CONMID52-MDR527,LG,congélateur Midea horizontal 500 litres gris hs527fzg43c,froid,Congélateurs,291000,horizontal,jour,500 L,Type: Horizontal | Capacité: 500 L | Couleur: Gris | Garantie: 12 mois,images/CONMID52-MDR527-3.jpg,images/CONMID52-MDR527-3.jpg;images/CONMID52-MDR527-1.jpg;images/CONMID52-MDR527-2.jpg;images/CONMID52-MDR527-4.jpg;images/CONMID52-MDR527-5.jpg,oui,"Ce congélateur horizontal d'une capacité de 500 litres est équipé d'une porte avec vitre coulissante et de roulettes pour faciliter son déplacement.

Points forts
• Grande capacité de 500 litres
• Intérieur en aluminium
• Porte avec vitre coulissante et clés
• Équipé de roulettes

Caractéristiques
Type : Horizontal
Modèle : HS-527FZG43C
Dimensions : 1424 x 685 x 865 mm
Couleur : Gris
Capacité : 500 L
Intérieur : Aluminium
Voltage : 220-240 V, 50 Hz
Fluide frigorigène : R600A"
CONROC27-RCF275,Roch,congélateur Roch horizontal 275 litres gris rcf275b,froid,Congélateurs,137000,horizontal,jour,275 L,Type: Horizontal | Capacité: 275 L | Couleur: Gris | Garantie: 12 mois,images/CONROC27-RCF275-1.jpg,images/CONROC27-RCF275-1.jpg,oui,"Ce congélateur horizontal Roch offre une capacité de 275 litres dans un format de couleur grise.

Points forts
• Capacité de 275 litres
• Type horizontal

Caractéristiques
Type : Horizontal
Capacité : 275 L
Couleur : Gris"
CONROC30-RCF300,Roch,congélateur Roch horizontal 300 litres gris rcf300i,froid,Congélateurs,161500,horizontal,jour,300 L,Type: Horizontal | Capacité: 300 L | Couleur: Gris | Garantie: 12 mois,images/CONROC30-RCF300-2.jpg,images/CONROC30-RCF300-2.jpg;images/CONROC30-RCF300-1.png,oui,"Ce congélateur coffre Roch d'une capacité de 300 litres dispose d'une porte avec deux vitres coulissantes et d'une lampe intégrée.

Points forts
• Capacité totale effective de 300 litres
• Deux vitres coulissantes
• Éclairage intérieur

Caractéristiques
Type : Coffre 01 Porte
Capacité : 300 L
Classe Climatique : ST
Voltage : 220-240V / 50Hz
Réfrigérant : R600a
Dimensions : 95,4 x 61,6 x 84,5 cm
Puissance : 80W
Puissance Lampe : Max 15W"
CONROC40-RCF400,Roch,congélateur Roch horizontal 400 litres gris rcf400i,froid,Congélateurs,230200,horizontal,jour,400 L,Type: Horizontal | Capacité: 400 L | Couleur: Gris | Garantie: 12 mois,images/CONROC40-RCF400-1.jpg,images/CONROC40-RCF400-1.jpg,oui,"Ce congélateur horizontal Roch dispose d'une capacité de 400 litres pour la conservation de vos produits.

Points forts
• Capacité de 400 litres
• Type horizontal

Caractéristiques
Type : Horizontal
Capacité : 400 L
Couleur : Gris"
CONROC40-RIS400,Roch,congélateur Roch horizontal 400 litres vitrine blanc ris400d,froid,Congélateurs,233200,horizontal,jour,400 L,Type: Horizontal | Capacité: 400 L | Couleur: Blanc | Garantie: 12 mois,images/CONROC40-RIS400-2.png,images/CONROC40-RIS400-2.png;images/CONROC40-RIS400-1.png,oui,"Ce congélateur horizontal vitrine de 400 litres est conçu pour la conservation de la fraîcheur et le service des glaces.

Points forts
• Capacité de 400 litres
• Modèle vitrine pour glaces
• Dimensions pratiques de 102 x 67 x 80 cm

Caractéristiques
Type : Horizontal
Capacité : 400 L
Couleur : Blanc
Longueur : 102 cm
Largeur : 67 cm
Hauteur : 80 cm"
CONROC50-RCF500,Roch,congélateur Roch horizontal 500 litres gris rcf500b,froid,Congélateurs,240300,horizontal,jour,500 L,Type: Horizontal | Capacité: 500 L | Couleur: Gris | Garantie: 12 mois,images/CONROC50-RCF500-1.png,images/CONROC50-RCF500-1.png,oui,"Ce congélateur horizontal de 500 litres offre un grand espace de stockage pour vos produits congelés.

Points forts
• Grande capacité de 500 litres
• Modèle horizontal facile d'accès
• Coloris gris

Caractéristiques
Type : Horizontal
Capacité : 500 L
Couleur : Gris"
CONROC50-RIS500,Roch,congélateur Roch horizontal 500 litres vitrine blanc ris500d,froid,Congélateurs,297800,horizontal,jour,500 L,Type: Horizontal | Capacité: 500 L | Couleur: Blanc | Garantie: 12 mois,images/CONROC50-RIS500-1.png,images/CONROC50-RIS500-1.png;images/CONROC50-RIS500-2.png,oui,"Ce congélateur horizontal vitrine de 500 litres permet de stocker et présenter vos produits.

Points forts
• Capacité de 500 litres
• Modèle horizontal vitrine
• Coloris blanc

Caractéristiques
Type : Horizontal
Capacité : 500 L
Couleur : Blanc"
CONROC55-RCF550,Roch,congélateur Roch horizontal 550 litres gris rcf550b,froid,Congélateurs,267800,horizontal,jour,550 L,Type: Horizontal | Capacité: 550 L | Couleur: Gris | Garantie: 12 mois,images/CONROC55-RCF550-1.jpg,images/CONROC55-RCF550-1.jpg,oui,"Ce congélateur horizontal de 550 litres est adapté pour une conservation optimale des aliments.

Points forts
• Grande capacité de 550 litres
• Format horizontal pratique
• Coloris gris

Caractéristiques
Type : Horizontal
Capacité : 550 L
Couleur : Gris"
CONROC60-RCF600,Roch,congélateur Roch horizontal 600 litres gris rcf600g,froid,Congélateurs,315200,horizontal,jour,600 L,Type: Horizontal | Capacité: 600 L | Couleur: Gris | Garantie: 12 mois,images/CONROC60-RCF600-1.jpg,images/CONROC60-RCF600-1.jpg,oui,"Ce congélateur horizontal de 600 litres est équipé de roulettes et de deux battants pour faciliter son utilisation au quotidien.

Points forts
• Volume important de 600 litres avec deux battants
• Présence de roulettes et de pieds réglables
• Thermostat réglable et économiseur d'énergie
• Équipé d'une clé et d'une grille pour refroidissement

Caractéristiques
Type : Horizontal
Capacité : 600 L
Couleur : Gris
Nombre de battants : 2
Classe climatique : T
Tension : 230 V
Fréquence : 50 Hz
Niveau sonore : 52 dB
Réfrigérant : R134a/185g"
CONRPC70-RCF700,Roch,congélateur Roch horizontal 700 litres vitrine blanc ris700d,froid,Congélateurs,395200,horizontal,jour,700 L,Type: Horizontal | Capacité: 700 L | Couleur: Blanc | Garantie: 12 mois,images/CONRPC70-RCF700-1.png,images/CONRPC70-RCF700-1.png,oui,"Ce congélateur horizontal vitrine de 700 litres offre un volume maximal pour la conservation et la présentation.

Points forts
• Très grande capacité de 700 litres
• Modèle vitrine horizontal
• Coloris blanc

Caractéristiques
Type : Horizontal
Capacité : 700 L
Couleur : Blanc"
CONROC75-RCF750,Roch,congélateur Roch horizontal 800 litres rcf750dd,froid,Congélateurs,350000,horizontal,jour,800 L,Type: Horizontal | Capacité: 800 L | Garantie: 12 mois,images/CONROC75-RCF750-2.png,images/CONROC75-RCF750-2.png;images/CONROC75-RCF750-1.png;images/CONROC75-RCF750-3.png,oui,"Ce congélateur horizontal Roch offre une grande capacité de 800 litres pour stocker vos produits surgelés en toute simplicité.

Points forts
• Type horizontal
• Capacité de 800 litres

Caractéristiques
Type : Horizontal
Capacité : 800 L"
CONROC39-RUF395,Roch,congélateur Roch vertical 8tiroirs plaque aluminium gr md gris ruf395,froid,Congélateurs,293600,vertical,jour,8 tiroirs,Type: Vertical | Couleur: Gris | Garantie: 12 mois,images/CONROC39-RUF395-1.jpg,images/CONROC39-RUF395-1.jpg;images/CONROC39-RUF395-2.png;images/CONROC39-RUF395-3.jpg,oui,"Le congélateur vertical Roch de couleur grise dispose de 8 tiroirs avec plaque aluminium pour un rangement pratique.

Points forts
• Type vertical
• Couleur gris
• Équipé de 8 tiroirs avec plaque aluminium

Caractéristiques
Type : Vertical
Couleur : Gris
Nombre de tiroirs : 8"
CONROC7T-RUF295,Roch,congélateur Roch vertical 8tiroirs plaque aluminium gris ruf295j,froid,Congélateurs,228800,vertical,jour,8 tiroirs,Type: Vertical | Couleur: Gris | Garantie: 12 mois,images/CONROC7T-RUF295-1.jpg,images/CONROC7T-RUF295-1.jpg,oui,"Ce congélateur vertical Roch gris dispose de 8 tiroirs et d'une plaque aluminium pour organiser facilement vos aliments surgelés.

Points forts
• Classe énergétique A+
• 8 tiroirs avec plaque aluminium
• Niveau de bruit de 43 dB

Caractéristiques
Classe énergétique : A+
Dimensions : 140 x 54 cm
Voltage : 220-240V
Fréquence : 50 Hz
Classe climatique : ST
Réfrigérant : R134a/300g
Courant nominal : 2.5A
Poids net : 52 kg
Capacité : 295 litres
Niveau de bruit : 43 dB
Nombre de tiroirs : 8"
CONSHA25-SCF250,Sharp,congélateur Sharp horizontal 300 litres gris scfk250xwh2,froid,Congélateurs,212000,horizontal,jour,300 L,Type: Horizontal | Capacité: 300 L | Couleur: Gris | Garantie: 12 mois,images/CONSHA25-SCF250-1.png,images/CONSHA25-SCF250-1.png,oui,"Ce congélateur horizontal Sharp d'une capacité de 300 litres est conçu pour la conservation de vos produits surgelés.

Points forts
• Capacité de 300 litres
• Fonction de congélation rapide
• Revêtement en aluminium avec roulettes et panier

Caractéristiques
Capacité : 300 Litres
Tension : 220-240V
Fréquence : 50 Hz
Couleur : Blanc
Classe climatique : T
Réfrigérant : R600a 50g
Courant nominal : 1.1A
Puissance d'entrée totale : 154.0W
Puissance de la lampe : 2W"
CONSHA40-SCF400,Sharp,congélateur Sharp horizontal 400 litres gris scfk400xlsl2,froid,Congélateurs,210900,horizontal,jour,400 L,Type: Horizontal | Capacité: 400 L | Couleur: Gris | Garantie: 12 mois,images/CONSHA40-SCF400-1.jpg,images/CONSHA40-SCF400-1.jpg,oui,"Le congélateur horizontal Sharp de 400 litres dispose d'un éclairage intérieur et de paniers métalliques pour un rangement facilité.

Points forts
• Volume de 400 litres
• Serrure à clé intégrée
• Éclairage intérieur et doublure en aluminium

Caractéristiques
Volume : 400 litres
Réfrigérant : R600a
Tension : 220V-240V
Dimensions : 1116 x 644 x 845 mm
Poids : 41 kg"
CONSHA49-SCF490,Sharp,congélateur Sharp horizontal 500 litres gris scfk490x,froid,Congélateurs,272000,horizontal,jour,500 L,Type: Horizontal | Capacité: 500 L | Couleur: Gris | Garantie: 12 mois,images/CONSHA49-SCF490-1.jpg,images/CONSHA49-SCF490-1.jpg,oui,"Ce congélateur horizontal Sharp gris propose une grande capacité de 500 litres pour vos besoins de stockage.

Points forts
• Type horizontal
• Capacité de 500 litres
• Couleur gris

Caractéristiques
Type : Horizontal
Capacité : 500 L
Couleur : Gris"
CONSHA58-SCF580,Sharp,congélateur Sharp horizontal 600 litres gris scfk580k,froid,Congélateurs,304400,horizontal,jour,600 L,Type: Horizontal | Capacité: 600 L | Couleur: Gris | Garantie: 12 mois,images/CONSHA58-SCF580-1.jpg,images/CONSHA58-SCF580-1.jpg,oui,"Ce congélateur horizontal Sharp de 600 litres offre un grand espace de stockage pour vos denrées. Il est équipé de deux portes et d'un système de congélation rapide.

Points forts
• Grande capacité de 600 litres
• Fonction de congélation rapide
• Éclairage intérieur et paniers métalliques
• Serrure à clé intégrée

Caractéristiques
Type : Horizontal
Capacité : 600 L
Nombre de portes : 2
Couleur : Gris
Dimensions : 1702 x 842 x 709 mm
Tension : 220 V-240 V
Contrôle de la température : Mécanique
Dégivrage : Manuel"
CONSHA66-SCF660,Sharp,congélateur Sharp horizontal 660 litres gris sfck660xsl2,froid,Congélateurs,333700,horizontal,jour,660 L,Type: Horizontal | Capacité: 660 L | Couleur: Gris | Garantie: 12 mois,images/CONSHA66-SCF660-1.jpg,images/CONSHA66-SCF660-1.jpg;images/CONSHA66-SCF660-2.png,oui,"Ce congélateur horizontal Sharp de 660 litres dispose de deux portes et d'une grande capacité de stockage. Il assure une conservation efficace de vos produits.

Points forts
• Grand volume de 660 litres
• Système de congélation rapide
• Paniers métalliques pour le rangement
• Serrure à clé

Caractéristiques
Type : Horizontal
Capacité : 660 L
Nombre de portes : 2
Couleur : Gris
Dimensions : 1702 x 842 x 709 mm
Contrôle de la température : Mécanique
Dégivrage : Manuel"
CONSHA19-195ALU,Sharp,congélateur Sharp vertical 8tiroirs plaque aluminium gris 195,froid,Congélateurs,275000,vertical,jour,8 tiroirs,Type: Vertical | Couleur: Gris | Garantie: 12 mois,images/CONSHA19-195ALU-2.png,images/CONSHA19-195ALU-2.png;images/CONSHA19-195ALU-1.png;images/CONSHA19-195ALU-3.png,oui,"Ce congélateur vertical Sharp de 195 litres est doté de 8 tiroirs et d'une plaque en aluminium. Il convient pour organiser facilement vos aliments.

Points forts
• Capacité de 195 litres avec 8 tiroirs
• Porte réversible
• Fonction de congélation rapide
• Niveau sonore de 42 dB

Caractéristiques
Type : Vertical
Capacité : 195 L
Couleur : Gris
Largeur : 53,5 cm
Profondeur : 61,5 cm
Tension : 220 à 240 V
Consommation : 192 W
Classe climatique : SN-T (+10 à +43°C)
Niveau sonore : 42 dB"
CONSMA5T-STCD24,Smart Technology,congélateur Smart Technology 5tiroirs 155 litres gris stcd247k,froid,Congélateurs,142800,horizontal,jour,155 L,Capacité: 155 L | Couleur: Gris | Garantie: 12 mois,images/CONSMA5T-STCD24-2.png,images/CONSMA5T-STCD24-2.png;images/CONSMA5T-STCD24-1.png,oui,"Ce congélateur vertical Smart Technology de 155 litres intègre 5 tiroirs pour le stockage de vos produits surgelés à la maison.

Points forts
• Capacité brute de 155 litres avec 5 tiroirs
• Capacité de congélation de 8 kg par 24h
• Fermeture à clé
• Poignée ergonomique

Caractéristiques
Type : Debout
Capacité : 155 L
Couleur : Gris
Dimensions : 125 x 55 x 54 cm
Poids : 41 kg
Tension : 220-240 V
Fréquence : 50 Hz
Niveau sonore : 42 dB
Réfrigérant : R134a /120 g"
CONSMA10-ST1050,Smart Technology,congélateur Smart Technology horizontal 1000 litres gris stcc1050,froid,Congélateurs,558500,horizontal,jour,1000 L,Type: Horizontal | Capacité: 1000 L | Couleur: Gris | Garantie: 12 mois,images/CONSMA10-ST1050-2.jpg,images/CONSMA10-ST1050-2.jpg;images/CONSMA10-ST1050-1.jpg,oui,"Ce congélateur horizontal Smart Technology propose une capacité de 1000 litres pour répondre aux besoins de stockage importants.

Points forts
• Capacité de 1000 litres
• Thermostat réglable
• Condenseur externe
• Poids de 127 kg

Caractéristiques
Type : Horizontal
Capacité : 1000 L
Couleur : Gris
Poids : 127 kg
Clé : Oui
Pieds réglables : Oui"
CONSMA10-TCC102,Smart Technology,congélateur Smart Technology horizontal 102 litres gris stcc102,froid,Congélateurs,107000,horizontal,jour,102 L,Type: Horizontal | Capacité: 102 L | Couleur: Gris | Garantie: 12 mois,images/CONSMA10-TCC102-1.jpg,images/CONSMA10-TCC102-1.jpg;images/CONSMA10-TCC102-2.jpg,oui,"Ce congélateur horizontal Smart Technology d'une capacité de 102 litres est conçu pour un usage domestique simple et pratique.

Points forts
• Capacité nette de 102 litres
• Thermostat réglable
• Présence d'une clé de verrouillage
• Pieds réglables

Caractéristiques
Type : Horizontal
Capacité : 102 L
Couleur : Gris
Dimensions : 54 x 40 x 85 cm
Poids : 22,2 kg
Capacité de congélation : 3,5 kg/24h
Tension nominale : 220V-240V
Niveau sonore : 42 dB
Réfrigérant : R600a/27g"
CONSMA55-TCC550,Smart Technology,congélateur Smart Technology horizontal 2portes 500 litres gris stcc550,froid,Congélateurs,248700,horizontal,jour,500 L,Type: Horizontal | Capacité: 500 L | Couleur: Gris | Garantie: 12 mois,images/CONSMA55-TCC550-1.jpg,images/CONSMA55-TCC550-1.jpg,oui,"Ce congélateur horizontal Smart Technology offre une grande capacité de stockage pour conserver vos aliments en toute sécurité.

Points forts
• Volume brut de 500 litres
• Volume net de 423 litres
• Deux battants avec fermeture à clé
• Classe énergétique A+

Caractéristiques
Type de produit : Congélateur horizontal
Modèle : STCC550
Volume brut : 500 Litres
Volume net : 423 Litres
Nombre de battants : 2
Fermeture à clef : Oui
Classe climatique : T
Dimensions : 145 x 60 x 80 cm
Poids : 75 Kg
Vitesse de congélation : 18kg/24h
Classe énergétique : A+
Tension : 230V
Couleur : Gris"
CONSMA31-STCC31,Smart Technology,congélateur Smart Technology horizontal 300 litres gris stcc310h,froid,Congélateurs,169500,horizontal,jour,300 L,Type: Horizontal | Capacité: 300 L | Couleur: Gris | Garantie: 12 mois,images/CONSMA31-STCC31-1.png,images/CONSMA31-STCC31-1.png;images/CONSMA31-STCC31-2.png,oui,"Le congélateur horizontal Smart Technology dispose d'une capacité de 300 litres pour répondre à vos besoins de conservation.

Points forts
• Capacité de 300 litres
• Utilisation du réfrigérant R600a/60g
• Poids de 46 kg

Caractéristiques
Référence : STCC310H
Type de produit : Congélateur horizontal
Capacité : 300 Litres
Consommation : 1.52kw/h
Tension : 220-240V
Dimensions : 54x x 55 x 105 cm
Fréquence : 50Hz
Réfrigérant : R600a/60g
Poids : 46 Kg
Couleur : Gris"
CONSMA40-STCC40,Smart Technology,congélateur Smart Technology horizontal 320 litres gris stcc400h,froid,Congélateurs,210000,horizontal,jour,320 L,Type: Horizontal | Capacité: 320 L | Couleur: Gris | Garantie: 12 mois,images/CONSMA40-STCC40-1.jpg,images/CONSMA40-STCC40-1.jpg;images/CONSMA40-STCC40-2.png,oui,"Ce congélateur horizontal Smart Technology de 320 litres est équipé d'un thermostat et de pieds réglables.

Points forts
• Capacité brute de 320 litres
• Thermostat réglable
• Pieds réglables
• Capacité de congélation de 22kg/24h

Caractéristiques
Type de produit : Congélateur horizontal
Référence : STCC-400H
Capacité brute : 320 L
Type de climat : SN/N/ST/T
Capacité de congélation : 22kg/24h
Tension : 220-240V
Fréquence : 50Hz
Courant nominal : 1.55A
Dimensions : 105 x 58.2 x 55 cm
Consommation d'énergie : 1.62kw/h
Réfrigérant : R600a/65g
Thermostat réglable : Oui
Pieds réglables : Oui
Poids : 50 Kg
Couleur : Gris"
CONGELATEUR-SMART-TECHNOLOGY-HORIZONTAL-350LITRES-AVEC-VITRE-GRIS-STCC-320,Smart Technology,congélateur Smart Technology horizontal 350 litres avec vitre gris stcc-320,froid,Congélateurs,200000,horizontal,jour,350 L,Type: Horizontal | Capacité: 350 L | Couleur: Gris | Garantie: 12 mois,images/CONGELATEUR-SMART-TECHNOLOGY-HORIZONTAL-350LITRES-AVEC-VITRE-GRIS-STCC-320-2.jpg,images/CONGELATEUR-SMART-TECHNOLOGY-HORIZONTAL-350LITRES-AVEC-VITRE-GRIS-STCC-320-2.jpg;images/CONGELATEUR-SMART-TECHNOLOGY-HORIZONTAL-350LITRES-AVEC-VITRE-GRIS-STCC-320-1.png,oui,"Ce congélateur horizontal Smart Technology d'une capacité nette de 350 litres est doté d'une clé et d'un thermostat réglable.

Points forts
• Volume net de 350 litres
• Thermostat et pieds réglables
• Présence d'une clé de sécurité
• Grille pour refroidissement incluse

Caractéristiques
Type de produit : Congélateur horizontal
Modèle : STCC-320
Volume net : 350 L
Voltage : 220-240V
Fréquence : 50Hz
Réfrigérant : R134a/105g
Puissance lampe : 2W
Dimensions : 118.6 x 58.2 x 87 cm
Clé : Oui
Grille pour refroidissement : Oui
Thermostat réglable : Oui
Pieds réglables : Oui
Poids : 39.2 Kg
Couleur : Gris"
CONGELATEUR-SMART-TECHNOLOGY-HORIZONTAL-350LITRES-GRIS-STCC-320,Smart Technology,congélateur Smart Technology horizontal 350 litres gris stcc-320,froid,Congélateurs,200000,horizontal,jour,350 L,Type: Horizontal | Capacité: 350 L | Couleur: Gris | Garantie: 12 mois,images/CONGELATEUR-SMART-TECHNOLOGY-HORIZONTAL-350LITRES-GRIS-STCC-320-2.jpg,images/CONGELATEUR-SMART-TECHNOLOGY-HORIZONTAL-350LITRES-GRIS-STCC-320-2.jpg;images/CONGELATEUR-SMART-TECHNOLOGY-HORIZONTAL-350LITRES-GRIS-STCC-320-1.jpg,oui,"Ce congélateur horizontal Smart Technology offre un volume net de 350 litres pour le stockage de vos produits.

Points forts
• Volume net de 350 litres
• Thermostat réglable et pieds ajustables
• Fermeture avec clé

Caractéristiques
Type de produit : Congélateur horizontal
Modèle : STCC-320
Volume net : 350 Litres
Voltage : 220-240V
Fréquence : 50Hz
Réfrigérant : R134a/105g
Puissance lampe : 2W
Dimensions : 118.6 x 58.2 x 87 cm
Clé : Oui
Grille pour refroidissement : Oui
Thermostat réglable : Oui
Pieds réglables : Oui
Poids : 39.2 Kg
Couleur : Gris"
CONSMA32-TCC320,Smart Technology,congélateur Smart Technology horizontal 350 litres gris stcc320,froid,Congélateurs,200000,horizontal,jour,350 L,Type: Horizontal | Capacité: 350 L | Couleur: Gris | Garantie: 12 mois,images/CONSMA32-TCC320-1.jpg,images/CONSMA32-TCC320-1.jpg;images/CONSMA32-TCC320-2.jpg,oui,"Le congélateur horizontal Smart Technology possède une capacité de 350 litres et intègre une grille pour le refroidissement.

Points forts
• Volume net de 350 litres
• Équipé d'une clé
• Thermostat réglable
• Pieds réglables

Caractéristiques
Type de produit : Congélateur horizontal
Modèle : STCC-320
Volume net : 350 Litres
Voltage : 220-240V
Fréquence : 50Hz
Réfrigérant : R134a/105g
Puissance lampe : 2W
Dimensions : 118.6 x 58.2 x 87 cm
Clé : Oui
Grille pour refroidissement : Oui
Thermostat réglable : Oui
Pieds réglables : Oui
Poids : 39.2 Kg
Couleur : Gris"
CONSMA32-STCC32,Smart Technology,congélateur Smart Technology horizontal 350 litres gris stcc320vw,froid,Congélateurs,187000,horizontal,jour,350 L,Type: Horizontal | Capacité: 350 L | Couleur: Gris | Garantie: 12 mois,images/CONSMA32-STCC32-2.jpg,images/CONSMA32-STCC32-2.jpg;images/CONSMA32-STCC32-1.png,oui,"Ce congélateur horizontal d'une capacité de 350 litres vous permet de stocker vos produits surgelés au quotidien. Il dispose d'un thermostat réglable et d'une fermeture à clé.

Points forts
• Volume net de 350 litres
• Thermostat réglable
• Fermeture à clé intégrée
• Pieds réglables

Caractéristiques
Type de produit : Congélateur horizontal
Volume net : 350 L
Couleur : Gris
Réfrigérant : R134a/105g
Tension : 220-240V
Fréquence : 50 Hz
Dimensions : 118.6 x 58.2 x 87 cm
Poids : 39.2 Kg"
CONGELATEUR-SMART-TECHNOLOGY-HORIZONTAL-400LITRES-AVEC-VITRE-GRIS-STCC-385,Smart Technology,congélateur Smart Technology horizontal 400 litres avec vitre gris stcc-385,froid,Congélateurs,172500,horizontal,jour,400 L,Type: Horizontal | Capacité: 400 L | Couleur: Gris | Garantie: 12 mois,images/CONGELATEUR-SMART-TECHNOLOGY-HORIZONTAL-400LITRES-AVEC-VITRE-GRIS-STCC-385-1.png,images/CONGELATEUR-SMART-TECHNOLOGY-HORIZONTAL-400LITRES-AVEC-VITRE-GRIS-STCC-385-1.png;images/CONGELATEUR-SMART-TECHNOLOGY-HORIZONTAL-400LITRES-AVEC-VITRE-GRIS-STCC-385-2.jpg,oui,"Ce congélateur horizontal avec vitre offre un volume net de 400 litres pour la conservation de vos aliments. Il est doté d'une classe énergétique A+.

Points forts
• Volume net de 400 litres
• Classe énergétique A+
• Vitesse de congélation de 18kg/24h
• Fermeture à clé

Caractéristiques
Type de produit : Congélateur horizontal vitre
Volume net : 400 Litres
Couleur : Gris
Classe énergétique : A+
Classe climatique : T
Vitesse de congélation : 18kg/24h
Tension : 230V
Fréquence : 50 Hz
Dimensions : 110 x 60 x 80 cm
Poids : 75 Kg"
CONSMA38-STCC38,Smart Technology,congélateur Smart Technology horizontal 400 litres gris stcc385,froid,Congélateurs,172500,horizontal,jour,400 L,Type: Horizontal | Capacité: 400 L | Couleur: Gris | Garantie: 12 mois,images/CONSMA38-STCC38-1.png,images/CONSMA38-STCC38-1.png;images/CONSMA38-STCC38-2.jpg,oui,"Ce congélateur horizontal d'une capacité de 400 litres est conçu pour la conservation de vos produits. Il intègre une classe énergétique A+ et une fermeture à clé.

Points forts
• Volume net de 400 litres
• Classe énergétique A+
• Vitesse de congélation de 18kg/24h
• Fermeture à clé

Caractéristiques
Type de produit : Congélateur
Volume net : 400 Litres
Couleur : Gris
Classe énergétique : A+
Classe climatique : T
Vitesse de congélation : 18kg/24h
Tension : 230V
Fréquence : 50 Hz
Dimensions : 145 x 60 x 80 cm
Poids : 75 Kg"
CONSMA38-STC38V,Smart Technology,congélateur Smart Technology horizontal 400 litres gris stcc385v,froid,Congélateurs,172500,horizontal,jour,400 L,Type: Horizontal | Capacité: 400 L | Couleur: Gris | Garantie: 12 mois,images/CONSMA38-STC38V-1.png,images/CONSMA38-STC38V-1.png;images/CONSMA38-STC38V-2.jpg,oui,"Ce congélateur horizontal vitré de 400 litres permet de stocker et visualiser vos denrées surgelées. Il bénéficie d'une classe énergétique A+.

Points forts
• Volume net de 400 litres
• Classe énergétique A+
• Vitesse de congélation de 18kg/24h
• Fermeture à clé

Caractéristiques
Type de produit : Congélateur horizontal vitre
Volume net : 400 Litres
Couleur : Gris
Classe énergétique : A+
Classe climatique : T
Vitesse de congélation : 18kg/24h
Tension : 230V
Fréquence : 50 Hz
Dimensions : 110 x 60 x 80 cm
Poids : 75 Kg"
CONGELATEUR-SMART-TECHNOLOGY-HORIZONTAL-400LITRES-VITRINE-BLANC-STCCV-517,Smart Technology,congélateur Smart Technology horizontal 400 litres vitrine blanc stccv-517,froid,Congélateurs,172500,horizontal,jour,400 L,Type: Horizontal | Capacité: 400 L | Couleur: Blanc | Garantie: 12 mois,images/CONGELATEUR-SMART-TECHNOLOGY-HORIZONTAL-400LITRES-VITRINE-BLANC-STCCV-517-1.jpg,images/CONGELATEUR-SMART-TECHNOLOGY-HORIZONTAL-400LITRES-VITRINE-BLANC-STCCV-517-1.jpg,oui,"Ce congélateur horizontal blanc dispose d'un volume de 400 litres pour vos besoins de conservation. Il est classé A+ en efficacité énergétique.

Points forts
• Volume net de 400 litres
• Classe énergétique A+
• Vitesse de congélation de 18kg/24h

Caractéristiques
Type de produit : Congélateur
Volume net : 400 Litres
Couleur : Blanc
Classe énergétique : A+
Classe climatique : T
Vitesse de congélation : 18kg/24h
Tension : 230V
Fréquence : 50 Hz
Dimensions : 145 x 60 x 80 cm
Poids : 75 Kg"
CONSMA55-TCC5V,Smart Technology,congélateur Smart Technology horizontal 500 litres gris stcc550vw,froid,Congélateurs,248700,horizontal,jour,500 L,Type: Horizontal | Capacité: 500 L | Couleur: Gris | Garantie: 12 mois,images/CONSMA55-TCC5V-1.jpg,images/CONSMA55-TCC5V-1.jpg;images/CONSMA55-TCC5V-2.webp,oui,"Ce congélateur horizontal d'une capacité de 500 litres est conçu pour stocker vos produits surgelés en grande quantité.

Points forts
• Capacité de 500 litres
• Type horizontal

Caractéristiques
Type : Horizontal
Capacité : 500 L
Couleur : Gris"
CONSMA75-STCCV7,Smart Technology,congélateur Smart Technology horizontal 600 litres vitrine stccv757,froid,Congélateurs,288200,horizontal,jour,600 L,Type: Horizontal | Capacité: 600 L | Garantie: 12 mois,images/CONSMA75-STCCV7-1.jpg,images/CONSMA75-STCCV7-1.jpg;images/CONSMA75-STCCV7-2.jpg,oui,"Ce congélateur horizontal vitrine d'une capacité de 600 litres est conçu pour la conservation de vos aliments surgelés. Il convient pour les grandes distributions, les libres services, les restaurants et les snacks.

Points forts
• Volume net de 600 L pour vos aliments surgelés
• Capacité de congélation de 14 kg par 24h
• Couvercle coulissant facile à ouvrir
• Thermostat et pieds réglables
• Équipé d'une clé et d'une grille de refroidissement

Caractéristiques
Type : Horizontal
Modèle : STCCV 757
Volume net : 600 L
Dimensions : 165 x 77.5 x 86.8 cm
Poids : 68.7 kg
Niveau sonore : 52 dB
Capacité de congélation : 14 kg/24h
Tension : 220-240 V
Ampérage : 2.4 A
Fréquence : 50 Hz
Classe climatique : T"
CONGELATEUR-SMART-TECHNOLOGY-HORIZONTAL-640LITRES-AVEC-VITRE-GRIS-STCC-640,Smart Technology,congélateur Smart Technology horizontal 640 litres avec vitre gris stcc-640,froid,Congélateurs,245000,horizontal,jour,640 L,Type: Horizontal | Capacité: 640 L | Couleur: Gris | Garantie: 12 mois,images/CONGELATEUR-SMART-TECHNOLOGY-HORIZONTAL-640LITRES-AVEC-VITRE-GRIS-STCC-640-1.jpg,images/CONGELATEUR-SMART-TECHNOLOGY-HORIZONTAL-640LITRES-AVEC-VITRE-GRIS-STCC-640-1.jpg;images/CONGELATEUR-SMART-TECHNOLOGY-HORIZONTAL-640LITRES-AVEC-VITRE-GRIS-STCC-640-2.jpg,oui,"Ce congélateur horizontal à roulettes de 640 litres avec vitre est conçu pour la conservation de vos produits surgelés.

Points forts
• Capacité de 640 L avec deux battants
• Capacité de congélation de 24 kg par 24h
• Fonction économiseur d'énergie
• Thermostat réglable et clé de sécurité
• Équipé d'une vitre et d'un condenseur externe

Caractéristiques
Type : Horizontal
Modèle : STCC-640
Couleur : Gris
Capacité : 640 L
Nombre de battants : 2
Dimensions : 165 x 77.5 x 86.8 cm
Poids : 68.7 kg
Niveau sonore : 52 dB
Capacité de congélation : 24 kg/24h
Tension : 230 V
Fréquence : 50 Hz
Réfrigérant : R134a/185g
Classe climatique : T"
CONGELATEUR-SMART-TECHNOLOGY-HORIZONTAL-640LITRES-GRIS-STCC-640,Smart Technology,congélateur Smart Technology horizontal 640 litres gris stcc-640,froid,Congélateurs,245000,horizontal,jour,640 L,Type: Horizontal | Capacité: 640 L | Couleur: Gris | Garantie: 12 mois,images/CONGELATEUR-SMART-TECHNOLOGY-HORIZONTAL-640LITRES-GRIS-STCC-640-3.jpg,images/CONGELATEUR-SMART-TECHNOLOGY-HORIZONTAL-640LITRES-GRIS-STCC-640-3.jpg;images/CONGELATEUR-SMART-TECHNOLOGY-HORIZONTAL-640LITRES-GRIS-STCC-640-1.jpg;images/CONGELATEUR-SMART-TECHNOLOGY-HORIZONTAL-640LITRES-GRIS-STCC-640-2.jpg,oui,"Ce congélateur horizontal de 640 litres de couleur grise permet de conserver vos produits surgelés au quotidien.

Points forts
• Volume brut de 640 L avec deux battants
• Capacité de congélation de 24 kg par 24h
• Système d'économie d'énergie
• Thermostat et pieds réglables
• Condenseur externe et fermeture à clé

Caractéristiques
Type : Horizontal
Modèle : STCC-640
Couleur : Gris
Volume brut : 640 L
Nombre de battants : 2
Dimensions : 165 x 77.5 x 86.8 cm
Poids : 68.7 kg
Niveau sonore : 52 dB
Capacité de congélation : 24 kg/24h
Tension : 230 V
Fréquence : 50 Hz
Réfrigérant : R134a/185g
Classe climatique : T"
CONGELATEUR-SMART-TECHNOLOGY-HORIZONTAL-720LITRES-GRIS-STCC-720,Smart Technology,congélateur Smart Technology horizontal 720 litres gris stcc-720,froid,Congélateurs,245000,horizontal,jour,720 L,Type: Horizontal | Capacité: 720 L | Couleur: Gris | Garantie: 12 mois,images/CONGELATEUR-SMART-TECHNOLOGY-HORIZONTAL-720LITRES-GRIS-STCC-720-2.jpg,images/CONGELATEUR-SMART-TECHNOLOGY-HORIZONTAL-720LITRES-GRIS-STCC-720-2.jpg;images/CONGELATEUR-SMART-TECHNOLOGY-HORIZONTAL-720LITRES-GRIS-STCC-720-1.jpg,oui,"Ce congélateur couché horizontal de 720 litres de couleur grise est conçu pour le stockage de vos produits.

Points forts
• Volume brut de 720 litres
• Thermostat réglable
• Pieds réglables
• Condenseur externe
• Présence d'une clé

Caractéristiques
Type : Horizontal
Modèle : STCC-720
Couleur : Gris
Volume brut : 720 L
Poids : 85 kg
Classe climatique : T"
CONGELATEUR-SMART-TECHNOLOGY-HORIZONTAL-980LITRES-GRIS-STCC-1050,Smart Technology,congélateur Smart Technology horizontal 980 litres gris stcc-1050,froid,Congélateurs,558500,horizontal,jour,980 L,Type: Horizontal | Capacité: 980 L | Couleur: Gris | Garantie: 12 mois,images/CONGELATEUR-SMART-TECHNOLOGY-HORIZONTAL-980LITRES-GRIS-STCC-1050-1.jpg,images/CONGELATEUR-SMART-TECHNOLOGY-HORIZONTAL-980LITRES-GRIS-STCC-1050-1.jpg;images/CONGELATEUR-SMART-TECHNOLOGY-HORIZONTAL-980LITRES-GRIS-STCC-1050-2.jpg,oui,"Ce grand congélateur horizontal de 980 litres de couleur grise offre un vaste espace pour vos besoins de conservation.

Points forts
• Volume brut de 980 litres et volume net de 916 L
• Fonction économiseur d'énergie
• Thermostat réglable
• Pieds réglables et grille pour refroidissement
• Équipé d'une clé

Caractéristiques
Type : Horizontal
Modèle : STCC-1050
Couleur : Gris
Volume brut : 980 L
Volume net : 916 L
Dimensions : 205.5 x 10.76 x 104.8 cm
Poids : 127 kg"
CONGELATEUR-SMART-TECHNOLOGY-VERTICAL-5TIROIRS-142LITRES-GRIS-STCD-240F,Smart Technology,congélateur Smart Technology vertical 5tiroirs 142 litres gris stcd-240f,froid,Congélateurs,170000,vertical,jour,142 L,Type: Vertical | Capacité: 142 L | Couleur: Gris | Garantie: 12 mois,images/CONGELATEUR-SMART-TECHNOLOGY-VERTICAL-5TIROIRS-142LITRES-GRIS-STCD-240F-1.jpg,images/CONGELATEUR-SMART-TECHNOLOGY-VERTICAL-5TIROIRS-142LITRES-GRIS-STCD-240F-1.jpg,oui,"Ce congélateur vertical de 142 litres intègre 5 tiroirs pour organiser facilement le rangement de vos denrées surgelées.

Points forts
• Capacité de 142 litres avec 5 tiroirs
• Capacité de congélation de 8 kg par 24h
• Poignée ergonomique et élégante
• Fermeture à clé
• Niveau sonore réduit à 42 dB

Caractéristiques
Type : Vertical
Modèle : STCD-240F
Couleur : Gris
Nombre de tiroirs : 5
Volume brut : 142 L
Capacité congelée : 8 kg/24h
Dimensions : 56.2 x 54.6 x 144.0 cm
Poids : 41 kg
Niveau sonore : 42 dB
Tension : 220-240 V
Fréquence : 50 Hz
Courant nominal : 1.2 A
Réfrigérant : R134a / 120 g"
CONSMA24-STCD24,Smart Technology,congélateur Smart Technology vertical 5tiroirs 142 litres gris stcd240f,froid,Congélateurs,170000,vertical,jour,142 L,Type: Vertical | Capacité: 142 L | Couleur: Gris | Garantie: 12 mois,images/CONSMA24-STCD24-1.jpg,images/CONSMA24-STCD24-1.jpg,oui,"Ce congélateur vertical de 142 litres offre un espace de rangement pratique avec ses 5 tiroirs pour conserver vos produits.

Points forts
• Volume brut de 142 litres avec 5 tiroirs
• Capacité de congélation de 8 kg par 24h
• Fermeture à clé intégrée
• Poignée ergonomique et élégante

Caractéristiques
Type de produit : Congélateur vertical
Nombre de tiroirs : 5
Volume brut : 142 litres
Capacité congelée : 8 kg/24h
Fermeture à clé : Oui
Tension : 220-240V
Fréquence : 50Hz
Dimensions : 56.2 x 54.6 x 144.0 cm
Courant nominal : 1.2A
Valeur de bruit : 42 db(A)
Réfrigérant : R134a / 120 g
Poids : 41 kg
Couleur : Gris"
CONSMA6T-CM335H,Smart Technology,congélateur Smart Technology vertical 6tiroirs 355 litres gris stcd335h,froid,Congélateurs,187000,vertical,jour,355 L,Type: Vertical | Capacité: 355 L | Couleur: Gris | Garantie: 12 mois,images/CONSMA6T-CM335H-2.jpg,images/CONSMA6T-CM335H-2.jpg;images/CONSMA6T-CM335H-1.jpg,oui,"Ce congélateur vertical propose une capacité de 355 litres répartie sur 6 tiroirs pour le stockage de vos denrées.

Points forts
• Grande capacité de 355 litres
• 6 tiroirs de rangement pratiques
• Équipé d'une fermeture à clé
• Poignée ergonomique et élégante

Caractéristiques
Type de produit : Congélateur vertical
Modèle : STCD335H
Nombre de tiroirs : 6
Volume : 355 litres
Capacité congelée : 8 kg/24h
Fermeture à clé : Oui
Tension : 220-240V
Fréquence : 50Hz
Courant nominal : 1A
Dimensions : 54.3 x 53.4 x 143.8 cm
Consommation d'énergie : 0.68 kw/24h
Réfrigérant : R600a
Poids : 53 kg
Couleur : Gris"
CONSMA6T-STC347,Smart Technology,congélateur Smart Technology vertical 6tiroirs gris stcd347,froid,Congélateurs,152000,vertical,jour,6 tiroirs,Type: Vertical | Couleur: Gris | Garantie: 12 mois,images/CONSMA6T-STC347-1.jpg,images/CONSMA6T-STC347-1.jpg;images/CONSMA6T-STC347-2.jpg,oui,"Ce congélateur vertical de 185 litres est muni de 6 tiroirs pour organiser facilement la congélation de vos aliments.

Points forts
• Volume de 185 litres avec 6 tiroirs
• Capacité de congélation de 13 kg par 24h
• Présence d'une serrure et d'une poignée ergonomique
• Mobilité facilitée pour l'installation

Caractéristiques
Type de produit : Congélateur vertical
Volume : 185 litres
Capacité de congélation : 13 kg/24h
Consommation d'énergie : 0.68 kw/24h
Dimensions nettes : 142 x 55 x 54 cm
Nombre de tiroirs : 6
Poids : 41 kg
Serrure : Oui
Couleur : Gris"
CONSMA6T-STCD34,Smart Technology,congélateur Smart Technology vertical 6tiroirs gris stcd348,froid,Congélateurs,170000,vertical,jour,6 tiroirs,Type: Vertical | Couleur: Gris | Garantie: 12 mois,images/CONSMA6T-STCD34-3.png,images/CONSMA6T-STCD34-3.png;images/CONSMA6T-STCD34-1.png;images/CONSMA6T-STCD34-2.png,oui,"Congélateur vertical de la marque Smart Technology de couleur grise doté de 6 tiroirs.

Points forts
• Modèle vertical à 6 tiroirs
• Coloris gris

Caractéristiques
Type : Vertical
Couleur : Gris"
CONGELATEUR-SMART-TECHNOLOGY-VERTICAL-6TIROIRS-PLAQUE-ALUMINIUM-GRIS-STCD236,Smart Technology,congélateur Smart Technology vertical 6tiroirs plaque aluminium gris stcd236,froid,Congélateurs,175000,vertical,jour,6 tiroirs,Type: Vertical | Couleur: Gris | Garantie: 12 mois,images/CONGELATEUR-SMART-TECHNOLOGY-VERTICAL-6TIROIRS-PLAQUE-ALUMINIUM-GRIS-STCD236-2.jpg,images/CONGELATEUR-SMART-TECHNOLOGY-VERTICAL-6TIROIRS-PLAQUE-ALUMINIUM-GRIS-STCD236-2.jpg;images/CONGELATEUR-SMART-TECHNOLOGY-VERTICAL-6TIROIRS-PLAQUE-ALUMINIUM-GRIS-STCD236-1.jpg;images/CONGELATEUR-SMART-TECHNOLOGY-VERTICAL-6TIROIRS-PLAQUE-ALUMINIUM-GRIS-STCD236-3.jpg,oui,"Ce congélateur vertical de 152 litres dispose de 6 tiroirs et d'une plaque aluminium pour vos besoins de conservation.

Points forts
• Modèle vertical à 6 tiroirs
• Capacité de 152 litres
• Plaque aluminium intégrée

Caractéristiques
Type : Vertical
Capacité : 152 L
Nombre de tiroirs : 6
Dimensions : 11.7 x 56.2 x 54.6 cm
Couleur : Gris"
CONGELATEUR-SMART-TECHNOLOGY-VERTICAL-7TIROIRS-258L-GRIS-STCD-355,Smart Technology,congélateur Smart Technology vertical 7tiroirs 258l gris stcd-355,froid,Congélateurs,207500,vertical,jour,258 L,Type: Vertical | Couleur: Gris | Garantie: 12 mois,images/CONGELATEUR-SMART-TECHNOLOGY-VERTICAL-7TIROIRS-258L-GRIS-STCD-355-1.jpg,images/CONGELATEUR-SMART-TECHNOLOGY-VERTICAL-7TIROIRS-258L-GRIS-STCD-355-1.jpg;images/CONGELATEUR-SMART-TECHNOLOGY-VERTICAL-7TIROIRS-258L-GRIS-STCD-355-2.jpg,oui,"Ce congélateur vertical de 258 litres intègre 7 tiroirs et un design moderne pour stocker efficacement vos aliments.

Points forts
• Capacité de 258 litres sur 7 tiroirs
• Fonctionnement tropicalisé
• Poignées élégantes et design moderne

Caractéristiques
Type de produit : Congélateur debout
Modèle : STCD-355
Capacité : 258 L
Nombre de tiroirs : 7
Réfrigérant : R134a
Puissance : 230 W
Tension : 220-240 V
Fréquence : 50 Hz
Dimensions : 66.2 x 65.0 x 173.2 cm
Poids : 59.2 kg
Couleur : Gris"
CONSMA35-STCD35,Smart Technology,congélateur Smart Technology vertical 7tiroirs 258l gris stcd355,froid,Congélateurs,207500,vertical,jour,258 L,Type: Vertical | Couleur: Gris | Garantie: 12 mois,images/CONSMA35-STCD35-2.jpg,images/CONSMA35-STCD35-2.jpg;images/CONSMA35-STCD35-1.jpg,oui,"Ce congélateur vertical de 258 litres dispose de 7 tiroirs pour organiser le stockage de vos produits surgelés. Adapté à une utilisation quotidienne dans votre foyer.

Points forts
• Capacité de 258 litres
• 7 tiroirs de rangement
• Fonctionnement tropicalisé
• Design moderne avec poignées élégantes

Caractéristiques
Type de produit : Congélateur debout
Modèle : STCD355
Capacité : 258 L
7 tiroirs : Oui
Réfrigérant : R134a
Puissance : 230 W
Tension : 220-240 V
Fréquence : 50 Hz
Dimensions : 66.2 x 65.0 x 173.2 cm
Tropicalisé : Oui
Couleur : Gris
Poids : 59.2 Kg"
CONGELATEUR-SMART-TECHNOLOGY-VERTICAL-7TIROIRS-280LITRES-GRIS-STCD-550,Smart Technology,congélateur Smart Technology vertical 7tiroirs 280 litres gris stcd-550,froid,Congélateurs,234200,vertical,jour,280 L,Type: Vertical | Capacité: 280 L | Couleur: Gris | Garantie: 12 mois,images/CONGELATEUR-SMART-TECHNOLOGY-VERTICAL-7TIROIRS-280LITRES-GRIS-STCD-550-1.jpg,images/CONGELATEUR-SMART-TECHNOLOGY-VERTICAL-7TIROIRS-280LITRES-GRIS-STCD-550-1.jpg;images/CONGELATEUR-SMART-TECHNOLOGY-VERTICAL-7TIROIRS-280LITRES-GRIS-STCD-550-2.jpg,oui,"Ce congélateur vertical offre une capacité nette de 280 litres répartie sur 7 tiroirs. Il assure la congélation de vos denrées alimentaires au quotidien.

Points forts
• Capacité nette de 280 litres
• 7 tiroirs pour un rangement pratique
• Capacité de congélation de 16 kg par 24h
• Modèle tropicalisé

Caractéristiques
Type de produit : Congélateur vertical
Modèle : STCD-550
Capacité brute : 350 L
Capacité nette : 280 L
7 tiroirs : Oui
Réfrigérant : R134a/220g
Tension : 220-240 V
Fréquence : 50 Hz
Ampérage : 1.4 A
Capacité de congélation : 16 kg/24h
Tropicalisé : Oui
Dimensions : 66.2 x 65.0 x 173.2 cm
Couleur : Gris
Poids : 67 Kg"
CONSMA7T-STCD55,Smart Technology,congélateur Smart Technology vertical 7tiroirs 280 litres gris stcd550,froid,Congélateurs,234200,vertical,jour,280 L,Type: Vertical | Capacité: 280 L | Couleur: Gris | Garantie: 12 mois,images/CONSMA7T-STCD55-1.png,images/CONSMA7T-STCD55-1.png;images/CONSMA7T-STCD55-4.png;images/CONSMA7T-STCD55-2.png;images/CONSMA7T-STCD55-3.jpg,oui,"Ce congélateur vertical dispose d'une capacité nette de 280 litres et de 7 tiroirs pour stocker vos aliments surgelés en toute simplicité.

Points forts
• Capacité nette de 280 litres
• 7 tiroirs de rangement
• Capacité de congélation de 16 kg par 24h
• Appareil tropicalisé

Caractéristiques
Type de produit : Congélateur vertical
Modèle : STCD550
Capacité brute : 350 L
Capacité nette : 280 L
Dimensions : 66.2 x 65.0 x 173.2 cm
7 tiroirs : Oui
Réfrigérant : R134a/220g
Tension : 220-240 V
Fréquence : 50 Hz
Ampérage : 1.4 A
Capacité de congélation : 16 kg/24h
Tropicalisé : Oui
Couleur : Gris
Poids : 67 Kg"
CONGELATEUR-SMART-TECHNOLOGY-VERTICAL-7TIROIRS-NOFROST-GRIS-STCD-899NFM,Smart Technology,congélateur Smart Technology vertical 7tiroirs No Frost gris stcd-899nfm,froid,Congélateurs,224800,vertical,jour,7 tiroirs,Type: Vertical | Couleur: Gris | Garantie: 12 mois,images/CONGELATEUR-SMART-TECHNOLOGY-VERTICAL-7TIROIRS-NOFROST-GRIS-STCD-899NFM-1.jpg,images/CONGELATEUR-SMART-TECHNOLOGY-VERTICAL-7TIROIRS-NOFROST-GRIS-STCD-899NFM-1.jpg,oui,"Ce congélateur debout d'une capacité de 380 litres intègre 7 tiroirs pour organiser le stockage de vos provisions. Un appareil adapté aux besoins des foyers.

Points forts
• Capacité de 380 litres
• 7 tiroirs de rangement
• Conception tropicalisée
• Design moderne

Caractéristiques
Type de produit : Congélateur debout
Modèle : STCD-899NFM
Capacité : 380 L
7 tiroirs : Oui
Réfrigérant : R134a
Puissance : 230 W
Tension : 220-240 V
Fréquence : 50 Hz
Tropicalisé : Oui
Dimensions : 66.2 x 65.0 x 173.2 cm
Couleur : Gris
Poids : 59.2 Kg"
CONSMA89-STCD89,Smart Technology,congélateur Smart Technology vertical 7tiroirs No Frost gris stcd899nfm,froid,Congélateurs,224800,vertical,jour,7 tiroirs,Type: Vertical | Couleur: Gris | Garantie: 12 mois,images/CONSMA89-STCD89-1.jpg,images/CONSMA89-STCD89-1.jpg,oui,"Ce congélateur debout de 380 litres est doté de 7 tiroirs pour faciliter le tri de vos aliments. Il s'intègre facilement dans votre cuisine.

Points forts
• Capacité de 380 litres
• 7 tiroirs pratiques
• Appareil tropicalisé
• Poignées élégantes

Caractéristiques
Type de produit : Congélateur debout
Modèle : STCD899NFM
Capacité : 380 L
7 tiroirs : Oui
Dimensions : 66.2 x 65.0 x 173.2 cm
Réfrigérant : R134a
Puissance : 230 W
Tension : 220-240 V
Fréquence : 50 Hz
Tropicalisé : Oui
Couleur : Gris
Poids : 59.2 Kg"
CONGELATEUR-SMART-TECHNOLOGY-VERTICAL-7TIROIRS-PLAQUE-ALUMINIUM-GRIS-STCD-598,Smart Technology,congélateur Smart Technology vertical 7tiroirs plaque aluminium gris stcd-598,froid,Congélateurs,240000,vertical,jour,7 tiroirs,Type: Vertical | Couleur: Gris | Garantie: 12 mois,images/CONGELATEUR-SMART-TECHNOLOGY-VERTICAL-7TIROIRS-PLAQUE-ALUMINIUM-GRIS-STCD-598-1.jpg,images/CONGELATEUR-SMART-TECHNOLOGY-VERTICAL-7TIROIRS-PLAQUE-ALUMINIUM-GRIS-STCD-598-1.jpg;images/CONGELATEUR-SMART-TECHNOLOGY-VERTICAL-7TIROIRS-PLAQUE-ALUMINIUM-GRIS-STCD-598-2.jpg,oui,"Ce congélateur vertical de 280 litres dispose de 7 tiroirs pour stocker durablement viandes, poissons et légumes. Il offre un rangement organisé pour tous vos plats.

Points forts
• Capacité nette de 280 litres
• 7 tiroirs pour un rangement facile
• Mobilité facilitée pour l'installation

Caractéristiques
Type de produit : Congélateur vertical
Modèle : STCD-598
Capacité brute : 350 L
Capacité nette : 280 L
7 tiroirs : Oui
Réfrigérant : R134a/220g
Tension : 220-240 V
Fréquence : 50 Hz
Dimensions : 66.2 x 65.0 x 173.2 cm
Couleur : Gris
Poids : 67 Kg"
CONGELATEUR-SMART-TECHNOLOGY-VERTICAL-9TIROIRS-PLAQUE-ALUMINIUM-GRIS-STCD889NFH,Smart Technology,congélateur Smart Technology vertical 9tiroirs plaque aluminium gris stcd889nfh,froid,Congélateurs,235200,vertical,jour,9 tiroirs,Type: Vertical | Couleur: Gris | Garantie: 12 mois,images/CONGELATEUR-SMART-TECHNOLOGY-VERTICAL-9TIROIRS-PLAQUE-ALUMINIUM-GRIS-STCD889NFH-1.jpg,images/CONGELATEUR-SMART-TECHNOLOGY-VERTICAL-9TIROIRS-PLAQUE-ALUMINIUM-GRIS-STCD889NFH-1.jpg;images/CONGELATEUR-SMART-TECHNOLOGY-VERTICAL-9TIROIRS-PLAQUE-ALUMINIUM-GRIS-STCD889NFH-2.jpg,oui,"Ce congélateur vertical propose 9 tiroirs pour organiser facilement le stockage de vos denrées alimentaires. Il convient à un usage domestique quotidien.

Points forts
• 9 tiroirs de rangement
• Volume net de 176 litres
• Type vertical avec plaque aluminium

Caractéristiques
Type : Vertical
Couleur : Gris
Nombre de tiroirs : 9
Volume brut : 200 L
Volume net : 176 L
Réfrigérant : R600a / 68g
Classe climatique : ST/N/ST/T
Tension : 220-240 V
Fréquence : 50 Hz
Ampérage : 0,75 A
Poids : 47 kg"
CONSMA88-STCD88,Smart Technology,congélateur Smart Technology vertical 9tiroirs plaque aluminium gris stcd889nfh,froid,Congélateurs,235200,vertical,jour,9 tiroirs,Type: Vertical | Couleur: Gris | Garantie: 12 mois,images/CONSMA88-STCD88-1.jpg,images/CONSMA88-STCD88-1.jpg;images/CONSMA88-STCD88-2.jpg,oui,"Ce congélateur vertical dispose de 9 tiroirs pour conserver vos produits. Il s'intègre facilement dans votre cuisine.

Points forts
• Modèle vertical
• Coloris gris

Caractéristiques
Type : Vertical
Couleur : Gris"
CONGELATEUR-SNOWSEA-HORIZONTAL-190LITRES-GOLD-BD-158G,Snowsea,congélateur snowsea horizontal 190 litres gold bd-158g,froid,Congélateurs,97000,horizontal,jour,190 L,Type: Horizontal | Capacité: 190 L | Garantie: 12 mois,images/CONGELATEUR-SNOWSEA-HORIZONTAL-190LITRES-GOLD-BD-158G-2.jpg,images/CONGELATEUR-SNOWSEA-HORIZONTAL-190LITRES-GOLD-BD-158G-2.jpg;images/CONGELATEUR-SNOWSEA-HORIZONTAL-190LITRES-GOLD-BD-158G-1.jpg,oui,"Ce congélateur horizontal offre une capacité de 190 litres pour stocker vos aliments en quantité. Il est doté d'un mode de congélation ultra rapide.

Points forts
• Capacité totale de stockage de 190 litres
• Mode de congélation ultra rapide
• Éclairage intérieur et panier à nourriture inclus
• Thermostat réglable

Caractéristiques
Type : Horizontal
Capacité : 190 L
Source de courant : 220-240 V – 50 Hz
Courant nominal : 0,5 A
Pouvoir total : 118 W
Classe de protection : 1
Dimensions : 590 x 570 x 880 mm
Réfrigérant : R600a (35g)
Classe climatique : T
Poids net : 26 kg"
CONSOL53-CF539X,Solstar,congélateur Solstar horizontal 600 litres gris cf539xsfgslvss,froid,Congélateurs,295800,horizontal,jour,600 L,Type: Horizontal | Capacité: 600 L | Couleur: Gris | Garantie: 12 mois,images/CONSOL53-CF539X-2.png,images/CONSOL53-CF539X-2.png;images/CONSOL53-CF539X-1.png,oui,"Ce congélateur horizontal de 600 litres permet de conserver un grand volume de produits. Il est équipé d'une serrure avec clé.

Points forts
• Grande capacité de 600 litres
• Serrure avec clé pour plus de sécurité
• Condenseur externe

Caractéristiques
Type : Horizontal
Capacité : 600 L
Couleur : Gris
Alimentation : 220-240 V / 50 Hz
Dimensions du produit : 1275 x 700 x 825 mm
Type de réfrigérant : R600a"
CONGELATEUR-SOLSTAR-HORIZONTAL-600LITRES-GRIS-CF579-ECDGSLVSS-2,Solstar,congélateur Solstar horizontal 600 litres gris cf579 ecdgslvss,froid,Congélateurs,329700,horizontal,jour,600 L,Type: Horizontal | Capacité: 600 L | Couleur: Gris | Garantie: 12 mois,images/CONGELATEUR-SOLSTAR-HORIZONTAL-600LITRES-GRIS-CF579-ECDGSLVSS-2-1.jpg,images/CONGELATEUR-SOLSTAR-HORIZONTAL-600LITRES-GRIS-CF579-ECDGSLVSS-2-1.jpg;images/CONGELATEUR-SOLSTAR-HORIZONTAL-600LITRES-GRIS-CF579-ECDGSLVSS-2-2.jpg,oui,"Ce congélateur horizontal de 600 litres est conçu pour stocker de grandes quantités de nourriture. Il intègre une lumière intérieure et des paniers gratuits.

Points forts
• Capacité de 600 litres avec paniers gratuits
• Clé de verrouillage et pack frais
• Lumière intérieure

Caractéristiques
Type : Horizontal
Capacité : 600 L
Couleur : Gris
Type de réfrigérant : R600a
Plage de tension : 187 à 254 V
Dimensions du produit : 1275 x 700 x 825 mm
Dimensions d'emballage : 1320 x 770 x 870 mm
Condenseur : Externe"
CONGELATEUR-SOLSTAR-HORIZONTAL-700LITRES-BLANC-CF-690,Solstar,congélateur Solstar horizontal 700 litres blanc cf-690,froid,Congélateurs,339050,horizontal,jour,700 L,Type: Horizontal | Capacité: 700 L | Couleur: Blanc | Garantie: 12 mois,images/CONGELATEUR-SOLSTAR-HORIZONTAL-700LITRES-BLANC-CF-690-3.jpg,images/CONGELATEUR-SOLSTAR-HORIZONTAL-700LITRES-BLANC-CF-690-3.jpg;images/CONGELATEUR-SOLSTAR-HORIZONTAL-700LITRES-BLANC-CF-690-1.jpg;images/CONGELATEUR-SOLSTAR-HORIZONTAL-700LITRES-BLANC-CF-690-2.jpg,oui,"Ce congélateur horizontal blanc offre un grand volume de 700 litres pour vos besoins de conservation. Il est équipé de deux portes et de roues de mobilité.

Points forts
• Capacité de stockage de 700 litres
• Deux portes avec murs intérieurs en aluminium
• Roues de mobilité et thermostat réglable

Caractéristiques
Type : Horizontal
Capacité : 700 L
Couleur : Blanc
Classe climatique : T
Réfrigérant : R134a
Fréquence de tension : 220-240 V / 50 Hz
Dimensions du produit : 1600 x 760 x 827 mm
Poids du produit : 77,4 kg
Nombre de portes : 2
Dégivrage : Manuel
Roues de mobilité : 4"
CONGELATEUR-SOLSTAR-HORIZONTAL-700LITRES-GRIS-CF679-XDFGSLVS-2,Solstar,congélateur Solstar horizontal 700 litres gris cf679 xdfgslvs,froid,Congélateurs,373500,horizontal,jour,700 L,Type: Horizontal | Capacité: 700 L | Couleur: Gris | Garantie: 12 mois,images/CONGELATEUR-SOLSTAR-HORIZONTAL-700LITRES-GRIS-CF679-XDFGSLVS-2-1.jpg,images/CONGELATEUR-SOLSTAR-HORIZONTAL-700LITRES-GRIS-CF679-XDFGSLVS-2-1.jpg;images/CONGELATEUR-SOLSTAR-HORIZONTAL-700LITRES-GRIS-CF679-XDFGSLVS-2-2.jpg;images/CONGELATEUR-SOLSTAR-HORIZONTAL-700LITRES-GRIS-CF679-XDFGSLVS-2-3.jpg,oui,"Ce congélateur horizontal d'une capacité de 700 litres offre un grand espace de stockage pour vos aliments. Il est doté d'un éclairage intérieur et d'un système sans CFC.

Points forts
• Grande capacité de 700 litres
• Éclairage intérieur inclus
• Sécurité renforcée par clé de verrouillage
• Fluide frigorigène R600a

Caractéristiques
Type : Horizontal
Capacité : 700 L
Couleur : Gris
Réfrigérant : R600a
Plage de tension : 187 à 254 V
Dimensions du produit : 153,5 x 70 x 82,5 cm
Poids net : 63 kg
Poids brut : 75 kg
Paniers : 2"
CONSOL77-CF779X,Solstar,congélateur Solstar horizontal 780 litres gris cf779xdfgslvs,froid,Congélateurs,393300,horizontal,jour,780 L,Type: Horizontal | Capacité: 780 L | Couleur: Gris | Garantie: 12 mois,images/CONSOL77-CF779X-1.jpg,images/CONSOL77-CF779X-1.jpg,oui,"Ce congélateur horizontal de 780 litres est conçu pour répondre aux besoins de stockage importants.

Points forts
• Capacité de 780 litres
• Modèle horizontal

Caractéristiques
Type : Horizontal
Capacité : 780 L
Couleur : Gris"
CONSOL30-FR305S,Solstar,congélateur Solstar vertical 8tiroirs plaque aluminium sslvss gris fr305,froid,Congélateurs,234600,vertical,jour,8 tiroirs,Type: Vertical | Couleur: Gris | Garantie: 12 mois,images/CONSOL30-FR305S-1.png,images/CONSOL30-FR305S-1.png,oui,"Ce congélateur vertical de 295 litres s'intègre facilement dans votre cuisine pour organiser vos produits surgelés grâce à ses 5 étagères en plastique.

Points forts
• Capacité de 295 litres
• Classe énergétique A+
• Présence d'une serrure
• Dégivrage manuel

Caractéristiques
Type : Vertical
Capacité : 295 L
Classe énergétique : A+
Couleur : Gris
Réfrigérant : R134a
Dimensions : 54,9 x 56 x 144 cm
Classe climatique : T"
CONGELATEUR-SOLSTAR-VERTICAL-8TIROIRS-SSLVSS-GRIS-FR-305,Solstar,congélateur Solstar vertical 8tiroirs sslvss gris fr-305,froid,Congélateurs,234600,vertical,jour,8 tiroirs,Type: Vertical | Couleur: Gris | Garantie: 12 mois,images/CONGELATEUR-SOLSTAR-VERTICAL-8TIROIRS-SSLVSS-GRIS-FR-305-1.jpg,images/CONGELATEUR-SOLSTAR-VERTICAL-8TIROIRS-SSLVSS-GRIS-FR-305-1.jpg,oui,"Ce congélateur vertical propose une capacité de 295 litres avec un agencement pratique incluant 5 étagères en plastique et une serrure.

Points forts
• Capacité de 295 litres
• Système de fermeture à clé
• Dégivrage manuel

Caractéristiques
Type : Vertical
Capacité : 295 L
Couleur : Noir
Réfrigérant : R134a
Classe climatique : T"
CONGELATEUR-WALTON-2PORTES-300LITRES-WCG-3JO-DDGE-XX-BATTEUSE-OFFERT,Walton,congélateur walton 2portes 300 litres wcg-3jo-ddge-xx + batteuse offert,froid,Congélateurs,255800,horizontal,jour,300 L,Capacité: 300 L | Garantie: 12 mois,images/CONGELATEUR-WALTON-2PORTES-300LITRES-WCG-3JO-DDGE-XX-BATTEUSE-OFFERT-2.jpg,images/CONGELATEUR-WALTON-2PORTES-300LITRES-WCG-3JO-DDGE-XX-BATTEUSE-OFFERT-2.jpg;images/CONGELATEUR-WALTON-2PORTES-300LITRES-WCG-3JO-DDGE-XX-BATTEUSE-OFFERT-5.jpg;images/CONGELATEUR-WALTON-2PORTES-300LITRES-WCG-3JO-DDGE-XX-BATTEUSE-OFFERT-1.jpg;images/CONGELATEUR-WALTON-2PORTES-300LITRES-WCG-3JO-DDGE-XX-BATTEUSE-OFFERT-3.jpg;images/CONGELATEUR-WALTON-2PORTES-300LITRES-WCG-3JO-DDGE-XX-BATTEUSE-OFFERT-4.jpg,oui,"Ce congélateur Walton de 300 litres utilise un système de refroidissement direct et dispose d'une poignée encastrée.

Points forts
• Volume total de 300 litres
• Refroidissement direct
• Poignée encastrée

Caractéristiques
Capacité : 300 L
Réfrigérant : R600a
Dimensions nettes : 121 x 67,5 x 84,5 cm"
CONWAL14-WCF1D5,Autre Marque,congélateur walton coffre 145 litres bleu wcf1d5delxx,froid,Congélateurs,96000,horizontal,jour,145 L,Capacité: 145 L | Couleur: Bleu | Garantie: 12 mois,images/CONWAL14-WCF1D5-2.jpg,images/CONWAL14-WCF1D5-2.jpg;images/CONWAL14-WCF1D5-5.jpg;images/CONWAL14-WCF1D5-1.jpg;images/CONWAL14-WCF1D5-3.jpg;images/CONWAL14-WCF1D5-4.jpg,oui,"Ce congélateur coffre d'une capacité de 145 litres de couleur bleue est adapté pour la conservation de vos denrées alimentaires.

Points forts
• Volume brut de 145 litres
• Utilisation du réfrigérant R600a

Caractéristiques
Capacité : 145 L
Couleur : Bleu
Réfrigérant : R600a
Dimensions nettes : 74,4 x 58,5 x 85,3 cm
Poids net : 37 kg
Poids brut : 42 kg"
REFAST38-FV384A,Astech,réfrigérateur Astech 1porte 384 litres vitrine fv384ac,froid,Réfrigérateurs,322000,frigo,jour,384 L,Capacité: 384 L | Garantie: 12 mois,images/REFAST38-FV384A-1.png,images/REFAST38-FV384A-1.png,oui,"Ce réfrigérateur vitrine vertical Astech d'une capacité de 384 litres est conçu pour l'exposition et la conservation de vos produits à bonne température.

Points forts
• Volume net de 329 litres
• Dégivrage automatique pour un entretien simplifié
• Porte vitrée avec thermomètre intégré
• Pieds ajustables pour une installation stable

Caractéristiques
Capacité : 384 Litres
Volume net : 329 Litres
Réfrigérant : R134a
Filtre énergétique : A
Dimensions du produit : 595 x 575 x 1985 mm
Poids brut : 65 kg
Porte : 1 vitrée
Puissance : 295 W
Plage de température : +2° / + 10°
Niveau sonore : 45 db
Voltage : 220-240 V
Consommation : 2,4 kW/24h
Classe climatique : 4"
REFAST22-FB223W,Astech,réfrigérateur Astech 1porte avec fontaine gris fb223wdha,froid,Réfrigérateurs,146000,frigo,jour,,Couleur: Gris | Garantie: 12 mois,images/REFAST22-FB223W-1.jpg,images/REFAST22-FB223W-1.jpg;images/REFAST22-FB223W-2.jpg;images/REFAST22-FB223W-3.jpg;images/REFAST22-FB223W-4.jpg;images/REFAST22-FB223W-5.jpg,oui,"Ce réfrigérateur 1 porte Astech avec fontaine est équipé pour répondre aux besoins de conservation du quotidien.

Points forts
• Modèle une porte avec fontaine
• Coloris gris

Caractéristiques
Couleur : Gris"
REFAST27-FV274A,Astech,réfrigérateur Astech 1porte vitrine 274 litres fv274acdc,froid,Réfrigérateurs,261900,frigo,jour,274 L,Capacité: 274 L | Garantie: 12 mois,images/REFAST27-FV274A-1.png,images/REFAST27-FV274A-1.png;images/REFAST27-FV274A-2.png,oui,"Ce réfrigérateur vitrine Astech d'une capacité de 274 litres permet d'exposer et de stocker vos boissons ou denrées de manière visible.

Points forts
• Capacité de 274 litres
• Porte vitrée avec thermomètre et serrure à clés
• 5 grilles ajustables
• Classe énergétique A+

Caractéristiques
Type de produit : Réfrigérateur vitrine
Porte : 1 vitrée
Classe énergétique : A+
Classe climatique : T
Capacité : 274 litres
Dimensions : 525 x 555 x 1810 mm"
REFAST77-FP772T,Astech,réfrigérateur Astech 2portes avec fontaine 525 litres No Frost fp772tmha,froid,Réfrigérateurs,472000,frigo,jour,525 L,Capacité: 525 L | Garantie: 12 mois,images/REFAST77-FP772T-1.png,images/REFAST77-FP772T-1.png;images/REFAST77-FP772T-2.jpg,oui,"Ce réfrigérateur 2 portes Astech de 525 litres intègre une fontaine et la technologie No Frost pour un confort d'utilisation optimal.

Points forts
• Capacité de 525 litres
• Technologie No Frost évitant la formation de givre
• Écran de contrôle pour régler la température
• Classe énergétique A+

Caractéristiques
Capacité : 525 L
Classe énergétique : A+
Poids : 76 kg
Consommation électrique annuelle : 182 kWh
Type de refroidissement : Statique"
REFAST26-FP263O,Astech,réfrigérateur Astech 2portes fp263og,froid,Réfrigérateurs,161900,frigo,jour,,Garantie: 12 mois,images/REFAST26-FP263O-1.png,images/REFAST26-FP263O-1.png;images/REFAST26-FP263O-2.png;images/REFAST26-FP263O-3.png;images/REFAST26-FP263O-4.png;images/REFAST26-FP263O-5.png,oui,"Ce réfrigérateur 2 portes Astech offre une capacité de 250 litres et dispose d'un système de dégivrage automatique.

Points forts
• Capacité de 250 litres
• Classe énergétique A+
• Étagères réglables
• Système de dégivrage automatique

Caractéristiques
Type : Réfrigérateur à deux portes
Capacité : 250 Litres
Classe énergétique : A+
Dimensions : 51,5 x 50 x 147 cm"
REFAST2P-FP270O,Astech,réfrigérateur Astech 2portes gm gris fp270og,froid,Réfrigérateurs,215000,frigo,jour,,Couleur: Gris | Garantie: 12 mois,images/REFAST2P-FP270O-1.png,images/REFAST2P-FP270O-1.png;images/REFAST2P-FP270O-2.png,oui,"Ce grand réfrigérateur 2 portes Astech de couleur grise est conçu pour le stockage de vos produits alimentaires.

Points forts
• Modèle 2 portes
• Coloris gris

Caractéristiques
Couleur : Gris"
REFAST15-FP150H,Astech,réfrigérateur Astech 2portes gris fp150k/s,froid,Réfrigérateurs,165000,frigo,jour,,Couleur: Gris | Garantie: 12 mois,images/REFAST15-FP150H-1.png,images/REFAST15-FP150H-1.png;images/REFAST15-FP150H-2.jpg,oui,"Ce réfrigérateur 2 portes d'une capacité totale de 138 litres dispose d'un compartiment congélateur placé en haut. Il convient pour la conservation de vos aliments au quotidien.

Points forts
• Capacité totale nette de 138 litres
• Classe énergétique A
• Refroidissement statique

Caractéristiques
Nombre de portes : 2
Classe énergétique : A
Dimensions : 488 x 553 x 1320 mm
Capacité totale nette : 138 litres
Capacité du réfrigérateur : 104 litres
Capacité du congélateur : 34 litres
Poids : 30 kg
Type de refroidissement : Statique
Emplacement du compartiment à glace : Placé en haut
Couleur : Gris"
REFAST59-FV590V,Astech,réfrigérateur Astech 2portes vitrine 590 litres fv590v,froid,Réfrigérateurs,512000,frigo,jour,590 L,Capacité: 590 L | Garantie: 12 mois,images/REFAST59-FV590V-1.png,images/REFAST59-FV590V-1.png,oui,"Ce réfrigérateur 2 portes vitrine d'une capacité de 590 litres convient pour le stockage et la présentation de vos produits.

Points forts
• Capacité de 590 litres

Caractéristiques
Capacité : 590 L"
REFAST11-FB111D,Astech,réfrigérateur Astech bar 1porte gris fb111sg,froid,Réfrigérateurs,80000,frigo,jour,,Couleur: Gris | Garantie: 12 mois,images/REFAST11-FB111D-1.png,images/REFAST11-FB111D-1.png;images/REFAST11-FB111D-2.png,oui,"Ce réfrigérateur bar 1 porte d'une capacité totale nette de 90 litres convient pour un usage d'appoint dans les petits espaces.

Points forts
• Capacité totale nette de 90 L
• Classe énergétique A
• Niveau sonore de 40 dB

Caractéristiques
Type : Réfrigérateur bar
Capacité totale nette : 90 L
Capacité du réfrigérateur : 90 L
Classe énergétique : A
Dimensions : Long 80 cm / largeur 47 cm / Profondeur 43 cm
Nombre de portes : 1 porte
Type de pose : Pose libre
Puissance sonore : 40 dB
Couleur : Gris"
REFAST11-FB112W,Astech,réfrigérateur Astech bar 1porte marron fb112wg,froid,Réfrigérateurs,80000,frigo,jour,,Couleur: Marron | Garantie: 12 mois,images/REFAST11-FB112W-1.jpg,images/REFAST11-FB112W-1.jpg;images/REFAST11-FB112W-2.jpg,oui,"Ce réfrigérateur bar 1 porte d'une capacité de 90 litres s'intègre facilement dans les petits espaces grâce à sa pose libre.

Points forts
• Capacité totale nette de 90 L
• Classe énergétique A
• Niveau sonore de 40 db

Caractéristiques
Type : Réfrigérateur bar
Capacité totale nette : 90 L
Classe énergétique : A
Nombre de portes : 1 porte
Type de pose : Pose libre
Puissance sonore : 40 db
Couleur : Marron"
REFAST11-FP119H,Astech,réfrigérateur Astech bar 2portes gris fp119sg,froid,Réfrigérateurs,92000,frigo,jour,,Couleur: Gris | Garantie: 12 mois,images/REFAST11-FP119H-1.png,images/REFAST11-FP119H-1.png;images/REFAST11-FP119H-2.png;images/REFAST11-FP119H-3.png,oui,"Ce réfrigérateur bar 2 portes d'une capacité de 95 litres offre un format compact adapté aux espaces restreints.

Points forts
• Capacité de 95 litres
• Classe énergétique A
• Nombre de portes : 2 portes

Caractéristiques
Modèle : FP119SG
Classe énergétique : A
Nombre de portes : 2 portes
Capacité : 95 litres
Dimensions : 520 x 550 x 878.5 mm
Profondeur : 50 cm
Couleur : Gris"
REFAST37-FC379V,Astech,réfrigérateur Astech combine 3tiroirs 322 litres mirroir avec fontaine fc379verog,froid,Réfrigérateurs,291900,frigo,jour,322 L,Capacité: 322 L | Garantie: 12 mois,images/REFAST37-FC379V-1.png,images/REFAST37-FC379V-1.png;images/REFAST37-FC379V-2.png;images/REFAST37-FC379V-3.png,oui,"Ce réfrigérateur combiné 3 tiroirs d'une capacité de 322 litres est équipé d'un distributeur d'eau et d'un contrôle digital pour un usage pratique.

Points forts
• Capacité totale de 322 litres
• Classe énergétique A+
• Technologie No Frost
• Distributeur d'eau intégré

Caractéristiques
Type de produit : Réfrigérateur combiné 3 tiroirs
Distributeur : Distributeur d'eau
Contrôle : Contrôle digitale
Classe énergétique : A+
Technologie de froid : No frost
Capacité totale : 322 litres
Couleur : Vert/miroir
Hauteur : 1 m 83
Largeur : 60 cm
Profondeur : 62 cm"
REFAST37-FC378I,Astech,réfrigérateur Astech combine 3tiroirs 322 litres No Frost avec fontaine gris fc378inoog,froid,Réfrigérateurs,279400,frigo,jour,322 L,Capacité: 322 L | Couleur: Gris | Garantie: 12 mois,images/REFAST37-FC378I-1.png,images/REFAST37-FC378I-1.png;images/REFAST37-FC378I-2.png;images/REFAST37-FC378I-3.png;images/REFAST37-FC378I-4.png;images/REFAST37-FC378I-5.png,oui,"Ce réfrigérateur combiné Astech de 322 litres dispose de trois tiroirs et d'un distributeur d'eau. Il convient pour stocker vos denrées alimentaires au quotidien.

Points forts
• Capacité totale de 322 litres
• Technologie No Frost
• Classe énergétique A+
• Distributeur d'eau intégré

Caractéristiques
Type de produit : Réfrigérateur combiné
Classe énergétique : A+
Technologie de froid : No Frost
Capacité totale : 322 litres
Couleur : Gris
Hauteur : 1,84 m
Largeur : 59 cm
Profondeur : 61 cm
Nombre de tiroirs : 3"
REFAST3T-FC570C,Astech,réfrigérateur Astech combine 3tiroirs 564 litres gm avec fontaine gris fc570cml,froid,Réfrigérateurs,563750,frigo,jour,564 L,Capacité: 564 L | Couleur: Gris | Garantie: 12 mois,images/REFAST3T-FC570C-1.jpg,images/REFAST3T-FC570C-1.jpg;images/REFAST3T-FC570C-2.png,oui,"Ce réfrigérateur combiné Astech offre une grande capacité de 564 litres avec fontaine. Il est conçu pour répondre aux besoins de stockage des foyers.

Points forts
• Grande capacité de 564 litres
• Classe énergétique A+
• Fontaine intégrée
• Équipé de deux tiroirs

Caractéristiques
Type de produit : Réfrigérateur combiné
Classe énergétique : A+
Capacité : 564 L
Couleur : Gris et noir
Hauteur : 1,85 m
Largeur : 84 cm
Profondeur : 70 cm
Nombre de tiroirs : 2"
REFAST3T-FC675CM,Astech,réfrigérateur Astech combine 3tiroirs gm No Frost Inox fc675cm,froid,Réfrigérateurs,666900,frigo,jour,3 tiroirs,Couleur: Inox | Garantie: 12 mois,images/REFAST3T-FC675CM-1.png,images/REFAST3T-FC675CM-1.png;images/REFAST3T-FC675CM-2.png,oui,"Ce réfrigérateur combiné Astech en inox intègre la technologie No Frost et une grande capacité de stockage. Il est adapté pour conserver vos aliments sans contrainte.

Points forts
• Technologie No Frost sans dégivrage manuel
• Classe énergétique A+
• Grande capacité de stockage
• Finition en inox

Caractéristiques
Type de produit : Réfrigérateur combiné 3 tiroirs
Classe énergétique : A+
Technologie de froid : No Frost
Finition : Inox
Hauteur : 1,93 m
Largeur : 84 cm
Profondeur : 73 cm"
REFAST48-FC480C,Astech,réfrigérateur Astech combine 3tiroirs grand model noir fc480cmog,froid,Réfrigérateurs,377000,frigo,jour,3 tiroirs,Couleur: Noir | Garantie: 12 mois,images/REFAST48-FC480C-1.jpg,images/REFAST48-FC480C-1.jpg;images/REFAST48-FC480C-2.jpg;images/REFAST48-FC480C-3.png;images/REFAST48-FC480C-4.png,oui,"Ce réfrigérateur combiné grand modèle d'Astech propose une capacité de 480 litres et un système de froid statique. Il convient pour la conservation de vos provisions.

Points forts
• Capacité de 480 litres
• Classe énergétique A+
• Trois tiroirs et deux portes
• Système de froid statique

Caractéristiques
Type de produit : Réfrigérateur combiné
Capacité : 480 litres
Classe énergétique : A+
Couleur : Noir
Dimensions : 635 x 675 x 1800 mm
Nombre de tiroirs : 3
Nombre de portes : 2
Type de froid : Statique"
REFAST18-CF1800,Astech,réfrigérateur Astech combine 3tiroirs gris fc180s,froid,Réfrigérateurs,158000,frigo,jour,3 tiroirs,Couleur: Gris | Garantie: 12 mois,images/REFAST18-CF1800-1.png,images/REFAST18-CF1800-1.png;images/REFAST18-CF1800-2.jpg,oui,"Ce réfrigérateur combiné Astech de 180 litres propose un format pose libre avec un compartiment congélateur en bas. Il est adapté pour les cuisines de taille moyenne.

Points forts
• Capacité totale de 180 litres
• Classe énergétique A+
• Trois tiroirs de rangement
• Refroidissement statique

Caractéristiques
Type de produit : Réfrigérateur combiné
Classe énergétique : A+
Capacité totale : 180 litres
Capacité du réfrigérateur : 110 litres
Capacité du congélateur : 70 litres
Couleur : Gris
Dimensions : 51,5 x 59 x 157,6 cm
Nombre de tiroirs : 3
Nombre de portes : 2
Type de pose : Pose libre"
REFAST23-FC234C,Astech,réfrigérateur Astech combine 3tiroirs gris fc234cm0g,froid,Réfrigérateurs,188000,frigo,jour,3 tiroirs,Couleur: Gris | Garantie: 12 mois,images/REFAST23-FC234C-1.png,images/REFAST23-FC234C-1.png;images/REFAST23-FC234C-2.png;images/REFAST23-FC234C-3.png;images/REFAST23-FC234C-4.png;images/REFAST23-FC234C-5.png,oui,"Ce réfrigérateur combiné Astech de 227 litres dispose de deux portes et de trois tiroirs pour la congélation. Il convient pour conserver vos aliments de façon organisée.

Points forts
• Volume total de 227 litres
• Classe énergétique A+
• Trois tiroirs de congélation
• Contrôle électronique

Caractéristiques
Type de produit : Réfrigérateur combiné No-Frost
Classe énergétique : A+
Volume total : 227 litres
Volume du réfrigérateur : 153 litres
Volume du congélateur : 74 litres
Couleur : Gris
Dimensions : 540 x 550 x 1593 mm
Type de contrôle : Électronique
Nombre de tiroirs : 3
Nombre de portes : 2"
REFAST39-FC398V,Astech,réfrigérateur Astech combine 3tiroirs gris fc398verog,froid,Réfrigérateurs,347000,frigo,jour,3 tiroirs,Couleur: Gris | Garantie: 12 mois,images/REFAST39-FC398V-1.jpg,images/REFAST39-FC398V-1.jpg;images/REFAST39-FC398V-2.jpg;images/REFAST39-FC398V-3.png;images/REFAST39-FC398V-4.png;images/REFAST39-FC398V-5.png,oui,"Ce réfrigérateur combiné Astech dispose de trois tiroirs et d'un éclairage intérieur. D'une capacité totale de 356 litres, il convient pour conserver les aliments de toute la famille.

Points forts
• Capacité totale de 356 litres
• Éclairage d'intérieur intégré
• Classe énergétique A+

Caractéristiques
Type de produit : Réfrigérateur combiné
Capacité totale : 356 litres
Nombre de tiroirs : 3
Classe énergétique : A+
Couleur : Gris
Hauteur : 1 m 99
Largeur : 60 cm
Profondeur : 63 cm"
REFAST31-FC318C,Astech,réfrigérateur Astech combine 3tiroirs verre avec fontaine fc318cmog,froid,Réfrigérateurs,207000,frigo,jour,3 tiroirs,Garantie: 12 mois,images/REFAST31-FC318C-1.jpg,images/REFAST31-FC318C-1.jpg;images/REFAST31-FC318C-2.jpg,oui,"Ce réfrigérateur combiné Astech est équipé d'une fontaine et de trois tiroirs. Il offre un volume de 262 litres et un contrôle électronique.

Points forts
• Fontaine intégrée
• Capacité totale de 262 litres
• Contrôle électronique
• Classe énergétique A+

Caractéristiques
Type de produit : Réfrigérateur combiné
Capacité totale : 262 Litres
Volume réfrigérateur : 187 Litres
Volume congélateur : 75 Litres
Nombre de tiroirs : 3
Classe énergétique : A+
Couleur : Vert/miroir
Dimensions : 540 x 550 x 1760 mm
Profondeur : 57 cm"
REFAST29-FC298F,Astech,réfrigérateur Astech combine 4tiroirs avec fontaine gris fc298fosg,froid,Réfrigérateurs,218000,frigo,jour,4 tiroirs,Couleur: Gris | Garantie: 12 mois,images/REFAST29-FC298F-1.png,images/REFAST29-FC298F-1.png;images/REFAST29-FC298F-2.png;images/REFAST29-FC298F-3.png,oui,"Ce réfrigérateur combiné Astech de couleur grise comprend quatre tiroirs et une fontaine. Il s'intègre facilement dans la cuisine.

Points forts
• Quatre tiroirs de rangement
• Fontaine intégrée
• Classe énergétique A+

Caractéristiques
Type de produit : Réfrigérateur combiné
Nombre de tiroirs : 4
Classe énergétique : A+
Couleur : Gris
Hauteur : 1 m 72
Largeur : 54 cm
Profondeur : 55 cm"
REFAST38-FC388G,Astech,réfrigérateur Astech combine 4tiroirs gm blanc fc388golve,froid,Réfrigérateurs,327000,frigo,jour,4 tiroirs,Couleur: Blanc | Garantie: 12 mois,images/REFAST38-FC388G-1.jpg,images/REFAST38-FC388G-1.jpg;images/REFAST38-FC388G-2.jpg,oui,"Ce réfrigérateur combiné blanc de marque Astech propose quatre tiroirs et deux portes. D'une capacité de 288 litres, il répond aux besoins de stockage du quotidien.

Points forts
• Capacité de 288 litres
• Quatre tiroirs de rangement
• Classe énergétique A+

Caractéristiques
Type de produit : Réfrigérateur combiné
Capacité : 288 Litres
Nombre de tiroirs : 4
Nombre de portes : 2
Classe énergétique : A+
Couleur : Blanc
Hauteur : 180 cm
Largeur : 66 cm
Profondeur : 60 cm"
REFAST28-FC280V,Astech,réfrigérateur Astech combine 4tiroirs gris fc280dt/ps,froid,Réfrigérateurs,203800,frigo,jour,4 tiroirs,Couleur: Gris | Garantie: 12 mois,images/REFAST28-FC280V-1.png,images/REFAST28-FC280V-1.png;images/REFAST28-FC280V-2.png;images/REFAST28-FC280V-3.png;images/REFAST28-FC280V-4.png,oui,"Ce réfrigérateur combiné Astech à pose libre dispose d'une capacité de 260 litres répartie sur deux portes et quatre tiroirs.

Points forts
• Capacité de 260 litres
• Quatre tiroirs de rangement
• Classe énergétique A+

Caractéristiques
Type de pose : Pose libre
Capacité : 260 Litres
Nombre de tiroirs : 4
Nombre de portes : 2
Classe énergétique : A+
Tension : 220-240 V
Fréquence : 50 Hz
Couleur : Gris
Hauteur : 1 m 78
Largeur : 55 cm
Profondeur : 58 cm"
REFAST37-FC370I,Astech,réfrigérateur Astech combine 4tiroirs No Frost Inox fc370inoog,froid,Réfrigérateurs,287000,frigo,jour,4 tiroirs,Couleur: Inox | Garantie: 12 mois,images/REFAST37-FC370I-1.jpg,images/REFAST37-FC370I-1.jpg,oui,"Ce réfrigérateur combiné Astech en inox intègre la technologie No Frost ainsi qu'un aménagement pratique avec rangement pour bouteilles et lumière.

Points forts
• Technologie No Frost pour éviter le givre
• Capacité totale de 308 litres
• Rangement de bouteilles et lumière intégrée
• Classe énergétique A+

Caractéristiques
Type de produit : Réfrigérateur combiné
Capacité totale : 308 Litres
Capacité réfrigération : 197 litres
Capacité congélation : 111 litres
Nombre de tiroirs : 4
Classe énergétique : A+
Matière : Inoxydable
Couleur : Inox
Hauteur : 1 m 85
Largeur : 60 cm
Profondeur : 63 cm"
REFAST38-FC387B,Astech,réfrigérateur Astech combine 4tiroirs noir gm fc387blkve,froid,Réfrigérateurs,327000,frigo,jour,4 tiroirs,Couleur: Noir | Garantie: 12 mois,images/REFAST38-FC387B-1.png,images/REFAST38-FC387B-1.png;images/REFAST38-FC387B-2.png;images/REFAST38-FC387B-3.png;images/REFAST38-FC387B-4.png;images/REFAST38-FC387B-5.png,oui,"Ce réfrigérateur combiné Astech de 288 litres dispose de 4 tiroirs pour organiser le stockage de vos aliments. Il convient pour un usage domestique quotidien.

Points forts
• Capacité totale de 288 litres
• Classe énergétique A+
• 4 tiroirs de rangement
• Coloris noir

Caractéristiques
Type de réfrigérateur : Combiné
Classe énergétique : A+
Capacité : 288 Litres
Dimensions : 180 x 66 x 60 cm
Couleur : Noir
Nombre de tiroirs : 4
Nombre de portes : 2"
REFAST5T-FC295P,Astech,réfrigérateur Astech combine 5tiroirs gris fc295ps,froid,Réfrigérateurs,247000,frigo,jour,5 tiroirs,Couleur: Gris | Garantie: 12 mois,images/REFAST5T-FC295P-1.png,images/REFAST5T-FC295P-1.png;images/REFAST5T-FC295P-2.png;images/REFAST5T-FC295P-3.png,oui,"Ce réfrigérateur Astech combiné de coloris gris dispose de 5 tiroirs pour stocker vos provisions au quotidien.

Points forts
• Modèle combiné à 5 tiroirs
• Coloris gris

Caractéristiques
Couleur : Gris"
REFAST35-RE358B,Astech,réfrigérateur Astech encastrable 3tiroirs re358biha,froid,Réfrigérateurs,277000,frigo,jour,3 tiroirs,Type: Encastrable | Garantie: 12 mois,images/REFAST35-RE358B-1.jpg,images/REFAST35-RE358B-1.jpg;images/REFAST35-RE358B-2.png,oui,"Ce réfrigérateur encastrable Astech est équipé de 3 tiroirs et de commandes de température réglables. Il s'intègre facilement dans votre cuisine.

Points forts
• Design encastrable
• 3 tiroirs de rangement
• Commandes de température réglables
• Système de refroidissement efficace

Caractéristiques
Type : Encastrable
Référence : RE358BI-HA
Couleur : Blanc
Dimensions : 54 x 54 x 177,7 cm
Poids : 53 kg"
REFAST50-FB50N0,Astech,réfrigérateur Astech mini bar gris fb50hd/LG,froid,Réfrigérateurs,95000,frigo,jour,,Couleur: Gris | Garantie: 12 mois,images/REFAST50-FB50N0-1.jpg,images/REFAST50-FB50N0-1.jpg;images/REFAST50-FB50N0-2.png,oui,"Ce mini bar Astech d'une capacité de 70 litres est idéal pour conserver vos boissons et petits encas dans un espace restreint.

Points forts
• Capacité de 70 litres
• Classe énergétique A+
• Format compact 1 porte
• Poids léger de 15 kg

Caractéristiques
Type de produit : Mini Bar
Classe énergétique : A+
Poids : 15 kg
Nombre de portes : 1 porte
Capacité : 70 Litres
Dimensions : 44 x 51 x 47 cm"
REFAST69-FSS690,Astech,réfrigérateur Astech side by side 2portes fss690tdda,froid,Réfrigérateurs,584000,frigo,jour,,Garantie: 12 mois,images/REFAST69-FSS690-1.png,images/REFAST69-FSS690-1.png;images/REFAST69-FSS690-2.png,oui,"Ce réfrigérateur side by side Astech à 2 portes offre un grand volume de stockage pour vos aliments.

Points forts
• Modèle side by side à 2 portes"
REFAST50-FSS500,Astech,réfrigérateur Astech side by side 2portes gris fss5000ddog,froid,Réfrigérateurs,412000,frigo,jour,,Couleur: Gris | Garantie: 12 mois,images/REFAST50-FSS500-1.jpg,images/REFAST50-FSS500-1.jpg;images/REFAST50-FSS500-2.jpg,oui,"Ce réfrigérateur side by side Astech de 515 litres offre un grand espace de rangement avec ses deux portes. Il convient pour les foyers ayant besoin de volume.

Points forts
• Capacité totale nette de 515 litres
• Classe énergétique A+
• Configuration côte à côte à 2 portes

Caractéristiques
Type de réfrigérateur : Side by side
Nombre de portes : 2 portes
Classe énergétique : A+
Consommation électrique : 409 kWh/an
Dimensions : 18,6 x 6 x 6,3 cm
Poids : 76 kg
Voltage / Fréquence : 220-240V/50Hz
Capacité totale net : 515 litres
Couleur : Gris"
REFAST66-FSS660,Astech,réfrigérateur Astech side by side 2portes inverter + glacon avec fontaine gm fss6600ddda,froid,Réfrigérateurs,712000,frigo,jour,,Type: Inverter | Garantie: 12 mois,images/REFAST66-FSS660-1.jpg,images/REFAST66-FSS660-1.jpg;images/REFAST66-FSS660-2.png;images/REFAST66-FSS660-3.png,oui,"Le réfrigérateur Astech side by side 2 portes est équipé d'un système inverter et d'une fonction glaçon avec fontaine. Il convient pour un usage domestique quotidien.

Points forts
• Technologie Inverter intégrée
• Fonction glaçon et fontaine
• Configuration side by side 2 portes

Caractéristiques
Type : Inverter"
REFAST57-FSS579,Astech,réfrigérateur Astech side by side 4portes avec dist d'eau gris fss579fdam,froid,Réfrigérateurs,497000,frigo,jour,,Couleur: Gris | Garantie: 12 mois,images/REFAST57-FSS579-1.jpg,images/REFAST57-FSS579-1.jpg;images/REFAST57-FSS579-2.jpg,oui,"Ce réfrigérateur Astech side by side à 4 portes dispose d'une fontaine à eau et d'un grand volume de stockage. Il trouve sa place dans les cuisines familiales.

Points forts
• Capacité totale effective de 579 litres
• Système de refroidissement Total sans givre
• Fontaine à eau intégrée
• Portes en métal de couleur gris

Caractéristiques
Classe : Inverter / No frost
Fontaine : Oui
Dimensions : Long 1m80 / Large 79cm / Profondeur 73cm
Capacité totale effective : 579 L
Capacité effective du réfrigérateur : 328 L
Capacité effective du congélateur : 203 L
Matériau de la porte : Métal
Classe climatique : SN/N/ST/T
Classement par étoiles : 4
Type de refroidissement : Total sans givre
Lampe intérieure : Oui
Puissance de la lampe : 3 W
Jambe réglable : Oui
Poignée : Poignée encastrée
Serrure/Clé : Non
Couleur : Gris
Réfrigérant : R600a"
REFAST67-FSS673,Astech,réfrigérateur Astech side by side 4portes No Frost gris fss673fdin,froid,Réfrigérateurs,572000,frigo,jour,,Couleur: Gris | Garantie: 12 mois,images/REFAST67-FSS673-1.jpg,images/REFAST67-FSS673-1.jpg;images/REFAST67-FSS673-2.png,oui,"Le réfrigérateur Astech 4 portes est doté d'un contrôle digital et d'un compresseur inverter. Il offre une grande capacité pour stocker les aliments.

Points forts
• Contrôle digital intégré
• Capacité totale de 601 litres
• Compresseur inverter et classe énergétique A++
• Technologie No frost

Caractéristiques
Type de produit : Réfrigérateur side by side 4 portes avec contrôle digital
Classe énergétique : A++
Type de froid : No frost
Compresseur : Inverter
Total capacité : 601 litres
Couleur : Gris
Hauteur : 1m76
Largeur : 91cm
Profondeur : 74cm"
REFAST74-FV740D,Astech,réfrigérateur Astech vitrine 2portes 740 litres fv740ddgr,froid,Réfrigérateurs,662000,frigo,jour,740 L,Capacité: 740 L | Garantie: 12 mois,images/REFAST74-FV740D-1.png,images/REFAST74-FV740D-1.png,oui,"Ce réfrigérateur vitrine Astech à 2 portes est conçu pour la conservation et la présentation des boissons ou produits. Il convient pour un usage commercial.

Points forts
• Capacité de 700 litres
• Porte vitrée avec verrouillage
• Température réglable de 0 à 12 C
• Dégivrage automatique

Caractéristiques
Nombre de portes : 2
Classe climatique : T
Capacité : 700 litres
Éclairage : Oui
Température réglable : Oui
Pieds : Vis réglables
Poids : 110/120 kg
Dimensions : 1000 x 590 x 1970 mm
Plage de température : 0-12 C
Dégivrage : Automatic
Tension / Fréquence : 220 V / 50 Hz
Gaz réfrigérant : R134a
Porte : Vitre
Verrouillage : Oui
Ventilateur interne : Oui"
REFBEK1P-RLNE45,Beko,réfrigérateur Beko 1porte 450 litres No Frost gris rlne451xb,froid,Réfrigérateurs,419300,frigo,jour,450 L,Capacité: 450 L | Couleur: Gris | Garantie: 12 mois,images/REFBEK1P-RLNE45-1.jpg,images/REFBEK1P-RLNE45-1.jpg;images/REFBEK1P-RLNE45-2.png,oui,"Le réfrigérateur Beko 1 porte offre un grand volume de stockage avec la technologie No Frost. Il s'intègre facilement dans une cuisine moderne.

Points forts
• Capacité de 450 litres
• Technologie No Frost
• Coloris gris

Caractéristiques
Capacité : 450 L
Couleur : Gris"
REFBEK32-RDS32S,Beko,réfrigérateur Beko 2portes 230 litres gris rdsa32sx,froid,Réfrigérateurs,202000,frigo,jour,230 L,Capacité: 230 L | Couleur: Gris | Garantie: 12 mois,images/REFBEK32-RDS32S-1.jpg,images/REFBEK32-RDS32S-1.jpg;images/REFBEK32-RDS32S-2.png,oui,"Ce réfrigérateur Beko à 2 portes propose une capacité de 230 litres pour conserver les aliments du quotidien. Il convient aux foyers de taille moyenne.

Points forts
• Capacité de 230 litres
• Modèle 2 portes
• Coloris gris

Caractéristiques
Capacité : 230 L
Couleur : Gris"
REFBEK35-RDSA35,Beko,réfrigérateur Beko 2portes 250 litres gris rdsa35s,froid,Réfrigérateurs,112000,frigo,jour,250 L,Capacité: 250 L | Couleur: Gris | Garantie: 12 mois,images/REFBEK35-RDSA35-1.jpg,images/REFBEK35-RDSA35-1.jpg;images/REFBEK35-RDSA35-2.jpg,oui,"Ce réfrigérateur 2 portes Beko d'une capacité de 250 litres offre un espace de stockage pratique pour la conservation de vos aliments au quotidien.

Points forts
• Capacité totale de 250 litres
• Coloris gris
• Modèle 2 portes

Caractéristiques
Capacité : 250 L
Couleur : Gris
Type de produit : 2 portes"
REFBEK30-E30000,Beko,réfrigérateur Beko 2portes 300 litres gris dse30000s,froid,Réfrigérateurs,200000,frigo,jour,300 L,Capacité: 300 L | Couleur: Gris | Garantie: 12 mois,images/REFBEK30-E30000-1.jpg,images/REFBEK30-E30000-1.jpg;images/REFBEK30-E30000-2.jpg;images/REFBEK30-E30000-3.jpg,oui,"Ce réfrigérateur 2 portes Beko propose une capacité de 300 litres avec un système de froid statique et un congélateur en position haute.

Points forts
• Capacité de 300 litres
• Classe d'efficacité énergétique A
• Type de froid statique
• Congélateur en position top

Caractéristiques
Type d'installation : Pose libre
Type de produit : Doubles portes
Classe d'efficacité énergétique : A
Hauteur : 174 cm
Largeur : 59.5 cm
Profondeur : 60 cm
Type de froid : Statique
Position du freezer : Freezer Top
Couleur : New Silver
Capacité : 300 L"
REFBEK43-DSA43S,Beko,réfrigérateur Beko 2portes 306 litres gris dsa43s,froid,Réfrigérateurs,299000,frigo,jour,306 L,Capacité: 306 L | Couleur: Gris | Garantie: 12 mois,images/REFBEK43-DSA43S-1.png,images/REFBEK43-DSA43S-1.png;images/REFBEK43-DSA43S-2.jpg,oui,"Ce réfrigérateur 2 portes Beko offre un volume total de 306 litres pour conserver vos denrées alimentaires.

Points forts
• Volume total de 306 litres
• Classe énergétique A+
• Coloris gris

Caractéristiques
Type de produit : Réfrigérateur 2 portes
Volume total : 306 L
Classe énergétique : A+
Hauteur : 175 cm
Largeur : 59.5 cm
Profondeur : 59.2 cm
Couleur : Gris
Capacité : 306 L"
REFBEK55-RDN55X,Beko,réfrigérateur Beko 2portes 550 litres No Frost Inox rdne55s,froid,Réfrigérateurs,442000,frigo,jour,550 L,Capacité: 550 L | Couleur: Inox | Garantie: 12 mois,images/REFBEK55-RDN55X-1.jpg,images/REFBEK55-RDN55X-1.jpg;images/REFBEK55-RDN55X-2.jpg;images/REFBEK55-RDN55X-3.jpg,oui,"Ce réfrigérateur 2 portes Beko dispose d'une capacité de 550 litres et d'un système de froid NoFrost pour un usage pratique au quotidien.

Points forts
• Capacité de 550 litres
• Technologie de froid NoFrost
• Compresseur Inverter
• Classe énergétique A+

Caractéristiques
Type de produit : Double portes
Capacité : 550 L
Classe d'efficacité énergétique : A+
Type de froid : NoFrost
Hauteur : 185 cm
Largeur : 70 cm
Profondeur : 65.5 cm
Classe climatique : SN-T
Tension : 220 – 240 V
Fréquence : 50 Hz
Couleur : Inox
Niveau sonore : 42 dBA"
REFBEK550-RDSG55,Beko,réfrigérateur Beko 2portes 550 litres rdsg550m20xbr,froid,Réfrigérateurs,442000,frigo,jour,550 L,Capacité: 550 L | Garantie: 12 mois,images/REFBEK550-RDSG55-1.png,images/REFBEK550-RDSG55-1.png;images/REFBEK550-RDSG55-2.png;images/REFBEK550-RDSG55-3.png,oui,"Ce réfrigérateur Beko propose une capacité nette totale de 550 litres avec un congélateur en position haute et un éclairage LED intérieur.

Points forts
• Capacité nette totale de 550 L
• Éclairage intérieur LED
• Clayettes en verre trempé
• Niveau sonore de 41 dB

Caractéristiques
Capacité nette totale : 550 L
Capacité nette réfrigérateur : 323 L
Capacité nette congélateur : 115 L
Classe énergétique : A+
Réfrigérant : R600a
Classe climatique : SN-T
Position du congélateur : En haut
Dimensions (H × L × P) : 172 × 70 × 66,5 cm
Type de froid : Statique
Niveau sonore : 41 dB
Couleur : Inox"
REFBEK66-B3RDNE,Beko,réfrigérateur Beko 2portes 590 litres inverter No Frost a++ gris b3rcne66hxb05,froid,Réfrigérateurs,627950,frigo,jour,590 L,Type: Inverter | Capacité: 590 L | Couleur: Gris | Garantie: 12 mois,images/REFBEK66-B3RDNE-1.png,images/REFBEK66-B3RDNE-1.png;images/REFBEK66-B3RDNE-2.jpg;images/REFBEK66-B3RDNE-3.jpg;images/REFBEK66-B3RDNE-4.jpg;images/REFBEK66-B3RDNE-5.jpg,oui,"Ce grand réfrigérateur 2 portes Beko de 590 litres intègre un affichage tactile et la technologie NoFrost pour la conservation des aliments.

Points forts
• Capacité de 590 litres
• Classe énergétique A++
• Type de froid NoFrost
• Affichage tactile

Caractéristiques
Type d'installation : Pose libre
Type de produit : Double portes
Classe d'efficacité énergétique : A++
Hauteur : 186 cm
Largeur : 78 cm
Profondeur : 75 cm
Type de froid : NoFrost
Position du freezer : Freezer Top
Type d'affichage : Tactile (Membrane)
Couleur : Gris
Capacité : 590 L"
REFBEKO2P-RDSA2,Beko,réfrigérateur Beko 2portes blanc rdsa240k20wn,froid,Réfrigérateurs,216500,frigo,jour,,Couleur: Blanc | Garantie: 12 mois,images/REFBEKO2P-RDSA2-1.jpg,images/REFBEKO2P-RDSA2-1.jpg,oui,"Ce réfrigérateur Beko double porte de couleur blanche est équipé d'un congélateur situé en haut. Il convient pour la conservation de vos aliments au quotidien.

Points forts
• Capacité de 223 litres
• Congélateur en haut
• Niveau sonore de 38 dB

Caractéristiques
Type de produit : Double porte
Couleur : Blanc
Capacité : 223 Litres
Classe climatique : SN-ST
Tension : 220 – 240V
Fréquence : 50 Hz
Hauteur : 146,5 cm
Longueur : 54 cm
Profondeur : 57,4 cm
Capacité de congélation : 2.1 kg/jour
Poids : 44 kg
Configuration : Congélateur en haut
Type d'installation : Autonome
Classe d'efficacité énergétique : F
Niveau sonore : 38 dB"
REFBEK49-RDNE49,Beko,réfrigérateur Beko 2portes No Frost gris rdne49x,froid,Réfrigérateurs,371150,frigo,jour,,Couleur: Gris | Garantie: 12 mois,images/REFBEK49-RDNE49-1.jpg,images/REFBEK49-RDNE49-1.jpg;images/REFBEK49-RDNE49-2.jpg,oui,"Ce réfrigérateur Beko gris dispose d'un système de refroidissement No Frost et d'une alarme de porte ouverte. Il offre un volume total brut de 490 litres.

Points forts
• Volume brut total de 490 litres
• Système de refroidissement No Frost
• Alarme de porte ouverte intégrée

Caractéristiques
Couleur : Gris
Type de refroidissement : No Frost
Classe d'efficacité énergétique : A+
Hauteur : 172 cm
Largeur : 70 cm
Profondeur : 65,5 cm
Poids : 64 kg
Catégorie climatique : SN-T
Volume brut total : 490 Litres
Volume net total : 367 Litres
Volume net du congélateur : 93 Litres
Volume net du réfrigérateur : 274 Litres
Niveau sonore : 43 dBA"
REFBEK66-B5RCNE,Beko,réfrigérateur Beko combine 2tiroirs 660 litres inverter No Frost a++ gris b5rcne66hxb,froid,Réfrigérateurs,751900,frigo,jour,660 L,Type: Inverter | Capacité: 660 L | Couleur: Gris | Garantie: 12 mois,images/REFBEK66-B5RCNE-1.png,images/REFBEK66-B5RCNE-1.png;images/REFBEK66-B5RCNE-2.png;images/REFBEK66-B5RCNE-3.png;images/REFBEK66-B5RCNE-4.png;images/REFBEK66-B5RCNE-5.png,oui,"Ce réfrigérateur combiné Beko de couleur grise intègre un compresseur ProSmart Inverter et un système de froid No Frost. Il propose une grande capacité de 660 litres.

Points forts
• Capacité de 660 litres
• Technologie de froid No Frost
• Compresseur ProSmart Inverter

Caractéristiques
Classe d'efficacité énergétique : A++
Type d'installation : Pose libre
Type de produit : Combiné
Hauteur : 187 cm
Largeur : 78 cm
Profondeur : 76 cm
Type de froid : NoFrost
Position du congélateur : En bas
Couleur : Gris"
REFRIGERATEUR-BEKO-COMBINE-3T-AVEC-DIST-DEAU-GRIS-RCNE560E40DSN,Beko,réfrigérateur Beko combine 3t avec dist d'eau gris rcne560e40dsn,froid,Réfrigérateurs,465300,frigo,jour,,Couleur: Gris | Garantie: 12 mois,images/REFRIGERATEUR-BEKO-COMBINE-3T-AVEC-DIST-DEAU-GRIS-RCNE560E40DSN-1.jpg,images/REFRIGERATEUR-BEKO-COMBINE-3T-AVEC-DIST-DEAU-GRIS-RCNE560E40DSN-1.jpg;images/REFRIGERATEUR-BEKO-COMBINE-3T-AVEC-DIST-DEAU-GRIS-RCNE560E40DSN-2.jpg;images/REFRIGERATEUR-BEKO-COMBINE-3T-AVEC-DIST-DEAU-GRIS-RCNE560E40DSN-3.jpg;images/REFRIGERATEUR-BEKO-COMBINE-3T-AVEC-DIST-DEAU-GRIS-RCNE560E40DSN-4.jpg;images/REFRIGERATEUR-BEKO-COMBINE-3T-AVEC-DIST-DEAU-GRIS-RCNE560E40DSN-5.jpg,oui,"Ce réfrigérateur combiné gris est doté d'un congélateur en bas et d'un distributeur d'eau à chargement manuel SlimTank. Il est équipé d'un affichage LED et d'un contrôle électronique.

Points forts
• Distributeur d'eau à chargement manuel SlimTank
• Affichage LED avec contrôle électronique
• Poignée intégrée

Caractéristiques
Type : Combiné avec congélateur en bas
Distributeur d'eau : SlimTank
Affichage : LED
Contrôle : Électronique
Classe climatique : SN-T
Tension : 220 – 240V
Fréquence : 50Hz
Hauteur : 192 cm
Longueur : 70 cm
Profondeur : 74,5 cm
Poids : 87 kg
Installation : Libre
Poignée : Intégrée
Couleur : Gris"
REFBEK3T-344HXB,Beko,réfrigérateur Beko combine 3tiroirs 344 litres No Frost gris b3rcna344hxb,froid,Réfrigérateurs,982000,frigo,jour,344 L,Capacité: 344 L | Couleur: Gris | Garantie: 12 mois,images/REFBEK3T-344HXB-1.jpg,images/REFBEK3T-344HXB-1.jpg;images/REFBEK3T-344HXB-2.png;images/REFBEK3T-344HXB-3.png;images/REFBEK3T-344HXB-4.png,oui,"Ce réfrigérateur combiné Beko de couleur grise offre une capacité de 344 litres avec trois tiroirs. Il convient pour le stockage de vos denrées alimentaires.

Points forts
• Capacité de 344 litres
• Modèle 3 tiroirs
• Coloris gris

Caractéristiques
Capacité : 344 L
Couleur : Gris
Type : Combiné 3 tiroirs"
REFBEK3T-400HSX,Beko,réfrigérateur Beko combine 3tiroirs 400 litres No Frost gris b3rcna400hsx,froid,Réfrigérateurs,392000,frigo,jour,400 L,Capacité: 400 L | Couleur: Gris | Garantie: 12 mois,images/REFBEK3T-400HSX-1.png,images/REFBEK3T-400HSX-1.png;images/REFBEK3T-400HSX-2.png;images/REFBEK3T-400HSX-3.png;images/REFBEK3T-400HSX-4.png;images/REFBEK3T-400HSX-5.png,oui,"Ce réfrigérateur combiné gris propose une capacité de 400 litres avec un système de froid No Frost. Il dispose d'un affichage tactile et d'un bac à légumes.

Points forts
• Capacité de 400 litres
• Refroidissement No Frost
• Affichage tactile

Caractéristiques
Classe d'efficacité énergétique : A++
Type de froid : NoFrost
Tension : 220 – 240 V
Fréquence : 50 Hz
Type d'affichage : Tactile
Hauteur : 179,6 cm
Largeur : 59,5 cm
Profondeur : 66,5 cm
Nombre de bacs à légumes : 1
Capacité de la boîte à œufs : 6"
REFBEK3T-300K30,Beko,réfrigérateur Beko combine 3tiroirs 407 litres No Frost b7rcna407zxbr,froid,Réfrigérateurs,392000,frigo,jour,407 L,Capacité: 407 L | Garantie: 12 mois,images/REFBEK3T-300K30-1.png,images/REFBEK3T-300K30-1.png;images/REFBEK3T-300K30-2.png;images/REFBEK3T-300K30-3.png,oui,"Ce réfrigérateur combiné Beko de 407 litres dispose d'un système No Frost et de technologies de fraîcheur. Il convient parfaitement pour un usage domestique et familial.

Points forts
• Capacité totale de 407 L
• Technologie de froid No Frost
• Technologies fraîcheur HarvestFresh et EverFresh+
• Finition Inox anti-traces avec éclairage LED

Caractéristiques
Capacité totale : 407 L
Technologie froid : No Frost
Classe énergétique : A++
Classe climatique : SN-T
Dimensions (L x H x P) : 59.5 x 203.5 x 66.3 cm
Finition : Inox anti-traces"
REFBEK3T-RCNE40,Beko,réfrigérateur Beko combine 3tiroirs 460 litres No Frost gris b5rcne406hxb,froid,Réfrigérateurs,306000,frigo,jour,460 L,Capacité: 460 L | Couleur: Gris | Garantie: 12 mois,images/REFBEK3T-RCNE40-1.jpg,images/REFBEK3T-RCNE40-1.jpg;images/REFBEK3T-RCNE40-2.jpg,oui,"Ce réfrigérateur combiné Beko offre une capacité de 460 litres avec trois tiroirs pour organiser vos aliments.

Points forts
• Capacité de 460 L
• Coloris gris

Caractéristiques
Capacité : 460 L
Couleur : Gris"
REFBEK3T-B3RCNE,Beko,réfrigérateur Beko combine 3tiroirs 590 litres No Frost a+ Inox b3rcne590hxb,froid,Réfrigérateurs,435800,frigo,jour,590 L,Capacité: 590 L | Couleur: Inox | Garantie: 12 mois,images/REFBEK3T-B3RCNE-1.png,images/REFBEK3T-B3RCNE-1.png;images/REFBEK3T-B3RCNE-2.png,oui,"Ce réfrigérateur combiné Beko d'une grande capacité de 590 litres est doté d'un système No Frost et d'une finition en inox.

Points forts
• Capacité de 590 L
• Technologie No Frost
• Finition en inox

Caractéristiques
Capacité : 590 L
Technologie froid : No Frost
Classe énergétique : A+
Couleur : Inox"
REFBEK40-RCNE73,Beko,réfrigérateur Beko combine 3tiroirs 730 litres inverter No Frost gris rcne730e40,froid,Réfrigérateurs,716900,frigo,jour,730 L,Type: Inverter | Capacité: 730 L | Couleur: Gris | Garantie: 12 mois,images/REFBEK40-RCNE73-1.png,images/REFBEK40-RCNE73-1.png;images/REFBEK40-RCNE73-2.png;images/REFBEK40-RCNE73-3.png;images/REFBEK40-RCNE73-4.png;images/REFBEK40-RCNE73-5.png,oui,"Ce réfrigérateur combiné Beko de 730 litres intègre un compresseur Inverter et la technologie No Frost pour conserver vos provisions.

Points forts
• Volume important de 730 L
• Classe énergétique A++
• Technologie Inverter

Caractéristiques
Volume : 730 Litres
Classe énergétique : A++
Poids : 76 kg
Dimensions (H x L x P) : 202.5 x 59.5 x 67 cm
Type : Inverter
Couleur : Gris"
REFBEK3T-RCNA42,Beko,réfrigérateur Beko combine 3tiroirs neo frost a++ gris rcna420sx,froid,Réfrigérateurs,372000,frigo,jour,3 tiroirs,Couleur: Gris | Garantie: 12 mois,images/REFBEK3T-RCNA42-1.jpg,images/REFBEK3T-RCNA42-1.jpg;images/REFBEK3T-RCNA42-2.jpg,oui,"Ce réfrigérateur combiné Beko de 366 litres bruts utilise le froid NeoFrost et dispose d'un compartiment à zéro degré pour vos denrées.

Points forts
• Volume brut total de 366 L
• Technologie de froid NeoFrost
• Classe énergétique A++
• Capacité de congélation de 6 kg par jour

Caractéristiques
Classe d'efficacité énergétique : A++
Type de produit : Combinés
Hauteur : 185.2 cm
Largeur : 59.5 cm
Profondeur : 67 cm
Capacité de congélation par jour : 6 kg
Type de froid : NeoFrost
Classe climatique : SN-T
Volume brut total : 366 L
Volume net total : 324 L
Volume net du réfrigérateur : 215 L
Volume net du congélateur : 109 L
Zero Degree Compartment Net Volume : 30 L
Tension : 220 – 240 V
Fréquence : 50 Hz
Couleur : Gris"
REFBEK44-B3RCHE,Beko,réfrigérateur Beko combine 3tiroirs semi No Frost gris b3rche440hs,froid,Réfrigérateurs,297000,frigo,jour,3 tiroirs,Couleur: Gris | Garantie: 12 mois,images/REFBEK44-B3RCHE-1.png,images/REFBEK44-B3RCHE-1.png;images/REFBEK44-B3RCHE-2.png,oui,"Ce réfrigérateur combiné Beko propose un agencement à trois tiroirs avec un système semi No Frost.

Points forts
• Agencement combiné 3 tiroirs
• Coloris gris

Caractéristiques
Couleur : Gris"
REFBEK14-DS1400,Beko,réfrigérateur Beko combine 4tiroirs avec fontaine gris ch140020sx,froid,Réfrigérateurs,430000,frigo,jour,4 tiroirs,Couleur: Gris | Garantie: 12 mois,images/REFBEK14-DS1400-1.jpg,images/REFBEK14-DS1400-1.jpg;images/REFBEK14-DS1400-2.jpg;images/REFBEK14-DS1400-3.jpg,oui,"Ce réfrigérateur combiné Beko dispose d'une capacité totale de 340 litres et intègre une fontaine. Il convient pour la conservation des aliments au quotidien.

Points forts
• Capacité nette totale de 340 litres
• Capacité nette du congélateur de 222 litres
• Classe d'efficacité énergétique A+
• Fonction anti-bactérienne intégrée

Caractéristiques
Couleur : Gris
Capacité nette totale : 340 litres
Capacité brute totale : 400 litres
Capacité nette congélateur : 222 litres
Classe d'efficacité énergétique : A+
Largeur : 70 cm
Profondeur : 69 cm
Hauteur : 191 cm
Consommation annuelle d'énergie : 348 kWh
Fonction anti-bactérienne : Oui"
REFBEK31-BSSA31,Beko,réfrigérateur Beko encastrable 1porte 320 litres No Frost blanc bssa315k3sn,froid,Réfrigérateurs,391900,frigo,jour,320 L,Type: Encastrable | Capacité: 320 L | Couleur: Blanc | Garantie: 12 mois,images/REFBEK31-BSSA31-3.png,images/REFBEK31-BSSA31-3.png;images/REFBEK31-BSSA31-1.jpg;images/REFBEK31-BSSA31-2.png;images/REFBEK31-BSSA31-4.png,oui,"Ce réfrigérateur encastrable Beko à 1 porte offre une capacité de 320 litres avec le système No Frost. Il s'intègre facilement dans votre cuisine.

Points forts
• Type encastrable
• Capacité de 320 litres
• Technologie No Frost

Caractéristiques
Type : Encastrable
Capacité : 320 L
Couleur : Blanc"
REFBEK16-16402B,Beko,réfrigérateur Beko side by side 2portes 640 litres a++ noir gn164020gb,froid,Réfrigérateurs,850000,frigo,jour,640 L,Capacité: 640 L | Couleur: Noir | Garantie: 12 mois,images/REFBEK16-16402B-1.webp,images/REFBEK16-16402B-1.webp;images/REFBEK16-16402B-2.webp;images/REFBEK16-16402B-3.webp,oui,"Ce réfrigérateur side by side Beko propose un grand volume de 640 litres avec un design noir. Il est équipé du froid NoFrost et de technologies de conservation.

Points forts
• Volume brut total de 640 litres
• Technologie de froid NoFrost
• Compartiment EverFresh+ pour fruits et légumes
• Technologie d'éclairage HarvestFresh
• Compresseur ProSmart Inverter

Caractéristiques
Capacité : 640 L
Couleur : Noir
Classe d'efficacité énergétique : A++
Hauteur : 179 cm
Largeur : 91 cm
Profondeur : 70.5 cm
Volume brut total : 640 L
Volume net total : 558 L
Volume net du réfrigérateur : 368 L
Volume net du congélateur : 190 L
Type de froid : NoFrost"
REFCAC11-CAC110,Cac,réfrigérateur cac 2portes 110 litres gris cac110,froid,Réfrigérateurs,116900,frigo,jour,110 L,Capacité: 110 L | Couleur: Gris | Garantie: 12 mois,images/REFCAC11-CAC110-1.jpg,images/REFCAC11-CAC110-1.jpg;images/REFCAC11-CAC110-2.png;images/REFCAC11-CAC110-3.png,oui,"Ce réfrigérateur 2 portes de la marque Cac dispose d'une capacité de 110 litres et d'une finition grise pour un usage quotidien.

Points forts
• Capacité de 110 litres
• Format 2 portes

Caractéristiques
Capacité : 110 L
Couleur : Gris"
REFCAC16-CAC160,Cac,réfrigérateur cac combine 2tiroirs 120 litres cac160,froid,Réfrigérateurs,141700,frigo,jour,120 L,Capacité: 120 L | Garantie: 12 mois,images/REFCAC16-CAC160-1.jpg,images/REFCAC16-CAC160-1.jpg;images/REFCAC16-CAC160-2.jpg,oui,"Ce réfrigérateur combiné Cac à 2 tiroirs offre une capacité de 120 litres. Il convient pour les espaces réduits nécessitant un stockage organisé.

Points forts
• Volume total de 120 litres
• 2 étagères de rangement
• Classe climatique T

Caractéristiques
Capacité : 120 L
Nombre d'étagères : 2
Dimensions : 49,4 x 46,4 x 130 cm
Classe climatique : T
Tension : 220 – 240 V 50Hz
Poids : 27 kg"
REFRIGERATEUR-CAC-COMBINE-3TIROIRS-200LITRES-CAC172,Cac,réfrigérateur cac combine 3tiroirs 200 litres cac172,froid,Réfrigérateurs,157000,frigo,jour,200 L,Capacité: 200 L | Garantie: 12 mois,images/REFRIGERATEUR-CAC-COMBINE-3TIROIRS-200LITRES-CAC172-1.jpg,images/REFRIGERATEUR-CAC-COMBINE-3TIROIRS-200LITRES-CAC172-1.jpg;images/REFRIGERATEUR-CAC-COMBINE-3TIROIRS-200LITRES-CAC172-2.jpg,oui,"Ce réfrigérateur combiné Cac est doté de 3 tiroirs et d'une capacité de 200 litres pour vos besoins de conservation.

Points forts
• Capacité de 200 litres
• Modèle combiné à 3 tiroirs

Caractéristiques
Capacité : 200 L
Nombre de tiroirs : 3"
REFCAC250-CAC5T,Cac,réfrigérateur cac combine 5tiroirs 250 litres gris cac5t250r,froid,Réfrigérateurs,225000,frigo,jour,250 L,Capacité: 250 L | Couleur: Gris | Garantie: 12 mois,images/REFCAC250-CAC5T-1.jpg,images/REFCAC250-CAC5T-1.jpg;images/REFCAC250-CAC5T-2.jpg,oui,"Ce réfrigérateur combiné 5 tiroirs d'une capacité de 250 litres vous permet de stocker une grande quantité de produits alimentaires pour vos besoins.

Points forts
• Capacité de 250 L pour le stockage
• Cinq tiroirs de rangement
• Coloris gris

Caractéristiques
Capacité : 250 L
Couleur : Gris
Type : Combiné 5 tiroirs"
REFRIGERATEUR-CAC-COMBINE-5TIROIRS-250L-GRIS-CAC5T,Cac,réfrigérateur cac combine 5tiroirs 250l gris cac5t,froid,Réfrigérateurs,225000,frigo,jour,250 L,Couleur: Gris | Garantie: 12 mois,images/REFRIGERATEUR-CAC-COMBINE-5TIROIRS-250L-GRIS-CAC5T-1.jpg,images/REFRIGERATEUR-CAC-COMBINE-5TIROIRS-250L-GRIS-CAC5T-1.jpg;images/REFRIGERATEUR-CAC-COMBINE-5TIROIRS-250L-GRIS-CAC5T-2.jpg,oui,"Ce réfrigérateur combiné est doté de 5 tiroirs et d'une capacité de 250 litres pour stocker vos produits alimentaires.

Points forts
• Capacité de 250 litres
• Cinq tiroirs intégrés
• Coloris gris

Caractéristiques
Capacité : 250L
Couleur : Gris
Type : Combiné 5 tiroirs"
REFDES97-SD97DK,Deska,réfrigérateur Deska bar 1porte sd97dk,froid,Réfrigérateurs,71000,frigo,jour,,Garantie: 12 mois,images/REFDES97-SD97DK-1.png,images/REFDES97-SD97DK-1.png;images/REFDES97-SD97DK-2.png,oui,"Ce réfrigérateur bar 1 porte de la marque Deska est conçu pour un usage pratique au quotidien.

Points forts
• Poids de 17 kg
• Classe climatique ST/T
• Fluide frigorigène R600a

Caractéristiques
Type de produit : Réfrigérateur bar 1 porte
Dimensions : 45 x 42 x 80 cm
Poids : 17 kg
Courant : 0.6 A
Voltage : 220-240 V
Fréquence : 50 Hz
Classe climatique : ST/T
Fluide frigorigène : R600a"
REFDES11-RF110D,Deska,réfrigérateur Deska bar 2portes noir gris tm110dk,froid,Réfrigérateurs,86000,frigo,jour,,Couleur: Gris | Garantie: 12 mois,images/REFDES11-RF110D-1.jpg,images/REFDES11-RF110D-1.jpg;images/REFDES11-RF110D-2.jpg,oui,"Ce réfrigérateur bar 2 portes propose une capacité brute de 85 litres et une classe énergétique A.

Points forts
• Capacité brute de 85 litres
• Deux portes pour plus de rangement
• Classe énergétique A

Caractéristiques
Type de produit : Réfrigérateur bar 2 portes
Capacité brute : 85 litres
Classe énergétique : A
Dimensions : 42,3 x 41,3 x 98,2 cm
Poids : 17 kg
Couleur : Gris
Modèle : TM-110DK
Voltage : 220-240 V
Fréquence : 50 Hz
Classe climatique : ST/T"
REFDES10-TM103D,Deska,réfrigérateur Deska bar 2portes pm gris tm103dk,froid,Réfrigérateurs,77000,frigo,jour,,Couleur: Gris | Garantie: 12 mois,images/REFDES10-TM103D-1.png,images/REFDES10-TM103D-1.png;images/REFDES10-TM103D-2.png,oui,"Ce réfrigérateur bar 2 portes d'un volume de 75 litres s'intègre facilement dans votre espace.

Points forts
• Volume de 75 litres
• Configuration à 2 portes
• Format compact

Caractéristiques
Type de produit : Réfrigérateur bar 2 portes
Volume : 75 litres
Dimensions : 43 x 41 x 82 cm
Poids : 16 kg
Voltage : 220-240 V
Fréquence : 50 Hz
Classe climatique : ST/T
Fluide frigorigène : R600a"
REFDES16-BF166D,Deska,réfrigérateur Deska combine 2tiroirs pm gris bf166dkg,froid,Réfrigérateurs,92000,frigo,jour,2 tiroirs,Couleur: Gris | Garantie: 12 mois,images/REFDES16-BF166D-1.png,images/REFDES16-BF166D-1.png;images/REFDES16-BF166D-2.jpg,oui,"Ce réfrigérateur combiné 2 tiroirs offre une capacité totale de 166 litres et une classe énergétique A+.

Points forts
• Capacité totale de 166 litres
• Classe énergétique A+
• Poignées ergonomiques intégrées
• Finition en gris métallisé

Caractéristiques
Type de réfrigérateur : Combiné 2 tiroirs
Capacité totale : 166 litres
Classe énergétique : A+
Dimensions : 42 x 42 x 166 cm
Couleur : Gris métallisé
Modèle : BF166DKG"
REFDES23-BF231D,Deska,réfrigérateur Deska combine 3tiroirs bf231dk,froid,Réfrigérateurs,235000,frigo,jour,3 tiroirs,Garantie: 12 mois,images/REFDES23-BF231D-1.png,images/REFDES23-BF231D-1.png;images/REFDES23-BF231D-2.png;images/REFDES23-BF231D-3.png;images/REFDES23-BF231D-4.png;images/REFDES23-BF231D-5.png,oui,"Ce réfrigérateur combiné 3 tiroirs de la marque Deska est conçu pour conserver vos aliments au quotidien.

Points forts
• Modèle combiné avec 3 tiroirs"
REFDES30-BF309D,Deska,réfrigérateur Deska combine 4tiroirs gris bf309dk,froid,Réfrigérateurs,187000,frigo,jour,4 tiroirs,Couleur: Gris | Garantie: 12 mois,images/REFDES30-BF309D-1.jpg,images/REFDES30-BF309D-1.jpg,oui,"Le réfrigérateur combiné 4 tiroirs Deska de couleur gris vous aide à stocker vos denrées alimentaires efficacement.

Points forts
• Classe énergétique A+
• Modèle combiné avec 4 tiroirs
• Coloris gris

Caractéristiques
Classe énergétique : A+
Type : Combiné 4 tiroirs
Couleur : Gris
Dimensions : 54 x 174 x 55 cm"
REFDES33-BF333D,Deska,réfrigérateur Deska combine 5tiroirs gm gris bf333dk,froid,Réfrigérateurs,216500,frigo,jour,5 tiroirs,Couleur: Gris | Garantie: 12 mois,images/REFDES33-BF333D-1.png,images/REFDES33-BF333D-1.png,oui,"Ce réfrigérateur combiné Deska dispose d'un volume total de 251 litres et de 5 tiroirs pour organiser votre conservation.

Points forts
• Volume total de 251L
• Classe énergétique A+
• 5 tiroirs de rangement
• 2 portes

Caractéristiques
Volume total : 251 L
Classe énergétique : A+
Hauteur : 1m 70
Largeur : 55 cm
Profondeur : 58 cm
Couleur : Silver
Nombre de portes : 2
Nombre de tiroirs : 5"
REFDES62-SD62DK,Deska,réfrigérateur Deska mini bar sd62dk,froid,Réfrigérateurs,52000,frigo,jour,,Garantie: 12 mois,images/REFDES62-SD62DK-1.jpg,images/REFDES62-SD62DK-1.jpg,oui,"Ce mini bar Deska de couleur gris-noir est idéal pour stocker vos boissons et petits produits dans les espaces réduits.

Points forts
• Classe énergétique A
• Fluide frigorigène R600a
• Poids léger de 13 kg

Caractéristiques
Classe énergétique : A
Type de climat : ST/T
Tension : 220-240 V
Réfrigérant : R600a
Fréquence : 50 Hz
Couleur : Gris-Noir
Poids : 13 kg"
REFDES64-642SDK,Deska,réfrigérateur Deska side by side 4portes inverter gris sbs642dk,froid,Réfrigérateurs,392000,frigo,jour,,Type: Inverter | Couleur: Gris | Garantie: 12 mois,images/REFDES64-642SDK-1.jpg,images/REFDES64-642SDK-1.jpg,oui,"Le réfrigérateur Side by Side 4 portes Deska offre un grand espace de rangement avec un design gris élégant.

Points forts
• Technologie Inverter
• Classe énergétique A+
• 4 portes
• Grand format

Caractéristiques
Type : Inverter
Classe énergétique : A+
Nombre de portes : 4
Couleur : Gris
Hauteur : 1m 85
Largeur : 83 cm
Profondeur : 62 cm"
REFDES41-RSC413,Deska,réfrigérateur Deska vertical vitrine rsc413dk,froid,Réfrigérateurs,234200,frigo,jour,,Type: Vertical | Garantie: 12 mois,images/REFDES41-RSC413-1.jpg,images/REFDES41-RSC413-1.jpg,oui,"Cette vitrine verticale Deska est équipée d'une porte vitrée pour exposer et conserver vos produits.

Points forts
• Réfrigération verticale
• Porte vitrée
• Classe énergétique A

Caractéristiques
Réfrigérant : R134a
Classe énergétique : A
Type : Vertical
Porte : 1 vitrée"
REFDES51-RSC513,Deska,réfrigérateur Deska vertical vitrine rsc513dk,froid,Réfrigérateurs,287200,frigo,jour,,Type: Vertical | Garantie: 12 mois,images/REFDES51-RSC513-1.jpg,images/REFDES51-RSC513-1.jpg,oui,"Le réfrigérateur vertical Deska dispose d'une porte vitrée et convient pour la conservation de vos produits tout en assurant une visibilité directe.

Points forts
• Type vertical avec une porte vitrée
• Classe énergétique A
• Utilise le réfrigérant R134a

Caractéristiques
Type : Vertical
Porte : 1 vitrée
Classe énergétique : A
Réfrigérant : R134a"
REFELA2P-DF218S,Elactron,réfrigérateur Elactron 2portes gris el156tmdx,froid,Réfrigérateurs,137000,frigo,jour,,Couleur: Gris | Garantie: 12 mois,images/REFELA2P-DF218S-1.jpg,images/REFELA2P-DF218S-1.jpg;images/REFELA2P-DF218S-2.jpg,oui,"Ce réfrigérateur Elactron 2 portes gris est conçu pour conserver vos boissons et vos salades.

Points forts
• Idéal pour conserver les boissons et salades
• Coloris gris
• Dimensions pratiques pour votre espace

Caractéristiques
Couleur : Gris
Longueur : 1M 33
Largeur : 47 cm"
REFELA66-EL66TM,Elactron,réfrigérateur Elactron 2portes No Frost avec fontaine gris el66tmnx,froid,Réfrigérateurs,365800,frigo,jour,,Couleur: Gris | Garantie: 12 mois,images/REFELA66-EL66TM-1.jpg,images/REFELA66-EL66TM-1.jpg;images/REFELA66-EL66TM-2.jpg;images/REFELA66-EL66TM-3.jpg,oui,"Le réfrigérateur Elactron 2 portes gris est doté de la technologie No Frost et d'une grande capacité de 417 litres pour stocker vos aliments.

Points forts
• Capacité totale de 417 litres
• Technologie No Frost pour éviter le givre
• Distributeur à glaçons intégré
• Espace congélateur de 95 litres et réfrigérateur de 322 litres

Caractéristiques
Modèle : EL-66TMNX
Dimensions : 48 x 58 x 137 cm
Volume total : 417 L
Volume congélateur : 95 L
Volume réfrigérateur : 322 L
No frost : Oui
Distributeur à glaçons : Oui
Classe énergétique : A
Nombre de portes : 2
Nombre tiroirs : 3
Couleur : Gris"
REFELA2P-FC283D,Elactron,réfrigérateur Elactron 2portes no frost gm fc283d,froid,Réfrigérateurs,577000,frigo,jour,,Garantie: 12 mois,images/REFELA2P-FC283D-1.png,images/REFELA2P-FC283D-1.png;images/REFELA2P-FC283D-2.png,oui,"Le réfrigérateur Elactron 2 portes No Frost grand modèle est conçu pour répondre à vos besoins de conservation quotidienne.

Points forts
• Modèle 2 portes
• Technologie No Frost

Caractéristiques
Type : Réfrigérateur 2 portes"
REFELA79-EL79TM,Elactron,réfrigérateur Elactron 2portes No Frost gris el79tmnx,froid,Réfrigérateurs,277000,frigo,jour,,Couleur: Gris | Garantie: 12 mois,images/REFELA79-EL79TM-1.jpg,images/REFELA79-EL79TM-1.jpg;images/REFELA79-EL79TM-2.jpg,oui,"Ce réfrigérateur Elactron 2 portes gris intègre la technologie No Frost pour un entretien simplifié et une meilleure conservation des aliments.

Points forts
• Technologie No Frost
• Classe énergétique A+
• Adapté aux tensions de 220V à 240V
• Classe climatique ST

Caractéristiques
Modèle : 2 Portes
Classe climatique : ST
Voltage : 220V – 240V
Fréquence : 50 Hz
No frost : Oui
Classe énergétique : A+
Courant normal : 0.6A
Couleur : Gris"
REFELA2P-FF268N,Elactron,réfrigérateur Elactron 2portes side by side No Frost ff2-68,froid,Réfrigérateurs,552000,frigo,jour,,Garantie: 12 mois,images/REFELA2P-FF268N-1.png,images/REFELA2P-FF268N-1.png;images/REFELA2P-FF268N-2.png,oui,"Le réfrigérateur side by side Elactron offre un grand volume total de 518 litres avec un agencement équilibré entre réfrigérateur et congélateur.

Points forts
• Grande capacité nette de 518 litres
• Technologie No Frost
• Volumes égaux pour le réfrigérateur et le congélateur

Caractéristiques
Référence : FF2-68
Capacité nette : 518 L
Capacité nette réfrigérateur : 259 L
Capacité nette congélateur : 259 L
Classe énergétique : A
Largeur : 91 cm
Profondeur : 67 cm (sans les poignées)
Hauteur : 177 cm"
REFELA17-EL174U,Elactron,réfrigérateur Elactron bar 1porte gm el174upx,froid,Réfrigérateurs,122750,frigo,jour,,Garantie: 12 mois,images/REFELA17-EL174U-1.jpg,images/REFELA17-EL174U-1.jpg;images/REFELA17-EL174U-2.jpg,oui,"Ce réfrigérateur 1 porte Elactron propose un volume de 151 litres et s'intègre facilement dans votre espace pour la conservation de vos aliments.

Points forts
• Volume de 151 L
• Classe énergétique A
• Contrôle électronique de la température avec affichage LED
• Couleur silver

Caractéristiques
Modèle : EL174UPX
Volume : 151 L
Nombre de portes : 1
Classe énergétique : A
Couleur : Silver"
REFELA18-EL184T,Elactron,réfrigérateur Elactron bar 2portes pm el184tmdx,froid,Réfrigérateurs,114000,frigo,jour,,Garantie: 12 mois,images/REFELA18-EL184T-1.jpg,images/REFELA18-EL184T-1.jpg;images/REFELA18-EL184T-2.jpg,oui,"Ce réfrigérateur bar à deux portes dispose d'une capacité de 126 litres pour stocker vos produits au quotidien.

Points forts
• Capacité de 126 litres
• Classe énergétique A
• Puissance d'entrée totale de 100W
• Poids de 29 kg

Caractéristiques
Modèle : 2 Porte
Capacité : 126 litres
Classe énergétique : A
Classe climatique : ST
Voltage : 220V – 240V
Fréquence : 50HZ
Courant normal : 0.6A
Puissance d'entrée totale : 100W
Réfrigérant : R600a(37g)
Poids : 29 kg
Couleur : Silver"
REFELA66-EL66ET,Elactron,réfrigérateur Elactron combine 3tiroirs 417 litres gm inverter gris el66etrf,froid,Réfrigérateurs,349750,frigo,jour,417 L,Type: Inverter | Capacité: 417 L | Couleur: Gris | Garantie: 12 mois,images/REFELA66-EL66ET-1.jpg,images/REFELA66-EL66ET-1.jpg;images/REFELA66-EL66ET-2.jpg;images/REFELA66-EL66ET-3.jpg,oui,"Ce réfrigérateur combiné 3 tiroirs d'une grande capacité de 417 litres est doté de la technologie Inverter.

Points forts
• Capacité de 417 L
• Technologie Inverter
• 2 portes et 3 tiroirs
• Classe énergétique A

Caractéristiques
Type de produit : Réfrigérateur combiné 3 tiroirs
Modèle : EL66ETRF
Capacité : 417 L
Nombre de portes : 2
Nombre de tiroirs : 3
Classe énergétique : A
Couleur : Gris"
REFELA72-EL72CB,Elactron,réfrigérateur Elactron combine 3tiroirs avec fontaine No Frost gris el72cbnwdx,froid,Réfrigérateurs,350000,frigo,jour,3 tiroirs,Couleur: Gris | Garantie: 12 mois,images/REFELA72-EL72CB-1.png,images/REFELA72-EL72CB-1.png;images/REFELA72-EL72CB-2.png;images/REFELA72-EL72CB-3.png;images/REFELA72-EL72CB-4.png,oui,"Ce réfrigérateur combiné vertical à deux portes et trois tiroirs offre un volume total de 347 L avec technologie No Frost.

Points forts
• Volume total de 347 L
• Système No frost
• 3 tiroirs de congélation
• Couleur gris

Caractéristiques
Modèle : EL-72CBNX
Dimensions : 60 x 69 x 194 cm
Volume : 347 L
Volume congélateur : 104 L
Volume réfrigérateur : 243 L
No frost : Oui
Classe énergétique : A+, A++, A+++
Nombre de portes : 2
Nombre de tiroirs : 3
Couleurs : Gris"
REFELA22-DD220S,Elactron,réfrigérateur Elactron combine 3tiroirs gris el152cbdi,froid,Réfrigérateurs,152000,frigo,jour,3 tiroirs,Couleur: Gris | Garantie: 12 mois,images/REFELA22-DD220S-1.jpg,images/REFELA22-DD220S-1.jpg;images/REFELA22-DD220S-2.jpg,oui,"Ce réfrigérateur combiné 3 tiroirs offre une capacité de 140 litres pour un usage quotidien.

Points forts
• Capacité de 140 L
• 2 portes
• Classe énergétique A
• Dimensions compactes

Caractéristiques
Modèle : EL152CBDI
Capacité : 140 L
Nombre de portes : 2 portes
Classe énergétique : A
Dimensions : 480 x 530 x 1450 mm
Couleur : Gris"
REFELA54-EL54CB,Elactron,réfrigérateur Elactron combine 3tiroirs gris el54cbnwdx,froid,Réfrigérateurs,295000,frigo,jour,3 tiroirs,Couleur: Gris | Garantie: 12 mois,images/REFELA54-EL54CB-1.png,images/REFELA54-EL54CB-1.png;images/REFELA54-EL54CB-2.png,oui,"Ce réfrigérateur combiné 3 tiroirs est conçu pour répondre à vos besoins de conservation au quotidien.

Points forts
• Configuration combinée 3 tiroirs
• Couleur gris

Caractéristiques
Couleur : Gris"
REFELA4T-DD233I,Elactron,réfrigérateur Elactron combine 4tiroirs Inox el103cbdi,froid,Réfrigérateurs,207000,frigo,jour,4 tiroirs,Couleur: Inox | Garantie: 12 mois,images/REFELA4T-DD233I-1.jpg,images/REFELA4T-DD233I-1.jpg;images/REFELA4T-DD233I-2.jpg,oui,"Ce réfrigérateur combiné Elactron offre un espace de stockage pratique avec ses quatre tiroirs. Il s'intègre facilement dans votre cuisine grâce à sa finition en acier inoxydable.

Points forts
• Capacité totale de 246 litres
• Quatre tiroirs de rangement
• Finition en acier inoxydable couleur gris
• Classe énergétique A

Caractéristiques
Type de produit : Réfrigérateur combiné
Capacité : 246 litres
Classe énergétique : A
Couleur : Gris
Nombre de tiroirs : 4
Tension : 220-240 V
Fréquence : 50 Hz
Courant : 0,55 A
Niveau sonore : 42 dB
Dimensions : 55 x 57 x 172 cm
Matière : Acier inoxydable"
REFELA69-F269IM,Elactron,réfrigérateur Elactron side by side 2portes avec dist eau et glacon gris el48sbsim,froid,Réfrigérateurs,550000,frigo,jour,,Couleur: Gris | Garantie: 12 mois,images/REFELA69-F269IM-1.jpg,images/REFELA69-F269IM-1.jpg;images/REFELA69-F269IM-2.jpg;images/REFELA69-F269IM-3.png;images/REFELA69-F269IM-4.png;images/REFELA69-F269IM-5.jpg,oui,"Ce réfrigérateur side by side Elactron à deux portes est équipé d'un distributeur d'eau et de glaçons. Il convient pour stocker vos denrées alimentaires au quotidien.

Points forts
• Modèle side by side à 2 portes
• Équipé d'un distributeur d'eau et de glaçons
• Coloris gris

Caractéristiques
Type : Side by side 2 portes
Fonctions : Distributeur d'eau et de glaçons
Couleur : Gris"
REFELA55-EL55SB,Elactron,réfrigérateur Elactron side by side 2portes avec distributeur eau gris el55sbsx,froid,Réfrigérateurs,577000,frigo,jour,,Couleur: Gris | Garantie: 12 mois,images/REFELA55-EL55SB-1.png,images/REFELA55-EL55SB-1.png,oui,"Ce réfrigérateur side by side Elactron à deux portes dispose d'un distributeur d'eau. Il est conçu pour répondre aux besoins de conservation de vos aliments.

Points forts
• Configuration side by side à 2 portes
• Distributeur d'eau intégré
• Coloris gris

Caractéristiques
Type : Side by side 2 portes
Fonctions : Distributeur d'eau
Couleur : Gris"
REFELA48-FF448D,Elactron,réfrigérateur Elactron side by side 4portes 465 litres gris el57,froid,Réfrigérateurs,447000,frigo,jour,465 L,Capacité: 465 L | Couleur: Gris | Garantie: 12 mois,images/REFELA48-FF448D-1.jpg,images/REFELA48-FF448D-1.jpg;images/REFELA48-FF448D-2.png,oui,"Ce réfrigérateur side by side Elactron à 4 portes propose un grand volume de rangement pour vos aliments. Sa conception en fait un équipement adapté pour la cuisine.

Points forts
• Grande capacité de 465 litres
• Modèle 4 portes
• Coloris gris

Caractéristiques
Type : Side by side 4 portes
Capacité : 465 L
Couleur : Gris"
REFELA54-EL541F,Elactron,réfrigérateur Elactron side by side 4portes new modele el541fdb,froid,Réfrigérateurs,620000,frigo,jour,,Garantie: 12 mois,images/REFELA54-EL541F-1.jpg,images/REFELA54-EL541F-1.jpg;images/REFELA54-EL541F-2.png,oui,"Ce réfrigérateur side by side Elactron à 4 portes offre un espace de stockage spacieux pour conserver vos aliments au frais.

Points forts
• Modèle side by side à 4 portes
• Nouveau modèle

Caractéristiques
Type : Side by side 4 portes"
REFELA47-EL72UP,Elactron,réfrigérateur Elactron vertical 1porte el72upxl fl147,froid,Réfrigérateurs,357000,frigo,jour,,Type: Vertical | Garantie: 12 mois,images/REFELA47-EL72UP-1.jpg,images/REFELA47-EL72UP-1.jpg;images/REFELA47-EL72UP-2.jpg,oui,"Ce réfrigérateur vertical Elactron à une porte intègre la technologie No frost pour éviter la formation de givre. Il offre un volume confortable de 359 litres.

Points forts
• Volume de 359 litres
• Technologie No frost
• Finition inox

Caractéristiques
Type : Vertical 1 porte
Modèle : EL-72UPXL FL1-47
Dimensions : 60 x 65 x 185 cm
Volume : 359 L
No frost : Oui
Classe énergétique : A+, A++
Nombre de portes : 1
Couleur : Inox"
REFELA2P-LSC630,Elactron,réfrigérateur Elactron vertical 2portes 800 litres vitrine lsc630ws,froid,Réfrigérateurs,647700,frigo,jour,800 L,Type: Vertical | Capacité: 800 L | Garantie: 12 mois,images/REFELA2P-LSC630-1.png,images/REFELA2P-LSC630-1.png,oui,"Ce réfrigérateur vertical à deux portes offre une grande capacité de stockage pour vos produits.

Points forts
• Capacité de 800 litres
• Format vertical à deux portes

Caractéristiques
Type : Vertical
Capacité : 800 L"
REFELA3P-SWC238,Elactron,réfrigérateur Elactron vertical 3portes 1500l vitrine lsc1230fs,froid,Réfrigérateurs,1032000,frigo,jour,1500 L,Type: Vertical | Garantie: 12 mois,images/REFELA3P-SWC238-1.png,images/REFELA3P-SWC238-1.png,oui,"Ce réfrigérateur vertical à trois portes est conçu pour une conservation optimale avec un grand volume.

Points forts
• Capacité de 1500 litres
• Format vertical à trois portes

Caractéristiques
Type : Vertical
Capacité : 1500 L"
REFENDU37-SDL37,Enduro,réfrigérateur Enduro 1porte 375 litres avec dist d'eau gris a++ sdl375dxp,froid,Réfrigérateurs,323000,frigo,jour,375 L,Capacité: 375 L | Couleur: Gris | Garantie: 12 mois,images/REFENDU37-SDL37-1.jpg,images/REFENDU37-SDL37-1.jpg;images/REFENDU37-SDL37-2.jpg,oui,"Ce réfrigérateur une porte est équipé d'un distributeur d'eau et offre un volume brut total de 375 litres.

Points forts
• Volume brut total de 375 litres
• Classe énergétique A++
• Équipé d'un distributeur d'eau

Caractéristiques
Capacité : 375 L
Couleur : Inox
Classe énergétique : A++
Classe climatique : SN-T
Type de réfrigérant : R600a
Dimensions : 59,5 x 65 x 186 cm"
REFEND33-RDST33,Enduro,réfrigérateur Enduro 2portes gris rdst33s,froid,Réfrigérateurs,150500,frigo,jour,,Couleur: Gris | Garantie: 12 mois,images/REFEND33-RDST33-1.jpg,images/REFEND33-RDST33-1.jpg;images/REFEND33-RDST33-2.jpg,oui,"Ce réfrigérateur deux portes dispose d'un éclairage LED et d'étagères en verre trempé ajustables.

Points forts
• Volume net total de 213 litres
• Classe énergétique A+
• Éclairage LED et étagères ajustables

Caractéristiques
Type de refroidissement : Defrost
Couleur : Gris
Volume brut total : 250 litres
Volume net total : 213 litres
Volume net refroidisseur : 171 litres
Volume net congélateur : 42 litres
Classe énergétique : A+
Classe climatique : SN-T
Type de réfrigérant : R600a
Dimensions : 54 x 57 x 144 cm"
REFEND62-FD620P,Enduro,réfrigérateur Enduro 4portes side by side 564 litres Inox fd620p83bsx,froid,Réfrigérateurs,579800,frigo,jour,564 L,Capacité: 564 L | Couleur: Inox | Garantie: 12 mois,images/REFEND62-FD620P-1.jpg,images/REFEND62-FD620P-1.jpg;images/REFEND62-FD620P-2.jpg,oui,"Ce réfrigérateur side by side à quatre portes intègre un distributeur d'eau et un système de refroidissement No Frost.

Points forts
• Volume total de 564 litres
• Système No Frost multi cooling
• Six tiroirs de congélation
• Distributeur d'eau intégré

Caractéristiques
Type de refroidissement : No Frost
Couleur : Inox Premium
Volume total : 564 litres
Classe énergétique : A+
Classe climatique : SN-T
Type de réfrigérant : R600a
Nombre de tiroirs congélateur : 6
Dimensions : 84 x 69 x 179 cm"
REFEND15-RCD150,Enduro,réfrigérateur Enduro combine 2tiroirs 150 litres defrost gris rcd150s,froid,Réfrigérateurs,161500,frigo,jour,150 L,Capacité: 150 L | Couleur: Gris | Garantie: 12 mois,images/REFEND15-RCD150-1.jpg,images/REFEND15-RCD150-1.jpg;images/REFEND15-RCD150-2.jpg,oui,"Ce réfrigérateur combiné dispose d'un volume total de 150 litres et de deux tiroirs pour organiser vos aliments.

Points forts
• Volume total de 150 litres
• Classe énergétique A++
• Deux tiroirs et étagères ajustables

Caractéristiques
Volume total : 150 litres
Classe énergétique : A++
Classe climatique : SN-T
Type de réfrigérant : R600a
Poids : 27 kg
Dimensions : 47,4 x 44,6 x 127,2 cm
Couleur : Gris
Type de produit : Réfrigérateur combiné
Type de refroidissement : Defrost
Nombre de tiroir : 2"
REFEND40-RCN40B,Enduro,réfrigérateur Enduro combine 3tiroirs 400 litres a+ No Frost beige rcnr400pbg,froid,Réfrigérateurs,297000,frigo,jour,400 L,Capacité: 400 L | Couleur: Beige | Garantie: 12 mois,images/REFEND40-RCN40B-1.jpg,images/REFEND40-RCN40B-1.jpg,oui,"Le réfrigérateur combiné Enduro offre un volume total de 400 litres pour stocker vos denrées. Il dispose d'un système No Frost et d'un espace de congélation avec quatre tiroirs.

Points forts
• Refroidissement No Frost pour éviter le givre
• Volume total de 400 litres
• Quatre tiroirs dans le congélateur
• Classe énergétique A+

Caractéristiques
Couleur : Beige
Volume brut total : 400 litres
Volume net total : 324 litres
Volume net refroidisseur : 230 litres
Volume net congélateur : 94 litres
Classe énergétique : A+
Classe climatique : SN-T
Type de réfrigérant : R600a
Dimensions (H x L x P) : 189 x 60 x 62 cm
Nombre de tiroirs congélateur : 4"
REFEND40-RCNR4R,Enduro,réfrigérateur Enduro combine 3tiroirs 400 litres a+ No Frost rouge rcnr400prd,froid,Réfrigérateurs,371900,frigo,jour,400 L,Capacité: 400 L | Couleur: Rouge | Garantie: 12 mois,images/REFEND40-RCNR4R-1.jpg,images/REFEND40-RCNR4R-1.jpg,oui,"Le réfrigérateur combiné Enduro propose une capacité de 400 litres dans un coloris rouge pour votre cuisine.

Points forts
• Capacité de 400 litres
• Coloris rouge

Caractéristiques
Capacité : 400 L
Couleur : Rouge"
REFEND45-RCN450,Enduro,réfrigérateur Enduro combine 3tiroirs 450 litres No Frost vitre beige rcn450gdbr,froid,Réfrigérateurs,456000,frigo,jour,450 L,Capacité: 450 L | Couleur: Beige | Garantie: 12 mois,images/REFEND45-RCN450-1.jpg,images/REFEND45-RCN450-1.jpg;images/REFEND45-RCN450-2.jpg;images/REFEND45-RCN450-3.png;images/REFEND45-RCN450-4.png;images/REFEND45-RCN450-5.png,oui,"Ce réfrigérateur combiné Enduro propose un volume total de 450 litres avec trois tiroirs de congélation et un système No Frost.

Points forts
• Volume total de 450 litres
• Technologie No Frost
• Trois tiroirs congélateur
• Classe énergétique A+

Caractéristiques
Couleur : Vitre beige
Volume total : 450 litres
Classe énergétique : A+
Nombre de tiroirs congélateur : 3
Dimensions (L x P x H) : 700 x 712 x 1920 mm"
REEND59-RCN595,Enduro,réfrigérateur Enduro combine 3tiroirs 600l No Frost full option a+ noir rcn595dsx,froid,Réfrigérateurs,382000,frigo,jour,600 L,Couleur: Noir | Garantie: 12 mois,images/REEND59-RCN595-1.jpg,images/REEND59-RCN595-1.jpg,oui,"Le réfrigérateur combiné Enduro dispose d'une capacité de 600 litres avec un design de couleur noire.

Points forts
• Grande capacité de 600 litres
• Technologie No Frost
• Classe énergétique A+

Caractéristiques
Couleur : Noir
Capacité : 600 L"
REFEND4T-C350PB,Enduro,réfrigérateur Enduro combine 4tiroirs 400 litres no frost Inox rcnt350px,froid,Réfrigérateurs,299000,frigo,jour,400 L,Capacité: 400 L | Couleur: Inox | Garantie: 12 mois,images/REFEND4T-C350PB-1.jpg,images/REFEND4T-C350PB-1.jpg;images/REFEND4T-C350PB-2.jpg;images/REFEND4T-C350PB-3.png,oui,"Ce réfrigérateur Enduro de 400 litres intègre un système de refroidissement No Frost multi cooling et quatre tiroirs de congélation.

Points forts
• Refroidissement No Frost multi cooling
• Volume total de 400 litres
• Quatre tiroirs de congélation
• Classe énergétique A+

Caractéristiques
Couleur : Noir
Volume total : 400 litres
Classe énergétique : A+
Classe climatique : SN-T
Type de réfrigérant : R600a
Nombre de tiroirs congélateur : 4
Dimensions (L x P x H) : 595 x 650 x 1860 mm"
REFEND62-FD6200,Enduro,réfrigérateur Enduro side by side 4portes 564l + fontaine gris fd620p83xbr,froid,Réfrigérateurs,579800,frigo,jour,564 L,Couleur: Gris | Garantie: 12 mois,images/REFEND62-FD6200-1.png,images/REFEND62-FD6200-1.png;images/REFEND62-FD6200-2.png,oui,"Le réfrigérateur side by side Enduro possède quatre portes et un volume total de 620 litres pour le stockage de vos aliments.

Points forts
• Volume total de 620 litres
• Quatre portes
• Refroidissement No Frost multi cooling
• Classe énergétique A+

Caractéristiques
Couleur : Gris
Volume total : 620 Litres
Classe énergétique : A+
Classe climatique : SN-T
Type de réfrigérant : R600a
Dimensions (L x P x H) : 840 x 690 x 1790 mm"
REFFIN38-SC380D,Finix,réfrigérateur finix 1porte 380 litres vitrine sc380d,froid,Réfrigérateurs,288200,frigo,jour,380 L,Capacité: 380 L | Garantie: 12 mois,images/REFFIN38-SC380D-1.png,images/REFFIN38-SC380D-1.png,oui,"Ce réfrigérateur une porte vitrée offre une capacité de 380 litres pour le stockage de vos produits.

Points forts
• Capacité de 380 litres

Caractéristiques
Capacité : 380 L"
REFFIN25-FI252G,Finix,réfrigérateur finix 252 litres combine 3tiroirs defrost 540x595x1660 gris 252,froid,Réfrigérateurs,275000,frigo,jour,252 L,Capacité: 252 L | Couleur: Gris | Garantie: 12 mois,images/REFFIN25-FI252G-1.jpg,images/REFFIN25-FI252G-1.jpg;images/REFFIN25-FI252G-2.png;images/REFFIN25-FI252G-3.png;images/REFFIN25-FI252G-4.png;images/REFFIN25-FI252G-5.png,oui,"Ce réfrigérateur combiné de 252 litres dispose de trois tiroirs et d'un système Defrost pour la conservation des aliments.

Points forts
• Volume de 252 litres
• Trois tiroirs intégrés
• Étagères en verre et porte réversible
• Pieds ajustables et lampe

Caractéristiques
Type : Combiné 3 tiroirs
Système de refroidissement : Defrost
Couleur : Gris
Volume : 252 L
Voltage : 220-240V, 50Hz
Dimensions : 540 x 595 x 1520 mm"
REFFIN2P-FIN270,Finix,réfrigérateur finix 2portes 270 litres defrost gris fin270dk,froid,Réfrigérateurs,205800,frigo,jour,270 L,Capacité: 270 L | Couleur: Gris | Garantie: 12 mois,images/REFFIN2P-FIN270-1.png,images/REFFIN2P-FIN270-1.png;images/REFFIN2P-FIN270-2.png;images/REFFIN2P-FIN270-3.png;images/REFFIN2P-FIN270-4.png,oui,"Ce réfrigérateur deux portes de 270 litres utilise un système de refroidissement Defrost et inclut une clé de sécurité.

Points forts
• Capacité brute de 270 litres
• Classe énergétique A+
• Clé de sécurité intégrée
• Réfrigérant écologique R600

Caractéristiques
Capacité brute : 270 Litres
Classe énergétique : A+
Système de refroidissement : Defrost
Dimensions : 141 x 55 x 56 cm
Type de réfrigérant : R600
Voltage : 220V – 240V
Fréquence : 50Hz"
REFFIN2P-FIN463,Finix,réfrigérateur finix 2portes 463 litres No Frost gris fin463dk,froid,Réfrigérateurs,301000,frigo,jour,463 L,Capacité: 463 L | Couleur: Gris | Garantie: 12 mois,images/REFFIN2P-FIN463-1.png,images/REFFIN2P-FIN463-1.png;images/REFFIN2P-FIN463-2.png;images/REFFIN2P-FIN463-3.png;images/REFFIN2P-FIN463-4.png,oui,"Ce réfrigérateur deux portes de 463 litres intègre la technologie No Frost pour éviter la formation de givre.

Points forts
• Capacité totale de 463 litres
• Technologie No Frost sans givre
• Compartiments internes optimisés
• Refroidissement uniforme

Caractéristiques
Modèle : FIN-463DK
Type : Réfrigérateur No Frost
Capacité totale : 463 Litres
Technologie de refroidissement : No Frost
Couleur : Gris
Dimensions : 599 × 703 × 1647 mm"
REFFIN11-BCD113,Finix,réfrigérateur finix bar 2portes 113 litres gris hd113fn,froid,Réfrigérateurs,90000,frigo,jour,113 L,Capacité: 113 L | Couleur: Gris | Garantie: 12 mois,images/REFFIN11-BCD113-1.png,images/REFFIN11-BCD113-1.png;images/REFFIN11-BCD113-2.png;images/REFFIN11-BCD113-3.png,oui,"Ce frigo bar deux portes de 113 litres dispose de deux compartiments et d'un contrôle manuel de la température.

Points forts
• Volume de 113 litres
• Classe énergétique A+
• Porte réversible avec clés
• Niveau sonore de 42 dB(A)

Caractéristiques
Volume : 113 litres
Gaz : R600A/ 32G
Voltage : 220-240V/50HZ
Dimensions : Hauteur 85 cm, Largeur 45 cm, Profondeur 51.5 cm
Poids : 15 kg
Puissance d'entrée : 100 Watt
Consommation d'énergie journalière : 0.59/0.45 KWH/24H
Consommation d'énergie annuelle : 215/164 KWH/AN
Type de climat : Tropical
Bruit sonore : 42DB(A)
Couleur : Gris"
REFFIN95-FIN95N,Finix,réfrigérateur finix bar 2portes defrost gris noir fin95,froid,Réfrigérateurs,85000,frigo,jour,,Couleur: Gris | Garantie: 12 mois,images/REFFIN95-FIN95N-1.png,images/REFFIN95-FIN95N-1.png;images/REFFIN95-FIN95N-2.png;images/REFFIN95-FIN95N-3.png,oui,"Ce frigo bar deux portes Defrost arbore un design combinant les couleurs gris et noir.

Points forts
• Modèle deux portes
• Système Defrost
• Coloris gris et noir

Caractéristiques
Couleur : Gris et noir"
REFFIN12-121GRI,Finix,réfrigérateur finix bar gris 121 litres gris hs112l,froid,Réfrigérateurs,90000,frigo,jour,121 L,Capacité: 121 L | Couleur: Gris | Garantie: 12 mois,images/REFFIN12-121GRI-1.png,images/REFFIN12-121GRI-1.png;images/REFFIN12-121GRI-2.png;images/REFFIN12-121GRI-3.png;images/REFFIN12-121GRI-4.png;images/REFFIN12-121GRI-5.png,oui,"Ce réfrigérateur bar d'une capacité de 121 litres est idéal pour stocker vos aliments et boissons au quotidien dans un espace réduit.

Points forts
• Capacité de 121 litres
• Coloris gris

Caractéristiques
Capacité : 121 L
Couleur : Gris"
REFFIN19-FIN193,Finix,réfrigérateur finix combine 3tiroirs 190 litres defrost gris 480x500x1420 fin190,froid,Réfrigérateurs,145600,frigo,jour,190 L,Capacité: 190 L | Couleur: Gris | Garantie: 12 mois,images/REFFIN19-FIN193-1.png,images/REFFIN19-FIN193-1.png;images/REFFIN19-FIN193-2.png,oui,"Ce réfrigérateur combiné de 190 litres dispose de 3 tiroirs et d'un système de dégivrage defrost pour conserver vos produits.

Points forts
• Capacité de 190 litres
• 3 tiroirs de rangement
• Système defrost
• Dimensions de 480 x 500 x 1420 mm

Caractéristiques
Capacité : 190 L
Couleur : Gris
Dimensions : 480 x 500 x 1420 mm
Type de froid : Defrost"
REFFIN3T-FIN420,Finix,réfrigérateur finix combine 3tiroirs 440 litres defrost gris noir fin420,froid,Réfrigérateurs,456000,frigo,jour,440 L,Capacité: 440 L | Couleur: Gris | Garantie: 12 mois,images/REFFIN3T-FIN420-1.png,images/REFFIN3T-FIN420-1.png;images/REFFIN3T-FIN420-2.png,oui,"Ce réfrigérateur combiné de 440 litres est équipé de 3 tiroirs et d'un système defrost pour la conservation de vos aliments.

Points forts
• Capacité de 440 litres
• 3 tiroirs intégrés
• Coloris gris et noir

Caractéristiques
Capacité : 440 L
Couleur : Gris et noir
Type de froid : Defrost"
REFFIN38-GT/SN0,Finix,réfrigérateur finix combine 3tiroirs 468 litres + dist d'eau gris gt/sn 383 W,froid,Réfrigérateurs,301000,frigo,jour,468 L,Capacité: 468 L | Couleur: Gris | Garantie: 12 mois,images/REFFIN38-GTSN0-1.png,images/REFFIN38-GTSN0-1.png,oui,"Ce grand réfrigérateur combiné de 468 litres intègre un distributeur d'eau et une puissance de 383 W pour vos besoins de stockage.

Points forts
• Capacité de 468 litres
• Distributeur d'eau intégré
• Puissance de 383 W

Caractéristiques
Capacité : 468 L
Puissance : 383 W
Couleur : Gris"
REFFIN3T-653DIS,Finix,réfrigérateur finix combine 3tiroirs 588 litres dist d'eau 653 840x750x1860,froid,Réfrigérateurs,572000,frigo,jour,588 L,Capacité: 588 L | Garantie: 12 mois,images/REFFIN3T-653DIS-1.png,images/REFFIN3T-653DIS-1.png;images/REFFIN3T-653DIS-2.png;images/REFFIN3T-653DIS-3.png;images/REFFIN3T-653DIS-4.png,oui,"Ce réfrigérateur combiné de 588 litres est doté de la technologie No Frost, d'un distributeur d'eau et de nombreuses fonctionnalités de rangement.

Points forts
• Capacité totale de 588 litres
• Technologie de refroidissement multiple No Frost
• Distributeur d'eau et technologie des ions naturels
• Étagères en verre trempé réglables et bac à légumes à humidité contrôlée
• Alarme de porte et contrôle électronique avec affichage intérieur

Caractéristiques
Capacité : 588 L
Dimensions : 840 x 750 x 1860 mm
Refroidissement : No Frost
Éclairage : LED"
REFFIN21-210BCD,Finix,réfrigérateur finix combine 4tiroirs 270 litres defrost gris bcd210q53h,froid,Réfrigérateurs,207500,frigo,jour,270 L,Capacité: 270 L | Couleur: Gris | Garantie: 12 mois,images/REFFIN21-210BCD-1.png,images/REFFIN21-210BCD-1.png;images/REFFIN21-210BCD-2.png;images/REFFIN21-210BCD-3.png;images/REFFIN21-210BCD-4.png,oui,"Ce réfrigérateur combiné de 270 litres est doté de 4 tiroirs et d'un système defrost pour conserver vos provisions.

Points forts
• Capacité de 270 litres
• 4 tiroirs de rangement
• Coloris gris

Caractéristiques
Capacité : 270 L
Couleur : Gris
Type de froid : Defrost"
REFFIN4T-FIN270,Finix,réfrigérateur finix combine 4tiroirs 270 litres defrost gris noir fin270,froid,Réfrigérateurs,205800,frigo,jour,270 L,Capacité: 270 L | Couleur: Gris | Garantie: 12 mois,images/REFFIN4T-FIN270-1.png,images/REFFIN4T-FIN270-1.png;images/REFFIN4T-FIN270-2.png,oui,"Ce réfrigérateur combiné Finix de 270 litres est conçu pour un usage domestique et professionnel léger. Il dispose d'un espace réfrigérateur et d'un congélateur.

Points forts
• Capacité totale de 270 litres
• Système de dégivrage manuel defrost
• Coloris gris et noir
• Adapté pour un usage domestique et professionnel léger

Caractéristiques
Modèle : FIN-270 DFROST
Type : Réfrigérateur combiné
Capacité : 270 litres
Système de dégivrage : Manuel (Defrost)
Couleur : Gris / Noir
Dimensions : 57 x 63 x 167 cm
Utilisation : Domestique et professionnel léger"
REFFIN5T-FIN330,Finix,réfrigérateur finix combine 5tiroirs 330 litres defrost gris fin330,froid,Réfrigérateurs,223400,frigo,jour,330 L,Capacité: 330 L | Couleur: Gris | Garantie: 12 mois,images/REFFIN5T-FIN330-1.png,images/REFFIN5T-FIN330-1.png;images/REFFIN5T-FIN330-2.png,oui,"Ce réfrigérateur combiné Finix propose une capacité de 330 litres pour conserver vos aliments au quotidien.

Points forts
• Capacité de 330 litres
• Coloris gris

Caractéristiques
Capacité : 330 L
Couleur : Gris"
REFFIN66-FIN660,Finix,réfrigérateur finix side by side 2portes 660 litres defrost noir fin660,froid,Réfrigérateurs,447900,frigo,jour,660 L,Capacité: 660 L | Couleur: Noir | Garantie: 12 mois,images/REFFIN66-FIN660-1.png,images/REFFIN66-FIN660-1.png;images/REFFIN66-FIN660-2.png,oui,"Ce réfrigérateur Side by Side Finix à 2 portes offre une capacité de 660 litres pour le stockage de vos produits.

Points forts
• Capacité de 660 litres
• Configuration Side by Side 2 portes
• Coloris noir

Caractéristiques
Type : Side by Side
Capacité : 660 L
Nombre de portes : 2
Système : Defrost
Couleur : Noir"
REFFIN4P-FIN550,Finix,réfrigérateur finix side by side 4portes 550 litres inverter gris fin550,froid,Réfrigérateurs,389800,frigo,jour,550 L,Type: Inverter | Capacité: 550 L | Couleur: Gris | Garantie: 12 mois,images/REFFIN4P-FIN550-1.png,images/REFFIN4P-FIN550-1.png;images/REFFIN4P-FIN550-2.png,oui,"Ce réfrigérateur Side by Side Finix intègre la technologie Inverter et dispose d'une capacité de 550 litres.

Points forts
• Technologie Inverter
• Capacité de 550 litres
• Configuration 4 portes
• Coloris gris

Caractéristiques
Type : Inverter / Side by Side
Capacité : 550 L
Nombre de portes : 4
Couleur : Gris"
REFGEN38-385D2G,Autre Marque,réfrigérateur general cool vertical 2portes 385 litres vitrine 385d2,froid,Réfrigérateurs,275000,frigo,jour,385 L,Type: Vertical | Capacité: 385 L | Garantie: 12 mois,images/REFGEN38-385D2G-2.jpg,images/REFGEN38-385D2G-2.jpg;images/REFGEN38-385D2G-1.jpg,oui,"Ce réfrigérateur vitrine vertical à deux portes de 385 litres est conçu pour la présentation professionnelle de vos produits.

Points forts
• Capacité de 385 litres pour une grande quantité de produits
• Éclairage intérieur LED et porte en verre pour une visibilité optimale
• Roulettes pour une mobilité facile
• Contrôle de la température et système de refroidissement performant

Caractéristiques
Type : Vertical vitrine 2 portes
Capacité : 385 litres"
REFHAI31-HRF310,Haier,réfrigérateur Haier 2portes gris 310ss,froid,Réfrigérateurs,239600,frigo,jour,,Couleur: Gris | Garantie: 12 mois,images/REFHAI31-HRF310-1.png,images/REFHAI31-HRF310-1.png;images/REFHAI31-HRF310-2.jpg;images/REFHAI31-HRF310-3.jpg,oui,"Ce réfrigérateur Haier à montage supérieur offre une capacité de 310 litres et un coloris gris élégant.

Points forts
• Capacité de 310 litres
• Éclairage et visibilité adaptés avec classe climatique T
• Utilise le fluide frigorigène R600a

Caractéristiques
Type : Montage supérieur
Capacité : 310 Litres
Couleur : Gris
Dimensions : 54,5 x 58 x 166,4 cm
Classe climatique : T
Fluide frigorigène : R600a
Alimentation : 220 – 240V – 50HZ
Classe énergétique : 3 étoiles"
REFHAI18-HR185B,Haier,réfrigérateur Haier bar 1porte gm noir bleu hr185msb,froid,Réfrigérateurs,145000,frigo,jour,,Couleur: Noir | Garantie: 12 mois,images/REFHAI18-HR185B-1.jpg,images/REFHAI18-HR185B-1.jpg;images/REFHAI18-HR185B-2.jpg,oui,"Ce réfrigérateur 1 porte d'une capacité de 145 litres convient pour conserver vos denrées alimentaires au quotidien avec une faible consommation d'énergie.

Points forts
• Capacité totale de 145 litres
• Technologie réfrigérante R600a respectueuse de l'environnement
• Technologie de dégivrage semi-automatique
• Poids de 23 kg

Caractéristiques
Capacité : 145 litres
Fluide frigorigène : R600a
Dégivrage : Semi-automatique
Poids : 23 kg
Couleur : Noir"
REFHAI13-HR135N,Haier,réfrigérateur Haier bar 1porte noir hr135,froid,Réfrigérateurs,92000,frigo,jour,,Couleur: Noir | Garantie: 12 mois,images/REFHAI13-HR135N-1.jpg,images/REFHAI13-HR135N-1.jpg,oui,"Ce réfrigérateur 1 porte de 135 litres est conçu pour 1 à 2 personnes et offre une organisation flexible de vos aliments.

Points forts
• Capacité totale de 135 litres
• Classe énergétique A++ pour une consommation réduite
• Régulation manuelle de la température
• Étagères réglables pour une organisation flexible

Caractéristiques
Capacité : 135 litres
Classe énergétique : A++
Hauteur : 85 cm
Largeur : 50 cm
Profondeur : 55 cm
Couleur : Noir"
REFHAI17-HRD175,Haier,réfrigérateur Haier bar 2portes 175 litres gm hrd175fnms,froid,Réfrigérateurs,126900,frigo,jour,175 L,Capacité: 175 L | Garantie: 12 mois,images/REFHAI17-HRD175-1.jpg,images/REFHAI17-HRD175-1.jpg,oui,"Ce réfrigérateur bar 2 portes d'une capacité de 175 litres répond à vos besoins de conservation au quotidien.

Points forts
• Capacité de 175 L
• Modèle 2 portes

Caractéristiques
Capacité : 175 L"
REFHAI46-HRF46B,Haier,réfrigérateur Haier combine 3tiroirs 460 litres noir hrf460bmb,froid,Réfrigérateurs,451900,frigo,jour,460 L,Capacité: 460 L | Couleur: Noir | Garantie: 12 mois,images/REFHAI46-HRF46B-3.png,images/REFHAI46-HRF46B-3.png;images/REFHAI46-HRF46B-1.png;images/REFHAI46-HRF46B-2.png;images/REFHAI46-HRF46B-4.png;images/REFHAI46-HRF46B-5.png,oui,"Ce réfrigérateur combiné 3 tiroirs d'une capacité de 460 litres en coloris noir convient pour stocker de grands volumes de provisions.

Points forts
• Capacité de 460 L
• Modèle combiné avec 3 tiroirs
• Coloris noir

Caractéristiques
Capacité : 460 L
Couleur : Noir"
REFHAI28-HRF298,Haier,réfrigérateur Haier combine 3tiroirs noir hrfivb298vn,froid,Réfrigérateurs,315200,frigo,jour,3 tiroirs,Couleur: Noir | Garantie: 12 mois,images/REFHAI28-HRF298-2.jpg,images/REFHAI28-HRF298-2.jpg;images/REFHAI28-HRF298-5.jpg;images/REFHAI28-HRF298-1.jpg;images/REFHAI28-HRF298-3.jpg;images/REFHAI28-HRF298-4.jpg,oui,"Ce réfrigérateur combiné 3 tiroirs propose une capacité nette de 260 litres (283 litres au total) et intègre un système de conversion 5 en 1.

Points forts
• Capacité nette de 260 litres
• Double onduleur et type de compresseur onduleur
• Conversion 5 en 1 et refroidissement magique
• Étagères grillagées réglables
• Poignée cachée

Caractéristiques
Capacité totale : 283 litres
Capacité nette : 260 litres
Capacité en pi3 : 9,5 pi³
Dimensions nettes (L x H x P) : 598 x 1525 x 681 mm
Poids net : 63 kg
Voltage : 220 V
Fréquence : 50 Hz
Entrée de puissance : 120 W
Courant : 0.81 A
Puissance de givrage : 180 W
Fluide frigorigène : R600A 52g
Classe climatique : T
Couleur : Noir"
REFHAI33-HRB332,Haier,réfrigérateur Haier combine 4tiroirs avec fontaine noir hrf332bwd,froid,Réfrigérateurs,365000,frigo,jour,4 tiroirs,Couleur: Noir | Garantie: 12 mois,images/REFHAI33-HRB332-3.jpg,images/REFHAI33-HRB332-3.jpg;images/REFHAI33-HRB332-1.jpg;images/REFHAI33-HRB332-2.jpg,oui,"Ce réfrigérateur combiné 4 tiroirs avec fontaine intègre un espace de conservation adapté aux besoins de la maison.

Points forts
• Équipé d'une fontaine
• Classe énergétique F
• Fluide frigorigène R600a

Caractéristiques
Largeur : 60 cm
Hauteur : 1 m 80
Profondeur : 48 cm
Classe énergétique : F
Fluide frigorigène : R600a
Tension : 220 – 240 V
Fréquence : 50 Hz
Couleur : Noir"
REFHIS17-RD1700,Hisense,réfrigérateur Hisense 2portes 132 litres tm gris rd17dr4sa,froid,Réfrigérateurs,127000,frigo,jour,132 L,Capacité: 132 L | Couleur: Gris | Garantie: 12 mois,images/REFHIS17-RD1700-3.jpg,images/REFHIS17-RD1700-3.jpg;images/REFHIS17-RD1700-1.jpg;images/REFHIS17-RD1700-2.jpg,oui,"Ce réfrigérateur deux portes offre un volume total de 132 litres pour conserver vos aliments au quotidien. Il dispose d'un éclairage LED et d'un contrôle manuel de la température.

Points forts
• Volume total de 132 litres
• Éclairage intérieur LED
• Poignée de porte intégrée
• Présence d'un casier à œufs

Caractéristiques
Volume total : 132 litres
Couleur : Gris
Nombre de portes : 2
Poids : 31 kg
Dimensions (L / P / H) : 49,5 x 51,5 x 122 cm
Tension : 220-240 V
Fréquence : 50 Hz
Classe climatique : ST
Éclairage : LED
Réfrigérant : R600a/31g
Consommation d'énergie : 0,6 kWh/24 h
Contrôle de la température : Manuel"
REFHIS22-RD22SI,Hisense,réfrigérateur Hisense 2portes 156 litres gris rd22dr4sa,froid,Réfrigérateurs,148000,frigo,jour,156 L,Capacité: 156 L | Couleur: Gris | Garantie: 12 mois,images/REFHIS22-RD22SI-2.jpg,images/REFHIS22-RD22SI-2.jpg;images/REFHIS22-RD22SI-1.jpg;images/REFHIS22-RD22SI-3.jpg,oui,"Ce réfrigérateur propose une capacité nette totale de 156 litres pour stocker vos produits frais et surgelés. Il convient parfaitement pour un usage domestique standard.

Points forts
• Capacité nette totale de 156 litres
• Poids de 36 kg

Caractéristiques
Capacité nette totale : 156 litres
Couleur : Gris
Poids : 36 kg
Dimensions : 520 x 524 x 1517 mm"
REFHIS27-RD27DR,Hisense,réfrigérateur Hisense 2portes 205 litres gris rd27dr4sa,froid,Réfrigérateurs,162800,frigo,jour,205 L,Capacité: 205 L | Couleur: Gris | Garantie: 12 mois,images/REFHIS27-RD27DR-1.jpg,images/REFHIS27-RD27DR-1.jpg;images/REFHIS27-RD27DR-2.jpg,oui,"Ce réfrigérateur deux portes d'une capacité de 205 litres dispose d'un espace réfrigérateur et d'un congélateur séparé. Il intègre un éclairage LED et des étagères en verre réglables.

Points forts
• Volume net de 205 litres
• Classe énergétique A+
• Porte réversible
• Éclairage LED Eco
• Pieds ajustable

Caractéristiques
Volume net : 205 litres
Capacité réfrigérateur : 164 litres
Capacité congélateur : 41 litres
Couleur : Gris
Classe énergétique : A+
Dimensions (L / P / H) : 55 x 54,2 x 143,4 cm
Poids net : 38 kg
Tension : 220~240 V
Fréquence : 50 Hz
Réfrigérant : R600a/48"
REFHIS35-RD35DR,Hisense,réfrigérateur Hisense 2portes 270 litres gris rd35dr4sa,froid,Réfrigérateurs,216500,frigo,jour,270 L,Capacité: 270 L | Couleur: Gris | Garantie: 12 mois,images/REFHIS35-RD35DR-1.jpg,images/REFHIS35-RD35DR-1.jpg;images/REFHIS35-RD35DR-2.jpg,oui,"Ce réfrigérateur deux portes offre une capacité totale de 270 litres pour organiser la conservation de vos provisions. Il est équipé d'un système de dégivrage automatique.

Points forts
• Capacité réfrigérateur de 215 litres
• Capacité congélateur de 55 litres
• Dégivrage automatique
• Classe climatique SN-T

Caractéristiques
Capacité réfrigérateur : 215 L
Capacité congélateur : 55 L
Couleur : Gris
Poids : 38 kg
Dimensions (L / P / H) : 583 x 567 x 1661 mm
Classe énergétique : A
Classe climatique : SN-T
Capacité de congélation : 2 kg / 24h
Réfrigérant : R600A
Dégivrage : Automatique"
REFHIS39-RD39SA,Hisense,réfrigérateur Hisense 2portes 305 litres tm gris rd39dr4sa,froid,Réfrigérateurs,331900,frigo,jour,305 L,Capacité: 305 L | Couleur: Gris | Garantie: 12 mois,images/REFHIS39-RD39SA-1.jpg,images/REFHIS39-RD39SA-1.jpg;images/REFHIS39-RD39SA-2.jpg,oui,"Ce réfrigérateur Hisense de 305 litres à deux portes permet de stocker l'ensemble de vos denrées alimentaires en toute simplicité.

Points forts
• Capacité de 305 litres
• Modèle deux portes

Caractéristiques
Capacité : 305 L
Couleur : Gris
Nombre de portes : 2"
REFHIS49-RD49WR,Hisense,réfrigérateur Hisense 2portes 375l No Frost tm gris rd49wr4sa,froid,Réfrigérateurs,375000,frigo,jour,375 L,Couleur: Gris | Garantie: 12 mois,images/REFHIS49-RD49WR-2.png,images/REFHIS49-RD49WR-2.png;images/REFHIS49-RD49WR-5.png;images/REFHIS49-RD49WR-1.png;images/REFHIS49-RD49WR-3.png;images/REFHIS49-RD49WR-4.png,oui,"Ce grand réfrigérateur deux portes de 375 litres intègre la technologie No Frost pour éviter la formation de givre. Il dispose d'un système de flux d'air multiple et d'une commande électronique.

Points forts
• Volume total de 375 litres
• Technologie No Frost sans givre
• Classe énergétique A+
• Système de flux d'air multiple
• Contrôle électronique de la température

Caractéristiques
Volume total : 375 L
Couleur : Gris
Nombre de portes : 2
Nombre d'étagères : 4
Poids : 74 kg
Dimensions (L / P / H) : 74,5 x 67,8 x 180 cm
Classe énergétique : A+
Classe climatique : SN, N, ST, T
Tension : 220~240 V
Fréquence : 50 Hz
Consommation d'énergie : 0,8 kWh/24 h
Capacité de congélation : 5 kg / 24h
Réfrigérant : R600a/34g
Dégivrage : No Frost"
REFHIS66-RD66WR,Hisense,réfrigérateur Hisense 2portes 510l No Frost inverter gris rd66wr4sa,froid,Réfrigérateurs,572800,frigo,jour,510 L,Type: Inverter | Couleur: Gris | Garantie: 12 mois,images/REFHIS66-RD66WR-1.jpg,images/REFHIS66-RD66WR-1.jpg,oui,"Ce réfrigérateur Hisense 2 portes d'une capacité de 510 litres est équipé d'un compresseur Inverter. Il convient pour la conservation de vos denrées alimentaires au quotidien.

Points forts
• Capacité totale de 510 L
• Technologie de compresseur Inverter
• Fourni avec plateau à oeufs et bac à glaçons
• Poignées de porte intégrées

Caractéristiques
Type : Inverter
Couleur : Gris
Capacité : 510 L
Dimensions : 794 x 685 x 1720 mm
Gaz réfrigérant : R600"
REFHIS73-RD73W4,Hisense,réfrigérateur Hisense 2portes 565l avec fontaine No Frost inverter ice+maker gris rd73wr4sb,froid,Réfrigérateurs,432000,frigo,jour,565 L,Type: Inverter | Couleur: Gris | Garantie: 12 mois,images/REFHIS73-RD73W4-3.png,images/REFHIS73-RD73W4-3.png;images/REFHIS73-RD73W4-1.png;images/REFHIS73-RD73W4-2.png;images/REFHIS73-RD73W4-4.png;images/REFHIS73-RD73W4-5.png,oui,"Le réfrigérateur Hisense 2 portes offre un volume de 565 litres et intègre un système Inverter avec fontaine. Cet appareil est conçu pour stocker de grands volumes de produits.

Points forts
• Grand volume total de 565 L
• Fonction No Frost et Inverter
• Équipé d'une fontaine avec ice maker
• Poignée de porte intégrée

Caractéristiques
Type : Inverter
Couleur : Gris
Volume total : 565 L
Dimensions : 96,8 x 77,8 x 190,1 cm
Poids : 99 kg"
REFHIS23-RS23SA,Hisense,réfrigérateur Hisense bar 1porte 176 litres rs23dr4sa,froid,Réfrigérateurs,159000,frigo,jour,176 L,Capacité: 176 L | Garantie: 12 mois,images/REFHIS23-RS23SA-2.jpg,images/REFHIS23-RS23SA-2.jpg;images/REFHIS23-RS23SA-1.jpg;images/REFHIS23-RS23SA-3.jpg;images/REFHIS23-RS23SA-4.jpg,oui,"Ce réfrigérateur 1 porte Hisense propose une capacité de 176 litres et une classe énergétique A+. Il est adapté pour un usage individuel ou dans un espace restreint.

Points forts
• Capacité de 176 litres
• Classe énergétique A+
• Réfrigérant R600a

Caractéristiques
Capacité : 176 L
Couleur : Silver
Classe énergétique : A+
Tension nominale : 220-240V ~
Fréquence nominale : 50 Hz
Courant évalué : 0,5 A
Puissance maximale de la lampe : 15 W
Réfrigérant : R600a (33 g)
Dimensions de l'emballage : 542 x 565 x 1332 mm
Poids brut maximum : 37,0 kg"
REFHIS23-RS23DR,Hisense,réfrigérateur Hisense bar 1porte 179 litres avec fontaine gris rs23dr4sb,froid,Réfrigérateurs,150500,frigo,jour,179 L,Capacité: 179 L | Couleur: Gris | Garantie: 12 mois,images/REFHIS23-RS23DR-1.jpg,images/REFHIS23-RS23DR-1.jpg;images/REFHIS23-RS23DR-4.png;images/REFHIS23-RS23DR-2.png;images/REFHIS23-RS23DR-3.png,oui,"Ce réfrigérateur 1 porte de 179 litres de marque Hisense dispose d'un distributeur d'eau. Il s'intègre facilement dans un salon, un bureau ou une petite cuisine.

Points forts
• Capacité de 179 L avec distributeur d'eau
• Classe énergétique A+
• Étagères en verre trempé de sécurité
• Éclairage LED intégré

Caractéristiques
Capacité : 179 L
Couleur : Gris
Classe énergétique : A+
Réfrigérant : R600a
Distributeur d'eau : Oui
Dimensions : 542 x 565 x 1332 mm"
REFHIS12-RJ12D4,Hisense,réfrigérateur Hisense bar 1porte 94 litres vitrine 94 litres grand model rj12d4nx,froid,Réfrigérateurs,139500,frigo,jour,94 L,Capacité: 94 L | Garantie: 12 mois,images/REFHIS12-RJ12D4-3.jpg,images/REFHIS12-RJ12D4-3.jpg;images/REFHIS12-RJ12D4-1.jpg;images/REFHIS12-RJ12D4-2.jpg;images/REFHIS12-RJ12D4-4.jpg;images/REFHIS12-RJ12D4-5.jpg,oui,"Cette vitrine réfrigérée Hisense de 94 litres est conçue pour stocker et exposer vos boissons. Elle est idéale pour un commerce ou un espace de détente.

Points forts
• Capacité de 94 litres
• Porte vitrée avec cadre en PVC
• Étagères en verre réglables
• Commande tactile numérique et éclairage LED

Caractéristiques
Capacité : 94 L
Type : Refroidisseur de boissons
Poignée : Encastrée
Éclairage : LED intérieur"
REFHIS12-RS12DR,Hisense,réfrigérateur Hisense bar 92 litres silver rs12dr4sa,froid,Réfrigérateurs,85000,frigo,jour,92 L,Capacité: 92 L | Couleur: Silver | Garantie: 12 mois,images/REFHIS12-RS12DR-1.jpg,images/REFHIS12-RS12DR-1.jpg;images/REFHIS12-RS12DR-2.png,oui,"Le réfrigérateur 1 porte Hisense d'une capacité de 92 litres offre un format compact de type bar. Il convient pour les studios ou les petites pièces.

Points forts
• Capacité de 92 litres
• Classe énergétique A+
• Pieds réglables et porte réversible
• Consommation d'énergie de 118 kWh par an

Caractéristiques
Capacité : 92 L
Couleur : Silver
Classe énergétique : A+
Tension : 220V-240V
Fréquence : 50 Hz-60 Hz
Consommation d'énergie : 118 kWh /an
Dimensions : 50 x 50 x 85 cm
Poids : 24 Kg"
REFHIS35-RD35SB,Hisense,réfrigérateur Hisense combine 3t 264 litres avec fontaine rd35dc4sb,froid,Réfrigérateurs,213800,frigo,jour,264 L,Capacité: 264 L | Garantie: 12 mois,images/REFHIS35-RD35SB-2.jpg,images/REFHIS35-RD35SB-2.jpg;images/REFHIS35-RD35SB-1.png,oui,"Ce réfrigérateur combiné Hisense d'une capacité de 264 litres dispose d'un compartiment congélateur bas et d'une fontaine intégrée pour un usage quotidien pratique.

Points forts
• Volume total de 264 litres
• Compartiment à glace placé en bas
• Niveau sonore de 39 db (A)
• Classe d'efficacité énergétique A+

Caractéristiques
Type de produit : Réfrigérateur combiné
Volume total : 264 litres
Classe d'efficacité énergétique : A +
Consommation d'énergie : 248 KWh / an
Dimensions : 58,0 x 58,0 x 186,9 cm
Niveau sonore : 39 db (A)
Tension : 220-240 V
Fréquence : 60 Hz
Emplacement du compartiment à glace : Bas-placé
Poids : 58 kg"
REFHIS23-RD23SA,Hisense,réfrigérateur Hisense combine 3tiroirs 171 litres gris rd23dc4sa,froid,Réfrigérateurs,151900,frigo,jour,171 L,Capacité: 171 L | Couleur: Gris | Garantie: 12 mois,images/REFHIS23-RD23SA-3.jpg,images/REFHIS23-RD23SA-3.jpg;images/REFHIS23-RD23SA-1.jpg;images/REFHIS23-RD23SA-2.jpg,oui,"Ce réfrigérateur combiné gris de 171 litres offre un espace de stockage pratique avec ses 3 tiroirs et une température réglable.

Points forts
• Capacité totale de 171 litres
• Équipé de 3 tiroirs
• Température réglable
• Classe énergétique A++

Caractéristiques
Capacité totale : 171 litres
Capacité réfrigérateur : 122 litres
Capacité congélateur : 43 litres
Classe énergétique : A++
Largeur : 55,4 cm
Hauteur : 144 cm
Profondeur : 57,1 cm
Couleur : Gris"
REFHIS29-RD29SA,Hisense,réfrigérateur Hisense combine 3tiroirs 228l gris rd29dc4sa,froid,Réfrigérateurs,194800,frigo,jour,228 L,Couleur: Gris | Garantie: 12 mois,images/REFHIS29-RD29SA-1.jpg,images/REFHIS29-RD29SA-1.jpg;images/REFHIS29-RD29SA-2.jpg,oui,"Ce réfrigérateur combiné gris propose une capacité totale de 228 litres et un éclairage intérieur LED pour stocker vos aliments.

Points forts
• Capacité totale de 228 litres
• Éclairage intérieur LED
• Présence de 3 tiroirs
• Température réglable

Caractéristiques
Capacité totale : 228 litres
Classe énergétique : A+
Poids : 50 Kg
Tension : 220~240 V
Fréquence : 50 Hz
Éclairage intérieur : LED
Couleur : Gris
Réfrigérant : R600A
Largeur : 55,4 cm
Hauteur : 144 cm
Profondeur : 57,1 cm"
REFHIS35-RD35SA,Hisense,réfrigérateur Hisense combine 3tiroirs 264 litres rd35dc4sa,froid,Réfrigérateurs,207000,frigo,jour,264 L,Capacité: 264 L | Garantie: 12 mois,images/REFHIS35-RD35SA-1.jpg,images/REFHIS35-RD35SA-1.jpg;images/REFHIS35-RD35SA-2.png,oui,"Ce réfrigérateur combiné Hisense offre un grand espace de stockage avec une capacité annoncée jusqu'à 268 litres pour vos produits frais et surgelés.

Points forts
• Classe énergétique A+
• Tension de 220~240 V
• Réfrigérant R600a/68

Caractéristiques
Capacité : 268 litres
Classe climatique : N-ST
Classe énergétique : A+
Dimensions : 580 * 580 * 1869 MM
Poids : 53 Kg
Tension : 220~240 V
Fréquence : 50 Hz
Réfrigérant : R600a/68
Type de produit : Réfrigérateur combiné"
REFHIS33-RB5K33,Hisense,réfrigérateur Hisense combine 3tiroirs 370 litres No Frost inverter noir rb5k330gsfe,froid,Réfrigérateurs,419300,frigo,jour,370 L,Type: Inverter | Capacité: 370 L | Couleur: Noir | Garantie: 12 mois,images/REFHIS33-RB5K33-3.png,images/REFHIS33-RB5K33-3.png;images/REFHIS33-RB5K33-1.jpg;images/REFHIS33-RB5K33-2.png;images/REFHIS33-RB5K33-4.png;images/REFHIS33-RB5K33-5.png,oui,"Ce réfrigérateur noir de type inverter d'une capacité de 370 litres dispose de 3 tiroirs pour l'organisation de vos aliments.

Points forts
• Capacité de 370 litres
• Technologie Inverter
• Couleur noire

Caractéristiques
Type : Inverter
Capacité : 370 L
Couleur : Noir"
REFHIS60-RD60WC,Hisense,réfrigérateur Hisense combine 3tiroirs avec fontaine 468l No Frost gris rd60wc4sb,froid,Réfrigérateurs,515000,frigo,jour,468 L,Couleur: Gris | Garantie: 12 mois,images/REFHIS60-RD60WC-1.png,images/REFHIS60-RD60WC-1.png;images/REFHIS60-RD60WC-4.png;images/REFHIS60-RD60WC-2.png;images/REFHIS60-RD60WC-3.jpg,oui,"Ce grand réfrigérateur combiné No Frost gris de 468 litres est équipé d'un distributeur d'eau externe et d'un affichage LED tactile.

Points forts
• Volume net total de 468 litres
• Distributeur d'eau externe
• Affichage LED avec bouton tactile
• Bac à légumes avec contrôle de l'humidité

Caractéristiques
Volume net total : 468 Litres
Classe énergétique : A+
Dimensions : 79.4 × 67.55 × 175.6 CM
Poids : 93 Kg
Couleur : Silver
Réfrigérant : R600A
Classe climatique : SN-T
Tension : 220~240 V
Fréquence : 50 Hz"
REFHIS34-RD34SA,Hisense,réfrigérateur Hisense combine 4tiroirs 250 litres gris rd34dc4sa,froid,Réfrigérateurs,262000,frigo,jour,250 L,Capacité: 250 L | Couleur: Gris | Garantie: 12 mois,images/REFHIS34-RD34SA-1.jpg,images/REFHIS34-RD34SA-1.jpg,oui,"Ce réfrigérateur combiné Hisense de 250 litres offre un espace de stockage adapté pour conserver vos aliments au quotidien.

Points forts
• Capacité de 250 litres
• Consommation d'énergie de 257 kWh par an
• Autonomie de 12 heures en cas de coupure
• Pouvoir de congélation de 3 kg par 24 heures

Caractéristiques
Capacité : 250 litres
Capacité brute : 258 litres
Consommation d'énergie : 257 kWh/an
Classe d'efficacité énergétique : A+
Alimentation : 220-240/50 V ~/Hz
Dimensions (L x H x P) : 58.4 x 59.5 x 185.3 cm
Poids : 54 kg
Niveau sonore : 43 db(A)
Autonomie : 12 H
Pouvoir de congélation : 3 kg/24H
Emplacement du compartiment à glace : Bas-placé
Dégivrage du congélateur : Manuel
Couleur : Gris"
REFHIS06-RS0600,Hisense,réfrigérateur Hisense mini bar 42 litres gris rs06dr4sa,froid,Réfrigérateurs,79000,frigo,jour,42 L,Capacité: 42 L | Couleur: Gris | Garantie: 12 mois,images/REFHIS06-RS0600-2.jpg,images/REFHIS06-RS0600-2.jpg;images/REFHIS06-RS0600-1.jpg;images/REFHIS06-RS0600-3.jpg,oui,"Ce mini bar Hisense de 42 litres trouve facilement sa place dans les petits espaces pour garder vos boissons et encas à portée de main.

Points forts
• Capacité de 42 litres
• Porte réversible
• Thermostat réglable

Caractéristiques
Type de produit : Mini bar
Couleur : Silver
Capacité : 42 Litres
Poids : 15 kg
Classe climatique : N, ST, T
Dimensions : 465*485*533 mm
Alimentation : 220-240/50 V ~/Hz
Dégivrage : Manuel
Porte : Réversible"
REFHIS55-RC55WS,Hisense,réfrigérateur Hisense side by side 2portes 428 litres inverter Inox rc55ws4sa,froid,Réfrigérateurs,372000,frigo,jour,428 L,Type: Inverter | Capacité: 428 L | Couleur: Inox | Garantie: 12 mois,images/REFHIS55-RC55WS-1.jpg,images/REFHIS55-RC55WS-1.jpg;images/REFHIS55-RC55WS-2.jpg;images/REFHIS55-RC55WS-3.jpg,oui,"Ce réfrigérateur side by side Hisense de 428 litres dispose d'un grand volume pour stocker l'ensemble de vos courses.

Points forts
• Volume total de 428 litres
• Système de refroidissement par froid ventilé Multi Flow
• Affichage LED et finition en métal brillant

Caractéristiques
Volume total : 428 litres
Dimensions (L x P x H) : 79,4 x 70 x 180,1 cm
Classe énergétique : A+
Système de refroidissement : Froid ventilé Multi Flow
Affichage : LED
Finition : Métal brillant
Type : Inverter
Couleur : Inox"
REFHIS87-RS87WS,Hisense,réfrigérateur Hisense side by side 2portes 668 litres inverter gris rs87ws,froid,Réfrigérateurs,618900,frigo,jour,668 L,Type: Inverter | Capacité: 668 L | Couleur: Gris | Garantie: 12 mois,images/REFHIS87-RS87WS-1.jpg,images/REFHIS87-RS87WS-1.jpg;images/REFHIS87-RS87WS-2.png,oui,"Ce réfrigérateur side by side Hisense propose une grande capacité de 668 litres pour les besoins de stockage importants.

Points forts
• Grande capacité de 668 litres
• Technologie Inverter

Caractéristiques
Capacité : 668 L
Type : Inverter
Couleur : Gris"
REFHIS54-RQ54WC,Hisense,réfrigérateur Hisense side by side 4portes 431 litres inverter gris rq54wc,froid,Réfrigérateurs,431900,frigo,jour,431 L,Type: Inverter | Capacité: 431 L | Couleur: Gris | Garantie: 12 mois,images/REFHIS54-RQ54WC-2.png,images/REFHIS54-RQ54WC-2.png;images/REFHIS54-RQ54WC-1.png,oui,"Ce réfrigérateur side by side à 4 portes Hisense de 431 litres offre une organisation pratique et un refroidissement homogène.

Points forts
• Capacité brute de 431 litres
• Refroidissement Total No Frost et Multi-Air Flow
• Modes Super Cool et Super Freeze
• Compartiment Fresh Box pour fruits et légumes

Caractéristiques
Capacité : 431L (brut)
Refroidissement : Total No Frost, Multi-Air Flow
Design : 4 portes
Dimensions : 794 × 698 × 1785 mm
Type : Inverter
Couleur : Gris"
REFHIS61-RQ61WC,Hisense,réfrigérateur Hisense side by side 4portes 470 litres avec fontaine inverter Inox rq61wc4sa,froid,Réfrigérateurs,717000,frigo,jour,470 L,Type: Inverter | Capacité: 470 L | Couleur: Inox | Garantie: 12 mois,images/REFHIS61-RQ61WC-1.png,images/REFHIS61-RQ61WC-1.png;images/REFHIS61-RQ61WC-2.png,oui,"Ce réfrigérateur side by side Hisense à 4 portes intègre un distributeur d'eau et une capacité de 470 litres pour le confort de toute la maison.

Points forts
• Capacité de 470 litres
• Distributeur d'eau intégré
• Réfrigération Dual-Tech et Multi-flux d'air
• Bac à légumes Zone Fresh

Caractéristiques
Capacité : 470 Litres
Réfrigération : Dual-Tech
Classe énergétique : A+
Dimensions : 794 x 698 x 1785 mm
Couleur : Inox
Type : Inverter"
REFHIS73-RC73WC,Hisense,réfrigérateur Hisense side by side 4portes 500 litres cross rc73wc4sa,froid,Réfrigérateurs,532000,frigo,jour,500 L,Capacité: 500 L | Garantie: 12 mois,images/REFHIS73-RC73WC-1.jpg,images/REFHIS73-RC73WC-1.jpg,oui,"Ce réfrigérateur side by side à 4 portes offre une grande capacité de stockage pour conserver tous vos aliments au quotidien.

Points forts
• Capacité nette totale de 610 litres
• Classe énergétique A+
• Quatre portes pratiques

Caractéristiques
Type de produit : Réfrigérateur Side by Side
Classe énergétique : A+
Capacité nette totale : 610 litres
Capacité nette du réfrigérateur : 400 litres
Capacité nette du congélateur : 210 litres
Poids : 99 kg
Classe climatique : N, ST, T
Tension : 220-240 V
Fréquence : 50 Hz
Dimensions nettes : 912 x 726 x 1766 mm
Nombre de portes : 4 portes"
REFHIS68-RC68ZC,Hisense,réfrigérateur Hisense side by side 4portes 522l avec fontaine + ecran noir Wi-Fi rc68wc4sb,froid,Réfrigérateurs,1502000,frigo,jour,522 L,Couleur: Noir | Garantie: 12 mois,images/REFHIS68-RC68ZC-1.jpg,images/REFHIS68-RC68ZC-1.jpg;images/REFHIS68-RC68ZC-2.png,oui,"Ce réfrigérateur américain à 4 portes intègre une connectivité Wi-Fi et un distributeur d'eau pour un usage quotidien pratique.

Points forts
• Volume total de 522 litres
• Distributeur d'eau intégré
• Connectivité Wi-Fi avec Connect Life
• Technologie Inverter

Caractéristiques
Type de produit : Réfrigérateur américain 4 portes
Volume total : 522 litres
Dimensions : 91,4 x 72,5 x 178,5 cm
Poids : 139 kg
Couleur : Gris (Inox looking)
Poignée de porte : Intégré"
REFHIS56-RC73WC,Hisense,réfrigérateur Hisense side by side 4portes 560 litres verre colore rc73wc4sw,froid,Réfrigérateurs,847000,frigo,jour,560 L,Capacité: 560 L | Garantie: 12 mois,images/REFHIS56-RC73WC-1.png,images/REFHIS56-RC73WC-1.png;images/REFHIS56-RC73WC-2.png;images/REFHIS56-RC73WC-3.png,oui,"Ce réfrigérateur side by side à 4 portes dispose d'une finition en verre haut de gamme et d'une technologie triple zone.

Points forts
• Capacité nette totale de 560 L
• Classe énergétique A+
• Finition en verre haut de gamme
• Technologie d'onduleur triple zone

Caractéristiques
Type de produit : Réfrigérateur Side by Side
Classe énergétique : A+
Capacité nette totale : 560 L
Dimensions : 912 x 725 x 1785 mm
Poids net : 118 kg"
REFHIS60-RQ9P600,Hisense,réfrigérateur Hisense side by side 4portes 617 litres + dist d'eau + glacon noir rq9p600gtl,froid,Réfrigérateurs,1212000,frigo,jour,617 L,Capacité: 617 L | Couleur: Noir | Garantie: 12 mois,images/REFHIS60-RQ9P600-3.png,images/REFHIS60-RQ9P600-3.png;images/REFHIS60-RQ9P600-1.jpg;images/REFHIS60-RQ9P600-2.png;images/REFHIS60-RQ9P600-4.png;images/REFHIS60-RQ9P600-5.png,oui,"Ce réfrigérateur side by side à 4 portes propose une capacité de 617 litres avec distributeur d'eau et de glaçons.

Points forts
• Capacité de 617 litres
• Distributeur d'eau et de glaçons
• Coloris noir

Caractéristiques
Type : Side by side 4 portes
Capacité : 617 L
Couleur : Noir"
REFHIS30-FL30FC,Hisense,réfrigérateur Hisense vertical 221 litres vitrine fl30fc,froid,Réfrigérateurs,246900,frigo,jour,221 L,Type: Vertical | Capacité: 221 L | Garantie: 12 mois,images/REFHIS30-FL30FC-1.jpg,images/REFHIS30-FL30FC-1.jpg;images/REFHIS30-FL30FC-2.png,oui,"Ce réfrigérateur vertical vitrine offre une capacité de 221 litres pour stocker et présenter vos produits.

Points forts
• Capacité de 221 litres
• Modèle vertical vitrine

Caractéristiques
Type : Vertical vitrine
Capacité : 221 L"
REFHIS37-FL37FC,Hisense,réfrigérateur Hisense vertical 271 litres vitrine fl37fc,froid,Réfrigérateurs,207000,frigo,jour,271 L,Type: Vertical | Capacité: 271 L | Garantie: 12 mois,images/REFHIS37-FL37FC-1.png,images/REFHIS37-FL37FC-1.png;images/REFHIS37-FL37FC-2.jpg,oui,"Ce réfrigérateur vertical vitrine dispose d'une capacité de 271 litres adaptée à l'exposition de produits.

Points forts
• Capacité de 271 litres
• Modèle vertical vitrine

Caractéristiques
Type : Vertical vitrine
Capacité : 271 L"
REFHIS81-FL81WC,Hisense,réfrigérateur Hisense vertical 2portes vitrine noir fl81wc,froid,Réfrigérateurs,552700,frigo,jour,,Type: Vertical | Couleur: Noir | Garantie: 12 mois,images/REFHIS81-FL81WC-2.png,images/REFHIS81-FL81WC-2.png;images/REFHIS81-FL81WC-5.png;images/REFHIS81-FL81WC-1.png;images/REFHIS81-FL81WC-3.png;images/REFHIS81-FL81WC-4.png,oui,"Ce réfrigérateur vertical Hisense à deux portes et vitrine noire est conçu pour la présentation et le stockage de vos produits.

Points forts
• Type vertical
• Coloris noir

Caractéristiques
Type : Vertical
Couleur : Noir"
REFHIS50-FL50V0,Hisense,réfrigérateur Hisense vertical 382 litres vitrine fl50fc,froid,Réfrigérateurs,362000,frigo,jour,382 L,Type: Vertical | Capacité: 382 L | Garantie: 12 mois,images/REFHIS50-FL50V0-1.jpg,images/REFHIS50-FL50V0-1.jpg,oui,"Ce réfrigérateur vertical Hisense d'une capacité de 382 litres dispose d'une porte vitrée transparente, idéal pour l'affichage de boissons.

Points forts
• Capacité de 382 litres
• Porte vitrée transparente
• Refroidisseur d'affichage de boissons
• Capacité de rétention de 48h

Caractéristiques
Type : Vertical
Capacité : 382 L
Réfrigérant : Gaz R600
Couleur : Blanche"
REFHIS42-FL42FC,Hisense,réfrigérateur Hisense vetical 320 litres vitrine fl42fc,froid,Réfrigérateurs,331900,frigo,jour,320 L,Capacité: 320 L | Garantie: 12 mois,images/REFHIS42-FL42FC-1.jpg,images/REFHIS42-FL42FC-1.jpg,oui,"Ce réfrigérateur vertical Hisense d'une capacité de 320 litres convient pour le stockage de vos denrées.

Points forts
• Capacité de 320 litres

Caractéristiques
Type : Vertical
Capacité : 320 L"
REFHOT84-HA84BE,Autre Marque,réfrigérateur hotpoint 558 litres combine 3tiroirs gris ha84be72x84cme,froid,Réfrigérateurs,456000,frigo,jour,558 L,Capacité: 558 L | Couleur: Gris | Garantie: 12 mois,images/REFHOT84-HA84BE-2.jpg,images/REFHOT84-HA84BE-2.jpg;images/REFHOT84-HA84BE-5.jpg;images/REFHOT84-HA84BE-1.jpg;images/REFHOT84-HA84BE-3.jpg;images/REFHOT84-HA84BE-4.jpg,oui,"Ce réfrigérateur combiné Hotpoint de 558 litres avec congélateur inférieur offre un grand espace de stockage pour vos aliments.

Points forts
• Capacité de 558 litres
• Technologie No Frost avec dégivrage automatique
• Configuration avec congélateur inférieur et 3 tiroirs
• Classe énergétique 4 étoiles

Caractéristiques
Capacité : 558 L
Couleur : Acier inoxydable / Gris
Configuration : Congélateur inférieur
Nombre de portes : 2
Dimensions du produit : 75 x 84 x 186 cm
Poids : 114 kg
Système de dégivrage : Automatique
Type d'installation : Installation gratuite"
REFRIGERATEUR-ICONA-COMBINE-3TIROIRS-SILVER-ILRFC180H,Icona,réfrigérateur icona combine 3tiroirs silver ilrfc180h,froid,Réfrigérateurs,245000,frigo,jour,3 tiroirs,Couleur: Silver | Garantie: 12 mois,images/REFRIGERATEUR-ICONA-COMBINE-3TIROIRS-SILVER-ILRFC180H-2.jpg,images/REFRIGERATEUR-ICONA-COMBINE-3TIROIRS-SILVER-ILRFC180H-2.jpg;images/REFRIGERATEUR-ICONA-COMBINE-3TIROIRS-SILVER-ILRFC180H-1.jpg,oui,"Ce réfrigérateur combiné Icona silver à 3 tiroirs est pratique pour conserver vos aliments au quotidien.

Points forts
• Partie supérieure avec fonction congélation rapide
• Système de refroidissement direct sans transfert d'odeurs
• Format peu encombrant

Caractéristiques
Couleur : Silver
Tension : 220V-240V - 50Hz
Dimensions : 530x580x1455 mm"
REFLG41-GCF411E,LG,réfrigérateur LG 1porte 313 litres avec distributeur d'eau gcf411eldm,froid,Réfrigérateurs,644000,frigo,jour,313 L,Capacité: 313 L | Garantie: 12 mois,images/REFLG41-GCF411E-2.jpg,images/REFLG41-GCF411E-2.jpg;images/REFLG41-GCF411E-5.jpg;images/REFLG41-GCF411E-1.jpg;images/REFLG41-GCF411E-3.jpg;images/REFLG41-GCF411E-4.jpg,oui,"Ce réfrigérateur LG une porte de 313 litres intègre un distributeur d'eau et un éclairage LED performant.

Points forts
• Capacité de 313 litres
• Distributeur d'eau mince
• Compresseur Smart Inverter
• Éclairage par tour lumineuse et LED supérieures

Caractéristiques
Capacité : 313 L
Capacité totale : 380 L
Dimensions : 595 x 1860 x 707 mm
Type : 1 porte"
REFLG19-GCFB195,LG,réfrigérateur LG 2portes 195 litres gris gcfb195pqcf,froid,Réfrigérateurs,212000,frigo,jour,195 L,Capacité: 195 L | Couleur: Gris | Garantie: 12 mois,images/REFLG19-GCFB195-1.png,images/REFLG19-GCFB195-1.png;images/REFLG19-GCFB195-2.png,oui,"Ce réfrigérateur 2 portes de 195 litres en couleur gris est conçu pour conserver vos aliments au quotidien.

Points forts
• Capacité totale de 195 litres
• Clayettes en verre trempé
• Poignée encastrée et porte semi-plate
• Éclairage intérieur intégré

Caractéristiques
Capacité : 195 L
Couleur : Gris
Classe climatique : T
Voltage : 220V
Fréquence : 50 Hz
Dimensions : 525 x 1435 x 545 mm
Type de froid : Refroidissement direct avec formation de givre"
REFLG31-GNB312P,LG,réfrigérateur LG 2portes 320 litres inverter new model gris gnb312plgb,froid,Réfrigérateurs,407800,frigo,jour,320 L,Type: Inverter | Capacité: 320 L | Couleur: Gris | Garantie: 12 mois,images/REFLG31-GNB312P-2.png,images/REFLG31-GNB312P-2.png;images/REFLG31-GNB312P-5.png;images/REFLG31-GNB312P-1.jpg;images/REFLG31-GNB312P-3.png;images/REFLG31-GNB312P-4.png,oui,"Ce réfrigérateur à congélateur supérieur d'une capacité de 320 litres intègre un compresseur Smart Inverter pour vos besoins de conservation.

Points forts
• Capacité de 320 litres
• Compresseur Smart Inverter
• Système de refroidissement linéaire et de porte
• Flux d'air multiples et désodorisant

Caractéristiques
Type : Inverter
Capacité : 320 L
Couleur : Gris
Dimensions : 600 x 1640 x 710 mm
Poids de l'emballage : 63 kg"
REFLG39-GNB392P,LG,réfrigérateur LG 2portes 395 litres inverter new model gris gnb392plgb,froid,Réfrigérateurs,515600,frigo,jour,395 L,Type: Inverter | Capacité: 395 L | Couleur: Gris | Garantie: 12 mois,images/REFLG39-GNB392P-1.jpg,images/REFLG39-GNB392P-1.jpg;images/REFLG39-GNB392P-4.png;images/REFLG39-GNB392P-2.png;images/REFLG39-GNB392P-3.png;images/REFLG39-GNB392P-5.png,oui,"Ce réfrigérateur de 395 litres en finition grise dispose d'un système NoFrost et d'un compresseur Smart Inverter.

Points forts
• Capacité de 395 litres
• Technologie de refroidissement NoFrost
• Compresseur Smart Inverter
• Classe énergétique A+++

Caractéristiques
Type : Inverter
Capacité : 395 L
Couleur : Gris
Système de refroidissement : NoFrost
Classe énergétique : A++
Dimensions : 1760 x 680 x 700 mm"
REFLG39-GNB392X,LG,réfrigérateur LG 2portes 395 litres inverter new model noir gnb392pxgb,froid,Réfrigérateurs,517000,frigo,jour,395 L,Type: Inverter | Capacité: 395 L | Couleur: Noir | Garantie: 12 mois,images/REFLG39-GNB392X-3.png,images/REFLG39-GNB392X-3.png;images/REFLG39-GNB392X-1.jpg;images/REFLG39-GNB392X-2.png;images/REFLG39-GNB392X-4.jpg;images/REFLG39-GNB392X-5.png,oui,"Ce réfrigérateur à congélateur supérieur noir de 395 litres combine un compresseur Smart Inverter et le système NoFrost.

Points forts
• Capacité de 395 litres
• Système de refroidissement NoFrost
• Étagères en verre trempé et boîte à légumes
• Paniers de porte transparents

Caractéristiques
Type : Inverter
Capacité : 395 L
Couleur : Noir
Système de refroidissement : NoFrost
Dimensions : 1760 x 680 x 700 mm"
REFLG39-GNF392P,LG,réfrigérateur LG 2portes 423 litres inverter new modele gris gnf392pfak,froid,Réfrigérateurs,551900,frigo,jour,423 L,Type: Inverter | Capacité: 423 L | Couleur: Gris | Garantie: 12 mois,images/REFLG39-GNF392P-1.png,images/REFLG39-GNF392P-1.png;images/REFLG39-GNF392P-4.png;images/REFLG39-GNF392P-2.png;images/REFLG39-GNF392P-3.png;images/REFLG39-GNF392P-5.png,oui,"Ce réfrigérateur 2 portes de 423 litres de type Inverter en couleur gris assure la conservation de vos denrées.

Points forts
• Capacité de 423 litres
• Technologie Inverter

Caractéristiques
Type : Inverter
Capacité : 423 L
Couleur : Gris"
REFLG89-GRTF892,LG,réfrigérateur LG 2portes avec distributeur d'eau gris grtf892pfbq,froid,Réfrigérateurs,751900,frigo,jour,,Couleur: Gris | Garantie: 12 mois,images/REFLG89-GRTF892-3.png,images/REFLG89-GRTF892-3.png;images/REFLG89-GRTF892-1.png;images/REFLG89-GRTF892-2.png,oui,"Ce réfrigérateur 2 portes de couleur grise est équipé d'un distributeur d'eau pour un usage pratique au quotidien.

Points forts
• Distributeur d'eau intégré
• Format 2 portes

Caractéristiques
Couleur : Gris
Fonctions : Distributeur d'eau"
REFLG68-T682HLC,LG,réfrigérateur LG 2portes gris glc682hlcl,froid,Réfrigérateurs,340000,frigo,jour,,Couleur: Gris | Garantie: 12 mois,images/REFLG68-T682HLC-1.png,images/REFLG68-T682HLC-1.png;images/REFLG68-T682HLC-2.png;images/REFLG68-T682HLC-3.png,oui,"Ce réfrigérateur double battant offre une grande capacité de stockage et un distributeur d'eau extérieur. Il intègre des fonctions connectées et un système de refroidissement performant.

Points forts
• Capacité totale de 471 litres
• Distributeur d'eau extérieur et machine à glacer
• Technologie InstaView Porte-à-porte
• Fonctionnalités connectées Smart ThinQ et diagnostic intelligent

Caractéristiques
Type de produit : Réfrigérateur Double Battant
Modèle : GL-C682HLCL
Capacité : 471 litres
Type : Autoportant
Style : Porte française
Distributeur : Extérieur
Machine à glacer : Oui
Dégivrage : Automatique
Matériau des étagères : Verre
Couleur : Gris"
REFLG27-GCFB276,LG,réfrigérateur LG combine 3tiroirs 221 litres gris gcfb276pqcf,froid,Réfrigérateurs,285000,frigo,jour,221 L,Capacité: 221 L | Couleur: Gris | Garantie: 12 mois,images/REFLG27-GCFB276-1.png,images/REFLG27-GCFB276-1.png;images/REFLG27-GCFB276-4.png;images/REFLG27-GCFB276-2.png;images/REFLG27-GCFB276-3.png;images/REFLG27-GCFB276-5.png,oui,"Ce réfrigérateur combiné dispose de trois tiroirs et d'un volume total pratique pour conserver vos aliments frais et surgelés au quotidien.

Points forts
• Volume total de 221 litres
• Technologie Total No Frost
• Flux d'air multiples pour une température homogène
• Éclairage LED de qualité supérieure

Caractéristiques
Modèle : GCFB276PQCF
Capacité : 221 L
Volume frais : 177 litres
Volume congélateur : 62 litres
Alimentation : 220V - 240V - 50Hz
Classe climatique : T
Réfrigérant : R600a
Dimensions : 174,5 x 48,2 cm
Poids : 53 kg
Couleur : Gris"
REFLG68-GCF689S,LG,réfrigérateur LG combine 3tiroirs avec fontaine gris gcf689blcm,froid,Réfrigérateurs,659200,frigo,jour,3 tiroirs,Couleur: Gris | Garantie: 12 mois,images/REFLG68-GCF689S-2.jpg,images/REFLG68-GCF689S-2.jpg;images/REFLG68-GCF689S-5.jpg;images/REFLG68-GCF689S-1.jpg;images/REFLG68-GCF689S-3.jpg;images/REFLG68-GCF689S-4.jpg,oui,"Ce réfrigérateur combiné est équipé d'un distributeur d'eau avec réservoir intégré et d'un système de refroidissement sans givre pour préserver vos aliments.

Points forts
• Capacité de 446 litres
• Distributeur d'eau avec réservoir intégré
• Système Hygiene Fresh+
• Éclairage intérieur Eco LED

Caractéristiques
Référence : GC-F689BLCM
Capacité : 446 litres
Distributeur d'eau : Oui
Étagères : Verre trempé
Machine à glaçons : Oui
Refroidissement : Sans givre
Couleur : Gris"
REFLG39-GCB399N,LG,réfrigérateur LG combine 3tiroirs gris gcb399nljm,froid,Réfrigérateurs,387200,frigo,jour,3 tiroirs,Couleur: Gris | Garantie: 12 mois,images/REFLG39-GCB399N-3.jpg,images/REFLG39-GCB399N-3.jpg;images/REFLG39-GCB399N-1.jpg;images/REFLG39-GCB399N-2.jpg;images/REFLG39-GCB399N-4.jpg;images/REFLG39-GCB399N-5.jpg,oui,"Ce réfrigérateur combiné propose un volume net de 306 litres réparti entre un espace réfrigérateur et un congélateur à trois tiroirs.

Points forts
• Volume net total de 306 litres
• Système de froid ventilé No Frost
• Classe d'efficacité énergétique A+

Caractéristiques
Référence : GC-B399NLJM
Indice d'efficacité énergétique : A+
Classe climatique : SN-T
Niveau sonore : 42 dB(A)
Volume net total : 306 Litres
Volume réfrigérateur : 202 Litres
Volume congélateur : 104 Litres
Nombre de tiroirs congélateur : 3
Dimensions (l x h x p) : 59,5 x 189,5 x 65,7 mm
Poids net : 77 kg
Couleur : Gris"
REFLG45-GCB459N,LG,réfrigérateur LG combine 3tiroirs gris gcb459nlhm,froid,Réfrigérateurs,419000,frigo,jour,3 tiroirs,Couleur: Gris | Garantie: 12 mois,images/REFLG45-GCB459N-3.jpg,images/REFLG45-GCB459N-3.jpg;images/REFLG45-GCB459N-1.jpg;images/REFLG45-GCB459N-2.jpg;images/REFLG45-GCB459N-4.jpg;images/REFLG45-GCB459N-5.jpg,oui,"Ce réfrigérateur combiné offre un espace de rangement optimisé avec un compresseur linéaire à onduleur et un affichage LED externe.

Points forts
• Compresseur linéaire à onduleur
• Système de refroidissement de porte
• Joint de porte antibactérien Bio Shield
• Autonomie de conservation de 19 heures

Caractéristiques
Référence : GC-B459NLHM
Type de contrôle : Électronique
Matériel d'étagère : Verre
Consommation d'énergie : 256 kWh / an
Autonomie : 19 heures
Capacité de congélation : 14 kg / jour
Classe climatique : TSN
Niveau de bruit : 36 dBA
Poids : 70 kg
Dimensions : 59,5 x 68,2 x 186 cm
Couleur : Gris"
REFLG50-SBSB507,LG,réfrigérateur LG side by side 2portes 519 litres gris gcfb507pqam,froid,Réfrigérateurs,770500,frigo,jour,519 L,Capacité: 519 L | Couleur: Gris | Garantie: 12 mois,images/REFLG50-SBSB507-1.jpg,images/REFLG50-SBSB507-1.jpg;images/REFLG50-SBSB507-4.jpg;images/REFLG50-SBSB507-2.jpg;images/REFLG50-SBSB507-3.jpg;images/REFLG50-SBSB507-5.jpg,oui,"Ce grand réfrigérateur side by side propose une capacité généreuse de 519 litres et un écran tactile LED.

Points forts
• Capacité nette de 519 litres
• Technologie Total No Frost
• Compresseur Smart Inverter
• Écran LED tactile

Caractéristiques
Référence : GCFB507PQAM
Type de produit : Réfrigérateur side by side
Capacité nette : 519 L
Dimensions (l x h x p) : 910 x 1786 x 643 mm
Étagères : Verre trempé
Couleur : Gris"
REFLG25-GC257CS,LG,réfrigérateur LG side by side 2portes avec fontaine gris gcx257csew,froid,Réfrigérateurs,1322000,frigo,jour,,Couleur: Gris | Garantie: 12 mois,images/REFLG25-GC257CS-2.png,images/REFLG25-GC257CS-2.png;images/REFLG25-GC257CS-5.png;images/REFLG25-GC257CS-1.png;images/REFLG25-GC257CS-3.png;images/REFLG25-GC257CS-4.png,oui,"Ce réfrigérateur side by side à 2 portes est doté d'une fontaine intégrée. Il s'intègre facilement dans votre cuisine pour conserver vos aliments au frais.

Points forts
• Design de couleur gris
• Configuration side by side à 2 portes
• Fontaine intégrée

Caractéristiques
Couleur : Gris
Nombre de portes : 2
Type : Side by side"
REFLG4P-GCFB41F,LG,réfrigérateur LG side by side 4portes 434 litres inverter gris gcfb41fplam,froid,Réfrigérateurs,551900,frigo,jour,434 L,Type: Inverter | Capacité: 434 L | Couleur: Gris | Garantie: 12 mois,images/REFLG4P-GCFB41F-2.png,images/REFLG4P-GCFB41F-2.png;images/REFLG4P-GCFB41F-1.jpg;images/REFLG4P-GCFB41F-3.jpg,oui,"Ce réfrigérateur side by side à 4 portes offre une capacité de 434 litres et intègre un compresseur inverter. Il répond aux besoins de stockage de votre foyer.

Points forts
• Capacité de 434 litres
• Technologie de type Inverter
• Configuration à 4 portes
• Coloris gris

Caractéristiques
Capacité : 434 L
Type : Inverter
Couleur : Gris
Nombre de portes : 4
Type de réfrigérateur : Side by side"
REFLG4P-GCFB50P,LG,réfrigérateur LG side by side 4portes 550 litres inverter gris gcfb50fplam,froid,Réfrigérateurs,456000,frigo,jour,550 L,Type: Inverter | Capacité: 550 L | Couleur: Gris | Garantie: 12 mois,images/REFLG4P-GCFB50P-2.jpg,images/REFLG4P-GCFB50P-2.jpg;images/REFLG4P-GCFB50P-1.jpg;images/REFLG4P-GCFB50P-3.png,oui,"Avec sa grande capacité de 550 litres et ses 4 portes, ce réfrigérateur side by side est équipé de la technologie inverter pour conserver tous vos aliments.

Points forts
• Grande capacité de 550 litres
• Technologie Inverter
• Quatre portes pratiques
• Finition de couleur grise

Caractéristiques
Capacité : 550 L
Type : Inverter
Couleur : Gris
Nombre de portes : 4
Type de réfrigérateur : Side by side"
REFLG4P-GC257KJ,LG,réfrigérateur LG side by side 4portes gris gcb257kljw,froid,Réfrigérateurs,750000,frigo,jour,,Couleur: Gris | Garantie: 12 mois,images/REFLG4P-GC257KJ-1.png,images/REFLG4P-GC257KJ-1.png;images/REFLG4P-GC257KJ-4.png;images/REFLG4P-GC257KJ-2.png;images/REFLG4P-GC257KJ-3.png,oui,"Ce réfrigérateur side by side à 4 portes arbore un coloris gris. Il propose un espace de rangement adapté pour vos denrées.

Points forts
• Configuration à 4 portes
• Design gris
• Modèle side by side

Caractéristiques
Couleur : Gris
Nombre de portes : 4
Type : Side by side"
REFLG24-GRA24FD,LG,réfrigérateur LG side by side 4portes gris gra24fdmmb,froid,Réfrigérateurs,780000,frigo,jour,,Couleur: Gris | Garantie: 12 mois,images/REFLG24-GRA24FD-3.png,images/REFLG24-GRA24FD-3.png;images/REFLG24-GRA24FD-1.png;images/REFLG24-GRA24FD-2.png;images/REFLG24-GRA24FD-4.png;images/REFLG24-GRA24FD-5.png,oui,"Ce modèle de réfrigérateur side by side dispose de 4 portes et d'une couleur grise. Il permet de stocker vos provisions au quotidien.

Points forts
• Quatre portes d'accès
• Coloris gris
• Format side by side

Caractéristiques
Couleur : Gris
Nombre de portes : 4
Type : Side by side"
REFLG28-GCJSQUV,LG,réfrigérateur LG side by side avec fontaine gc287 squv,froid,Réfrigérateurs,820000,frigo,jour,,Garantie: 12 mois,images/REFLG28-GCJSQUV-1.jpg,images/REFLG28-GCJSQUV-1.jpg;images/REFLG28-GCJSQUV-4.jpg;images/REFLG28-GCJSQUV-2.jpg;images/REFLG28-GCJSQUV-3.jpg,oui,"Ce réfrigérateur side by side à 4 portes propose une capacité de 506 litres ainsi qu'une fontaine. Il convient pour conserver les aliments de toute la famille.

Points forts
• Grande capacité de 506 litres
• Quatre portes pour une meilleure organisation
• Fontaine intégrée
• Classe énergétique F

Caractéristiques
Type de réfrigérateur : Side by side
Capacité : 506 Litres
Nombre de portes : 4 portes
Classe énergétique : F
Dimensions (l x H x P) : 912 x 1790 x 738 mm
Poids : 113 kg"
REFLG24-GCX24FF,LG,réfrigérateur LG side by side knock knock 4portes noir gcx24ffcab,froid,Réfrigérateurs,1492000,frigo,jour,,Couleur: Noir | Garantie: 12 mois,images/REFLG24-GCX24FF-2.png,images/REFLG24-GCX24FF-2.png;images/REFLG24-GCX24FF-5.png;images/REFLG24-GCX24FF-1.png;images/REFLG24-GCX24FF-3.png;images/REFLG24-GCX24FF-4.png,oui,"Ce réfrigérateur 4 portes de couleur noire convient pour conserver vos aliments au quotidien.

Points forts
• Design 4 portes élégant en coloris noir

Caractéristiques
Couleur : Noir"
REFLG25-GCX257E,LG,réfrigérateur LG side by side knock knock avec fontaine gris gcx257cses,froid,Réfrigérateurs,950000,frigo,jour,,Couleur: Gris | Garantie: 12 mois,images/REFLG25-GCX257E-1.jpg,images/REFLG25-GCX257E-1.jpg;images/REFLG25-GCX257E-2.jpg;images/REFLG25-GCX257E-3.jpg,oui,"Ce réfrigérateur américain gris offre une grande capacité de stockage pour vos denrées et dispose d'un distributeur d'eau et de glace.

Points forts
• Capacité nette totale de 617 litres
• Technologie InstaView et Door In Door
• Distributeur d'eau, glaçons et glace pilée
• Système de refroidissement No Frost

Caractéristiques
Capacité totale nette : 617 litres
Capacité de stockage congélateur : 219 litres
Capacité de stockage réfrigérateur : 416 litres
Type de compresseur : Linéaire Inverter
Couleur : Gris
Finition de porte : Argent noble
Agent frigorigène : R600a
Dimensions produit (LxHxP) : 913 x 1 790 x 735 mm
Poids net : 130 kg"
REFMID28-HS281S,Midea,réfrigérateur Midea 1porte vitrine hs281sn,froid,Réfrigérateurs,280000,frigo,jour,,Garantie: 12 mois,images/REFMID28-HS281S-1.png,images/REFMID28-HS281S-1.png;images/REFMID28-HS281S-2.png,oui,"Ce réfrigérateur 1 porte vitrine convient pour la présentation et la conservation de vos produits.

Points forts
• Porte vitrine pour une visibilité directe"
REFMID43-MDRZ43,Midea,réfrigérateur Midea 1porte vitrine mdrz432zg21,froid,Réfrigérateurs,350000,frigo,jour,,Garantie: 12 mois,images/REFMID43-MDRZ43-2.png,images/REFMID43-MDRZ43-2.png;images/REFMID43-MDRZ43-1.png;images/REFMID43-MDRZ43-3.png;images/REFMID43-MDRZ43-4.png,oui,"Ce réfrigérateur 1 porte vitrine permet d'exposer et de stocker vos articles.

Points forts
• Modèle 1 porte vitrine"
REFMID23-MDRT23,Midea,réfrigérateur Midea 2portes noir mdrt237fgg28,froid,Réfrigérateurs,164000,frigo,jour,,Couleur: Noir | Garantie: 12 mois,images/REFMID23-MDRT23-1.png,images/REFMID23-MDRT23-1.png;images/REFMID23-MDRT23-2.png;images/REFMID23-MDRT23-3.png,oui,"Ce réfrigérateur 2 portes de couleur noire est adapté pour la conservation de vos aliments.

Points forts
• Configuration 2 portes
• Coloris noir

Caractéristiques
Couleur : Noir"
REFMID29-MDRT29,Midea,réfrigérateur Midea 2portes noir mdrt294fgn28,froid,Réfrigérateurs,188000,frigo,jour,,Couleur: Noir | Garantie: 12 mois,images/REFMID29-MDRT29-1.png,images/REFMID29-MDRT29-1.png;images/REFMID29-MDRT29-2.png;images/REFMID29-MDRT29-3.png,oui,"Ce réfrigérateur 2 portes noir permet de ranger vos provisions de manière organisée.

Points forts
• Modèle 2 portes
• Design de couleur noire

Caractéristiques
Couleur : Noir"
REFMID12-HS121L,Midea,réfrigérateur Midea bar gris hs mdrd133fgg50,froid,Réfrigérateurs,87000,frigo,jour,,Couleur: Gris | Garantie: 12 mois,images/REFMID12-HS121L-3.jpg,images/REFMID12-HS121L-3.jpg;images/REFMID12-HS121L-1.jpg;images/REFMID12-HS121L-2.jpg;images/REFMID12-HS121L-4.png;images/REFMID12-HS121L-5.png,oui,"Ce réfrigérateur bar Midea d'une capacité de 121 litres est idéal pour conserver vos boissons et aliments au frais dans un espace restreint.

Points forts
• Capacité de 121 litres
• Équipé de clés pour la sécurité
• Classe énergétique A+
• Modèle tropicalisé

Caractéristiques
Couleur : Gris
Capacité : 121 Litres
Poids : 19 kg
Classe énergétique : A+
Voltage / Fréquence : 220-240V / 50Hz
Dimensions : Hauteur 84 cm, Largeur 47 cm, Profondeur 45 cm"
REFMID44-MRD424,Midea,réfrigérateur Midea combine 3tiroirs avec dist d'eau gris mrdb424fgf02,froid,Réfrigérateurs,317000,frigo,jour,3 tiroirs,Couleur: Gris | Garantie: 12 mois,images/REFMID44-MRD424-1.jpg,images/REFMID44-MRD424-1.jpg;images/REFMID44-MRD424-2.jpg,oui,"Ce réfrigérateur combiné Midea de 302 litres dispose de trois tiroirs et d'un distributeur d'eau pour un usage quotidien pratique.

Points forts
• Volume total net de 302 litres
• Distributeur d'eau intégré
• Portes réversibles avec dégagement zéro
• Éclairage LED pour le réfrigérateur
• Contrôle électronique avec affichage intérieur

Caractéristiques
Couleur : Gris Acier inoxydable
Nombre de tiroirs : 3 tiroirs
Gaz réfrigérant : R600A
Classe énergie : A++
Type de climat : ST/N
Volume total net : 302 L
Volume du réfrigérateur net : 224 L
Volume du congélateur net : 78 L
Dimensions : Hauteur : 188 cm, Largeur : 95 cm, Profondeur : 63 cm"
REFROC12-RFR125,Roch,réfrigérateur Roch 2portes 100 litres gris rfr125dtj,froid,Réfrigérateurs,94500,frigo,jour,100 L,Capacité: 100 L | Couleur: Gris | Garantie: 12 mois,images/REFROC12-RFR125-3.png,images/REFROC12-RFR125-3.png;images/REFROC12-RFR125-1.jpg;images/REFROC12-RFR125-2.png;images/REFROC12-RFR125-4.png,oui,"Ce réfrigérateur Roch à 2 portes offre une capacité de 100 litres pour répondre à vos besoins de conservation de base.

Points forts
• Capacité de 100 L
• Modèle 2 portes

Caractéristiques
Capacité : 100 L
Couleur : Gris"
REFROC13-RFR135,Roch,réfrigérateur Roch 2portes 135 litres gris rfr135dtj,froid,Réfrigérateurs,137000,frigo,jour,135 L,Capacité: 135 L | Couleur: Gris | Garantie: 12 mois,images/REFROC13-RFR135-1.jpg,images/REFROC13-RFR135-1.jpg,oui,"Ce réfrigérateur Roch de 135 litres à 2 portes assure un stockage efficace de vos provisions au quotidien.

Points forts
• Capacité totale effective de 135 litres
• Modèle 2 portes
• Puissance de 130 W
• Système Defrost

Caractéristiques
Puissance : 130 W
Type de produit : Réfrigérateur 2 portes
Capacité totale effective : 135 Litres
Couleur : Gris
Dimensions (HxLxP) : 124 x 50 x 54 cm"
REFROC17-RFR175,Roch,réfrigérateur Roch 2portes 175 litres gris rfr175dtl,froid,Réfrigérateurs,141900,frigo,jour,175 L,Capacité: 175 L | Couleur: Gris | Garantie: 12 mois,images/REFROC17-RFR175-2.jpg,images/REFROC17-RFR175-2.jpg;images/REFROC17-RFR175-1.jpg,oui,"Ce réfrigérateur Roch à 2 portes propose une capacité nette de 138 litres pour conserver vos aliments dans de bonnes conditions.

Points forts
• Capacité nette de 138L
• Réfrigérant R600a
• Puissance nominale de 80W

Caractéristiques
Tension : 220-240V
Fréquence : 50Hz
Puissance nominale : 80W
Courant nominal : 0.7A
Consommation d'électricité : 0.69 kW.h/24h
Capacité nette : 138L
Réfrigérant : R600a/41g
Poids : 30 kg
Couleur : Gris
Dimensions HxLxP : 125 x 47 x 48,5 cm"
REFROC33-RFR33R,Roch,réfrigérateur Roch 2portes inverter gris rfr330,froid,Réfrigérateurs,260000,frigo,jour,,Type: Inverter | Couleur: Gris | Garantie: 12 mois,images/REFROC33-RFR33R-1.png,images/REFROC33-RFR33R-1.png;images/REFROC33-RFR33R-2.png,oui,"Ce réfrigérateur Roch de 330 litres dispose d'un système de refroidissement à flux d'air multiple et de commandes électroniques.

Points forts
• Capacité utile totale de 330 litres
• Commandes électroniques
• Système de refroidissement à flux d'air multiple
• Éclairage intérieur LED
• Design sans cadre

Caractéristiques
Capacité utile totale : 330 L
Type de commandes : Électroniques
Consommation d'énergie : F/MEPS
Couleur : Gris
Dimensions nettes (L x P x H) : 545 x 590 x 1700 mm"
REFROC12-RFR120,Roch,réfrigérateur Roch bar 1porte gris rfr120s,froid,Réfrigérateurs,110000,frigo,jour,,Couleur: Gris | Garantie: 12 mois,images/REFROC12-RFR120-1.jpg,images/REFROC12-RFR120-1.jpg,oui,"Ce réfrigérateur 1 porte est conçu pour conserver vos aliments au frais. Il dispose d'un espace réfrigérateur et d'un petit compartiment congélateur.

Points forts
• Volume brut de 85 litres
• Corps résistant à la corrosion
• Condenseur extérieur
• Équipé d'un verrouillage et d'une clé

Caractéristiques
Type de produit : Réfrigérateur
Modèle : RFR-120S
Volume brut : 85 Litres
Volume réfrigérateur : 75 Litres
Volume congélateur : 10 Litres
Classe climatique : ST/T
Couleur : Gris"
REFROC11-FR110D,Roch,réfrigérateur Roch bar 2portes gris rfr110dt,froid,Réfrigérateurs,145000,frigo,jour,,Couleur: Gris | Garantie: 12 mois,images/REFROC11-FR110D-2.png,images/REFROC11-FR110D-2.png;images/REFROC11-FR110D-1.jpg,oui,"Ce réfrigérateur à deux portes convient pour le stockage quotidien de vos produits frais et surgelés. Il s'intègre facilement dans votre cuisine.

Points forts
• Capacité totale de 110 litres
• Conception à 2 portes
• Poids léger de 13 kg

Caractéristiques
Type de produit : Réfrigérateur
Modèle : RFR110DT
Capacité : 110 Litres
Nombre de portes : 2 Portes
Tension : 220V-240V
Fréquence : 50 Hz
Couleur : Gris
Poids : 13 kg"
REFROC15-150DBL,Roch,réfrigérateur Roch combine 2tiroirs 150l silver rfr150dbl,froid,Réfrigérateurs,134000,frigo,jour,150 L,Couleur: Silver | Garantie: 12 mois,images/REFROC15-150DBL-1.jpg,images/REFROC15-150DBL-1.jpg,oui,"Ce réfrigérateur combiné dispose de deux tiroirs pour organiser le rangement de vos denrées. Il convient pour un usage domestique régulier.

Points forts
• Capacité totale effective de 150 litres
• Classe énergétique A+
• Puissance de 130 W
• Présence de 2 tiroirs

Caractéristiques
Type de produit : Réfrigérateur combiné
Capacité totale effective : 150 Litres
Classe énergétique : A+
Puissance : 130 W
Consommation : 0,55 kw/ 24 h
Nombre de tiroirs : 2
Système de dégivrage : Defrost
Dimensions : 124 x 50 x 54 cm
Couleur : Silver"
REFROC14-RFR145,Roch,réfrigérateur Roch combine 2tiroirs gris rfr145dbw,froid,Réfrigérateurs,118000,frigo,jour,2 tiroirs,Couleur: Gris | Garantie: 12 mois,images/REFROC14-RFR145-3.png,images/REFROC14-RFR145-3.png;images/REFROC14-RFR145-1.jpg;images/REFROC14-RFR145-2.png;images/REFROC14-RFR145-4.png;images/REFROC14-RFR145-5.png,oui,"Ce réfrigérateur combiné offre un volume total de 108 litres pour la conservation de vos aliments. Il est adapté pour les foyers recherchant un appareil fonctionnel.

Points forts
• Volume total de 108 L
• Classe d'efficacité énergétique A+
• Niveau sonore de 39 db(A)

Caractéristiques
Type de produit : Réfrigérateur
Modèle : RFR-145 DB-W
Volume total : 108 L
Classe d'efficacité énergétique : A+
Consommation d'énergie : 321 KWh /an
Tension : 220-240 V
Fréquence : 60 Hz
Niveau sonore : 39 db(A)
Dimensions : 55 x 57 x 142 cm
Poids : 53 Kg
Couleur : Gris"
REFROC16-R160BB,Roch,réfrigérateur Roch combine 3tiroirs 140 litres gris rfr160bb,froid,Réfrigérateurs,149300,frigo,jour,140 L,Capacité: 140 L | Couleur: Gris | Garantie: 12 mois,images/REFROC16-R160BB-1.jpg,images/REFROC16-R160BB-1.jpg;images/REFROC16-R160BB-2.png,oui,"Ce réfrigérateur combiné à 3 tiroirs est conçu pour organiser le stockage de vos produits frais et surgelés.

Points forts
• Capacité de 140 litres
• Agencement à 3 tiroirs

Caractéristiques
Capacité : 140 L
Couleur : Gris"
REFROC3T-360DBB,Roch,réfrigérateur Roch combine 3tiroirs 360 litres avec fontaine gris 360bdb,froid,Réfrigérateurs,287000,frigo,jour,360 L,Capacité: 360 L | Couleur: Gris | Garantie: 12 mois,images/REFROC3T-360DBB-1.jpg,images/REFROC3T-360DBB-1.jpg,oui,"Ce réfrigérateur combiné offre un grand volume de stockage et dispose d'une fontaine à eau intégrée pour plus de praticité au quotidien.

Points forts
• Capacité brute de 360 litres
• Fontaine à eau intégrée
• Étagères en verre trempé ajustables
• Classe énergétique A+

Caractéristiques
Type de produit : Réfrigérateur combiné
Capacité brute : 360 L
Classe énergétique : A+
Nombre de portes : 2
Nombre de tiroirs : 3
Dimensions du produit : Hauteur : 1m82, Largeur : 59cm
Couleur : Gris"
REFROC310-310WB,Roch,réfrigérateur Roch combine 4tiroirs avec fontaine gris rfr-310wbh,froid,Réfrigérateurs,320000,frigo,jour,4 tiroirs,Couleur: Gris | Garantie: 12 mois,images/REFROC310-310WB-1.jpg,images/REFROC310-310WB-1.jpg,oui,"Le réfrigérateur combiné Roch offre une solution de stockage pratique avec ses 4 tiroirs et sa fontaine intégrée. Il convient parfaitement pour conserver vos aliments au quotidien.

Points forts
• Capacité totale effective de 310 litres
• Classe énergétique A++
• Volume net de 245 litres
• Intègre 4 étagères

Caractéristiques
Couleur : Gris
Type de produit : Combine
Capacité totale effective : 310 litres
Volume net : 245 litres
Classe énergétique : A++
Nombre d'étagères : 4
Volume frigo : 152L
Volume congel : 96L
Classe Climatique : T
Réfrigérant : R600a
Dimensions (L x P x H) : 540 x 610 x 1830 mm"
REFROC29-R290BD,Roch,réfrigérateur Roch combine 4tiroirs gris rfr290bb,froid,Réfrigérateurs,210000,frigo,jour,4 tiroirs,Couleur: Gris | Garantie: 12 mois,images/REFROC29-R290BD-1.jpg,images/REFROC29-R290BD-1.jpg,oui,"Ce réfrigérateur combiné Roch est doté de 4 tiroirs pour organiser facilement le rangement de vos denrées alimentaires.

Points forts
• Modèle combiné avec 4 tiroirs

Caractéristiques
Couleur : Gris"
REFROC38-RFR385,Roch,réfrigérateur Roch combine 4tiroirs No Frost rfr385db,froid,Réfrigérateurs,340000,frigo,jour,4 tiroirs,Garantie: 12 mois,images/REFROC38-RFR385-2.png,images/REFROC38-RFR385-2.png;images/REFROC38-RFR385-1.png,oui,"Le réfrigérateur combiné Roch propose une capacité totale effective de 305 litres pour stocker vos produits frais et surgelés.

Points forts
• Capacité totale effective de 305 litres
• Puissance de 75W
• Classe climatique N/ST/T

Caractéristiques
Capacité totale effective : 305 litres
Classe Climatique : N/ST/T
Voltage : 220-240V/50Hz
Puissance : 75W
Puissance Lampe : Max 2W
Largeur : 60 cm
Profondeur : 55 cm
Hauteur : 175 cm"
REFROC31-RFR31D,Roch,réfrigérateur Roch combine 5tiroirs 251 litres gris rfr310dbl,froid,Réfrigérateurs,275000,frigo,jour,251 L,Capacité: 251 L | Couleur: Gris | Garantie: 12 mois,images/REFROC31-RFR31D-1.jpg,images/REFROC31-RFR31D-1.jpg,oui,"Le réfrigérateur combiné Roch dispose de 5 tiroirs pour faciliter le tri de vos aliments et d'une capacité brute de 251 litres.

Points forts
• Capacité brute de 251 litres
• Classe énergétique A+
• Dispose de 5 tiroirs

Caractéristiques
Classe énergétique : A+
Type de produit : Réfrigérateur Combiné
Nombre de tiroirs : 5
Capacité brute : 251 Litres
Couleur : Gris"
REFROC70-700SBS,Roch,réfrigérateur Roch side by side 2portes avec fontaine gris rfr700sbsiwd,froid,Réfrigérateurs,580000,frigo,jour,,Couleur: Gris | Garantie: 12 mois,images/REFROC70-700SBS-1.jpg,images/REFROC70-700SBS-1.jpg;images/REFROC70-700SBS-2.png,oui,"Le réfrigérateur Side by Side Roch à 2 portes est équipé d'une fontaine et offre un grand volume de stockage de 518 litres.

Points forts
• Grande capacité de 518 litres
• Modèle Side by Side à 2 portes
• Fontaine intégrée

Caractéristiques
Couleur : Gris
Type de réfrigérateur : Réfrigérateur Side by Side
Capacité : 518 Litres
Nombre de portes : 2 portes
Dimensions (L x P x H) : 912 x 704 x 1770 mm"
REFROC52-RFR525,Roch,réfrigérateur Roch side by side 4portes avec fontaine 525 litres gris rfr525iwd4i,froid,Réfrigérateurs,537000,frigo,jour,525 L,Capacité: 525 L | Couleur: Gris | Garantie: 12 mois,images/REFROC52-RFR525-2.png,images/REFROC52-RFR525-2.png;images/REFROC52-RFR525-1.png,oui,"Ce réfrigérateur Side by Side Roch à 4 portes avec fontaine offre une capacité de 525 litres pour conserver vos provisions.

Points forts
• Capacité de 525 litres
• Modèle Side by Side à 4 portes avec fontaine

Caractéristiques
Capacité : 525 L
Couleur : Gris"
REFROC26-RSF260,Roch,réfrigérateur Roch vertical 1porte 260 litres vitrine rsf260o,froid,Réfrigérateurs,275000,frigo,jour,260 L,Type: Vertical | Capacité: 260 L | Garantie: 12 mois,images/REFROC26-RSF260-1.jpg,images/REFROC26-RSF260-1.jpg,oui,"Ce réfrigérateur vertical vitrine de 260 litres convient pour stocker et exposer vos boissons ou produits frais.

Points forts
• Capacité totale de 260 litres
• Format vertical vitrine
• Puissance d'entrée totale de 120W

Caractéristiques
Type : Vertical
Capacité : 260 L
Classe énergétique : T
Réfrigérant : R600a/43g
Fréquence : 50 Hz
Poids : 40 kg
Puissance d'entrée totale : 120 W
Courant nominal : 0,85 A"
REFROC42-RSF420,Roch,réfrigérateur Roch vertical 1porte 420 litres vitrine rsf420se,froid,Réfrigérateurs,307000,frigo,jour,420 L,Type: Vertical | Capacité: 420 L | Garantie: 12 mois,images/REFROC42-RSF420-1.jpg,images/REFROC42-RSF420-1.jpg,oui,"Ce réfrigérateur vertical vitrine offre une grande capacité de 420 litres pour vos besoins de conservation et d'exposition.

Points forts
• Capacité de 420 litres
• Classe énergétique A+
• Genre vitrine vertical

Caractéristiques
Type : Vertical
Capacité : 420 L
Classe énergétique : A+
Genre : Vitrine vertical
Tension : 220 V-240 V"
REFROC70-RSF700,Roch,réfrigérateur Roch vertical 2portes 700 litres vitrine rsf700seo,froid,Réfrigérateurs,612000,frigo,jour,700 L,Type: Vertical | Capacité: 700 L | Garantie: 12 mois,images/REFROC70-RSF700-1.png,images/REFROC70-RSF700-1.png;images/REFROC70-RSF700-2.png,oui,"Ce grand réfrigérateur vertical à deux portes et vitrine propose une capacité de 700 litres.

Points forts
• Grande capacité de 700 litres
• Conception à 2 portes
• Format vertical vitrine

Caractéristiques
Type : 2 portes
Capacité : 700 L"
REFSAM46-RT46K6,Samsung,réfrigérateur Samsung 2portes avec fontaine gris rt46k664ps9,froid,Réfrigérateurs,577000,frigo,jour,,Couleur: Gris | Garantie: 12 mois,images/REFSAM46-RT46K6-1.png,images/REFSAM46-RT46K6-1.png;images/REFSAM46-RT46K6-2.png,oui,"Ce réfrigérateur deux portes gris intègre la technologie Twin Cooling et une capacité nette de 452 litres.

Points forts
• Capacité nette de 452 litres
• Technologie Froid Ventilé Plus Twin Cooling
• Niveau sonore de 41 dBA
• Poids net avec emballage de 82 kg

Caractéristiques
Net total : 452 L
Technologie : Twin Cooling
Classe énergétique : A+
Niveau sonore : 41 dBA
Largeur net : 700 mm
Hauteur : 1825 mm
Profondeur produit : 726 mm
Profondeur hors porte : 639 mm
Poids net avec emballage : 82 kg"
REFSAM50-RB50DG,Samsung,réfrigérateur Samsung combine 3tiroirs 508 litres gris rb50dg601es9,froid,Réfrigérateurs,633300,frigo,jour,508 L,Capacité: 508 L | Couleur: Gris | Garantie: 12 mois,images/REFSAM50-RB50DG-2.png,images/REFSAM50-RB50DG-2.png;images/REFSAM50-RB50DG-5.png;images/REFSAM50-RB50DG-1.jpg;images/REFSAM50-RB50DG-3.png;images/REFSAM50-RB50DG-4.png,oui,"Ce réfrigérateur combiné 3 tiroirs de couleur grise offre une capacité de 508 litres.

Points forts
• Capacité de 508 L
• Modèle combiné 3 tiroirs
• Coloris gris

Caractéristiques
Type : Combiné 3 tiroirs
Capacité : 508 L
Couleur : Gris"
REFSAM30-J3700S,Samsung,réfrigérateur Samsung combine 3tiroirs avec fontaine gris rb30j3700sa,froid,Réfrigérateurs,342300,frigo,jour,3 tiroirs,Couleur: Gris | Garantie: 12 mois,images/REFSAM30-J3700S-1.jpg,images/REFSAM30-J3700S-1.jpg;images/REFSAM30-J3700S-2.jpg;images/REFSAM30-J3700S-3.jpg,oui,"Ce réfrigérateur combiné gris avec fontaine dispose d'un volume net total de 286 litres et d'une pose libre.

Points forts
• Volume net total de 286 litres
• Fontaine intégrée
• Classe énergétique A++
• Poids déballé de 68 kg

Caractéristiques
Type : Combiné avec fontaine
Volume congélateur : 98 L
Volume réfrigérateur : 188 L
Classe énergétique : A++
Dimensions : 178 x 60 cm
Poids déballé : 68 kg
Volume net total : 286 L
Type de pose : Pose libre
Couleur : Gris"
REFSAM33-RBJ370,Samsung,réfrigérateur Samsung combine 3tiroirs avec fontaine gris rb33j3700sa,froid,Réfrigérateurs,365800,frigo,jour,3 tiroirs,Couleur: Gris | Garantie: 12 mois,images/REFSAM33-RBJ370-1.png,images/REFSAM33-RBJ370-1.png;images/REFSAM33-RBJ370-2.png,oui,"Ce réfrigérateur combiné 3 tiroirs avec fontaine propose un grand volume de stockage pour conserver tous vos aliments. Il s'intègre facilement dans votre cuisine.

Points forts
• Capacité nette totale de 321 litres
• Type de refroidissement par froid ventilé
• Niveau sonore de 39 dBA

Caractéristiques
Type : Combiné 3 tiroirs
Dimensions (L x H x P) : 595 x 1850 x 668 mm
Poids : 67.50 kg
Type de refroidissement : Froid ventilé
Réfrigérant : R-600a
Classe d'efficacité énergétique : A+
Niveau sonore : 39 dBA
Classe climatique : SN-ST
Capacité nette totale : 321 litres
Capacité congélateur : 98 litres
Capacité réfrigérateur : 223 litres
Couleur : Gris"
REFSAM29-RB29FE,Samsung,réfrigérateur Samsung combine 3tiroirs gris rb29ferndsa,froid,Réfrigérateurs,367000,frigo,jour,3 tiroirs,Couleur: Gris | Garantie: 12 mois,images/REFSAM29-RB29FE-1.png,images/REFSAM29-RB29FE-1.png;images/REFSAM29-RB29FE-4.png;images/REFSAM29-RB29FE-2.png;images/REFSAM29-RB29FE-3.png;images/REFSAM29-RB29FE-5.png,oui,"Ce réfrigérateur combiné 3 tiroirs offre un espace de rangement pratique pour vos produits frais et surgelés au quotidien.

Points forts
• Modèle combiné 3 tiroirs
• Coloris gris

Caractéristiques
Type : Combiné 3 tiroirs
Couleur : Gris"
REFSAM53-RB53GR,Samsung,réfrigérateur Samsung combine 3tiroirs gris rb53 s9,froid,Réfrigérateurs,450000,frigo,jour,3 tiroirs,Couleur: Gris | Garantie: 12 mois,images/REFSAM53-RB53GR-1.jpg,images/REFSAM53-RB53GR-1.jpg;images/REFSAM53-RB53GR-4.jpg;images/REFSAM53-RB53GR-2.jpg;images/REFSAM53-RB53GR-3.jpg;images/REFSAM53-RB53GR-5.jpg,oui,"Ce réfrigérateur combiné 3 tiroirs dispose d'une belle capacité de stockage et de technologies modernes pour conserver vos denrées.

Points forts
• Capacité de 370 litres
• Connectivité WiFi via SmartThings
• Système de froid ventilé No Frost
• Revêtement intérieur Metal Cooling

Caractéristiques
Type de froid : Froid ventilé (No Frost)
Niveau sonore : 35 dB
Réfrigérateur : 370 L
Classe climatique : SN, N, ST, T
Voltage : 220-240V
Fréquence : 50Hz
Réfrigérant : R-600a
Dimensions : 203 cm x 71,1 cm x 75,9 cm
Connectivité : WiFi via SmartThings
Nombre de clayettes : 4
Nombre de balconnets de contre-porte : 5
Éclairage : LED
Couleur : Gris"
REFRIGERATEUR-SAMSUNG-COMBINE-4TIROIRS-AVEC-FONTAINE-SILVER-RL4363FBASL,Samsung,réfrigérateur Samsung combine 4tiroirs avec fontaine silver rl4363fbasl,froid,Réfrigérateurs,669800,frigo,jour,4 tiroirs,Couleur: Silver | Garantie: 12 mois,images/REFRIGERATEUR-SAMSUNG-COMBINE-4TIROIRS-AVEC-FONTAINE-SILVER-RL4363FBASL-1.jpg,images/REFRIGERATEUR-SAMSUNG-COMBINE-4TIROIRS-AVEC-FONTAINE-SILVER-RL4363FBASL-1.jpg;images/REFRIGERATEUR-SAMSUNG-COMBINE-4TIROIRS-AVEC-FONTAINE-SILVER-RL4363FBASL-4.jpg;images/REFRIGERATEUR-SAMSUNG-COMBINE-4TIROIRS-AVEC-FONTAINE-SILVER-RL4363FBASL-2.jpg;images/REFRIGERATEUR-SAMSUNG-COMBINE-4TIROIRS-AVEC-FONTAINE-SILVER-RL4363FBASL-3.jpg;images/REFRIGERATEUR-SAMSUNG-COMBINE-4TIROIRS-AVEC-FONTAINE-SILVER-RL4363FBASL-5.jpg,oui,"Ce réfrigérateur combiné 4 tiroirs avec distributeur d'eau offre un grand volume utile et des fonctionnalités avancées pour vos aliments.

Points forts
• Volume utile total de 432 litres
• Distributeur d'eau intégré
• Système de congélation Power Freeze
• Classe d'efficacité énergétique A++

Caractéristiques
Type de froid : Froid ventilé
Volume utile total : 432 litres
Niveau sonore maximal : 41 dB
Classe d'efficacité énergétique : A++
Réfrigérant : R-600a
Dimensions nettes (L x H x P) : 700 x 1850 x 740 mm
Poids net : 93 kg
Couleur : Silver"
REFSAM57-RS57DB,Samsung,réfrigérateur Samsung side by side 2portes 562 litres noir mate rs57dg4000eb4ef,froid,Réfrigérateurs,812000,frigo,jour,562 L,Capacité: 562 L | Couleur: Noir | Garantie: 12 mois,images/REFSAM57-RS57DB-2.jpg,images/REFSAM57-RS57DB-2.jpg;images/REFSAM57-RS57DB-5.jpg;images/REFSAM57-RS57DB-1.jpg;images/REFSAM57-RS57DB-3.jpg;images/REFSAM57-RS57DB-4.jpg,oui,"Ce réfrigérateur side by side à 2 portes propose une grande capacité de 562 litres dans un design noir mat.

Points forts
• Capacité de 562 litres
• Format side by side 2 portes

Caractéristiques
Type : Side by side 2 portes
Capacité : 562 L
Couleur : Noir"
REFSAM57-RS57DG,Samsung,réfrigérateur Samsung side by side 2portes 578 litres avec fontaine noir mate rs57dg4100b4,froid,Réfrigérateurs,902000,frigo,jour,578 L,Capacité: 578 L | Couleur: Noir | Garantie: 12 mois,images/REFSAM57-RS57DG-3.png,images/REFSAM57-RS57DG-3.png;images/REFSAM57-RS57DG-1.jpg;images/REFSAM57-RS57DG-2.png;images/REFSAM57-RS57DG-4.png;images/REFSAM57-RS57DG-5.png,oui,"Ce réfrigérateur côte à côte offre un vaste espace de rangement de 578 litres avec distributeur d'eau externe.

Points forts
• Capacité totale de 578 litres
• Distributeur d'eau externe
• Fonction Power Freeze
• Classe énergétique A+

Caractéristiques
Type : Réfrigérateur côte à côte
Total net : 578 L
Classe énergétique : A+
Dimensions : 912 x 1780 x 654 mm
Type de refroidissement : Refroidissement complet
Poids de l'emballage : 99 kg
Réfrigérant : R-600A
Couleur : Noir Mat Doux"
REFSAM57-RS57D4,Samsung,réfrigérateur Samsung side by side 2portes 583 litres gris rs57dg400eb4,froid,Réfrigérateurs,812000,frigo,jour,583 L,Capacité: 583 L | Couleur: Gris | Garantie: 12 mois,images/REFSAM57-RS57D4-3.png,images/REFSAM57-RS57D4-3.png;images/REFSAM57-RS57D4-1.jpg;images/REFSAM57-RS57D4-2.png,oui,"Ce réfrigérateur Samsung side by side de 583 litres offre un grand espace de stockage pour vos aliments. Sa couleur grise s'intègre facilement dans votre cuisine.

Points forts
• Grande capacité de 583 litres
• Design side by side à 2 portes
• Coloris gris élégant

Caractéristiques
Capacité : 583 L
Couleur : Gris
Nombre de portes : 2
Type : Side by side"
REFSAM65-RF65DB,Samsung,réfrigérateur Samsung side by side 4portes 645 litres noir rf65db970e22ef,froid,Réfrigérateurs,1419500,frigo,jour,645 L,Capacité: 645 L | Couleur: Noir | Garantie: 12 mois,images/REFSAM65-RF65DB-2.png,images/REFSAM65-RF65DB-2.png;images/REFSAM65-RF65DB-5.png;images/REFSAM65-RF65DB-1.png;images/REFSAM65-RF65DB-3.png;images/REFSAM65-RF65DB-4.png,oui,"Découvrez ce réfrigérateur Samsung side by side de 645 litres avec 4 portes. Il propose un volume de rangement spacieux et une finition noire.

Points forts
• Capacité totale de 645 litres
• Configuration à 4 portes
• Finition noire

Caractéristiques
Capacité : 645 L
Couleur : Noir
Nombre de portes : 4
Type : Side by side"
REFSHA2P-HM380G,Sharp,réfrigérateur Sharp 2portes 380 litres No Frost gris sjhm380hs2,froid,Réfrigérateurs,261000,frigo,jour,380 L,Capacité: 380 L | Couleur: Gris | Garantie: 12 mois,images/REFSHA2P-HM380G-1.png,images/REFSHA2P-HM380G-1.png,oui,"Ce réfrigérateur Sharp de 380 litres dispose de 2 portes et de la technologie No Frost. Il convient pour la conservation de vos provisions au quotidien.

Points forts
• Capacité de 380 litres
• Technologie No Frost
• Coloris gris

Caractéristiques
Capacité : 380 L
Couleur : Gris
Nombre de portes : 2
Technologie : No Frost"
REFSHA2P-SJHM43,Sharp,réfrigérateur Sharp 2portes 430 litres No Frost gris sjhm440hs2,froid,Réfrigérateurs,412000,frigo,jour,430 L,Capacité: 430 L | Couleur: Gris | Garantie: 12 mois,images/REFSHA2P-SJHM43-1.png,images/REFSHA2P-SJHM43-1.png,oui,"Ce réfrigérateur Sharp de 430 litres est équipé de 2 portes et du système No Frost. Il assure un stockage adapté pour les aliments de toute la maison.

Points forts
• Capacité de 430 litres
• Technologie No Frost
• Design 2 portes gris

Caractéristiques
Capacité : 430 L
Couleur : Gris
Nombre de portes : 2
Technologie : No Frost"
REFSHA70-SJSE70,Sharp,réfrigérateur Sharp 2portes inverter 599 litres gris sjse70d,froid,Réfrigérateurs,596900,frigo,jour,599 L,Type: Inverter | Capacité: 599 L | Couleur: Gris | Garantie: 12 mois,images/REFSHA70-SJSE70-2.jpg,images/REFSHA70-SJSE70-2.jpg;images/REFSHA70-SJSE70-1.webp,oui,"Ce réfrigérateur Sharp inverter de 599 litres intègre deux portes et des étagères en verre. Il propose un haut rendement avec une consommation électrique réduite.

Points forts
• Grande capacité de 599 litres
• Technologie inverter à haut rendement
• Étagères en verre résistantes
• Technologie sans givre

Caractéristiques
Capacité : 599 litres
Couleur : Gris
Nombre de portes : 2 portes
Type : Inverter
Dimensions : 800 × 735 × 1750 mm
Poids net : 74 kg
Poids brut : 83 kg
Classe énergétique : A
Étagères : Étagères en verre"
REFSHA75-SJSE75,Sharp,réfrigérateur Sharp 2portes inverter 692 litres gris sj75dsl5,froid,Réfrigérateurs,569500,frigo,jour,692 L,Type: Inverter | Capacité: 692 L | Couleur: Gris | Garantie: 12 mois,images/REFSHA75-SJSE75-2.jpg,images/REFSHA75-SJSE75-2.jpg;images/REFSHA75-SJSE75-1.webp;images/REFSHA75-SJSE75-3.png,oui,"Ce réfrigérateur Sharp de 692 litres dispose d'un congélateur supérieur et de la technologie inverter J-Tech. Il offre un grand volume de stockage avec affichage LED.

Points forts
• Capacité totale de 692 litres
• Technologie inverter J-Tech
• Affichage LED pratique
• Système sans givre

Caractéristiques
Capacité totale : 692 litres
Type de réfrigérateur : Congélateur supérieur
Nombre de portes : 2 portes
Technologie : Onduleur J-Tech
Alimentation : 220V-240V
Classe de consommation électrique : A
Dimensions : 800 x 735 x 1850 mm
Affichage : LED
Réfrigérant : R-600a
Couleur : Gris"
REFSHA2P-SJS420,Sharp,réfrigérateur Sharp 2portes inverter gris sjp420ds3,froid,Réfrigérateurs,362000,frigo,jour,,Type: Inverter | Couleur: Gris | Garantie: 12 mois,images/REFSHA2P-SJS420-2.png,images/REFSHA2P-SJS420-2.png;images/REFSHA2P-SJS420-1.png;images/REFSHA2P-SJS420-3.png,oui,"Le réfrigérateur Sharp 2 portes Inverter gris SJP420DS3 est un appareil conçu pour la conservation de vos aliments.

Points forts
• Technologie Inverter
• Coloris gris

Caractéristiques
Type : Inverter
Couleur : Gris"
REFSHA3T-SJBG46,Sharp,réfrigérateur Sharp 2portes inverter gris sjp460ds3,froid,Réfrigérateurs,381000,frigo,jour,,Type: Inverter | Couleur: Gris | Garantie: 12 mois,images/REFSHA3T-SJBG46-1.png,images/REFSHA3T-SJBG46-1.png,oui,"Le réfrigérateur Sharp 2 portes Inverter gris SJP460DS3 est un appareil conçu pour la conservation de vos aliments.

Points forts
• Technologie Inverter
• Coloris gris

Caractéristiques
Type : Inverter
Couleur : Gris"
REFSHA33-SJ330I,Sharp,réfrigérateur Sharp 2portes inverter silver sjs330ss,froid,Réfrigérateurs,300000,frigo,jour,,Type: Inverter | Couleur: Silver | Garantie: 12 mois,images/REFSHA33-SJ330I-2.png,images/REFSHA33-SJ330I-2.png;images/REFSHA33-SJ330I-1.png,oui,"Ce réfrigérateur 2 portes Sharp de couleur silver utilise la technologie J-Tech Inverter pour la conservation de vos produits.

Points forts
• Technologie J-Tech Inverter
• Capacité totale de 278 L
• Système de froid No Frost sans givre
• Éclairage LED et étagères en verre trempé

Caractéristiques
Type : Inverter
Couleur : Silver
Hauteur : 156 cm
Largeur : 54,5 cm
Profondeur : 62,5 cm
Capacité : 278 L
Nombre de portes : 2
Tension : 220V-240V
Froid : No Frost et désodorisant"
REFSHA36-SJS36I,Sharp,réfrigérateur Sharp 2portes inverter silver sjs360ss,froid,Réfrigérateurs,330000,frigo,jour,,Type: Inverter | Couleur: Silver | Garantie: 12 mois,images/REFSHA36-SJS36I-2.png,images/REFSHA36-SJS36I-2.png;images/REFSHA36-SJS36I-1.png,oui,"Le réfrigérateur Sharp 2 portes Inverter silver SJS360SS est un appareil conçu pour la conservation de vos aliments.

Points forts
• Technologie Inverter
• Coloris silver

Caractéristiques
Type : Inverter
Couleur : Silver"
REFSHA13-SJ135S,Sharp,réfrigérateur Sharp bar 1porte gris sjk135xsl2,froid,Réfrigérateurs,120000,frigo,jour,,Couleur: Gris | Garantie: 12 mois,images/REFSHA13-SJ135S-2.jpg,images/REFSHA13-SJ135S-2.jpg;images/REFSHA13-SJ135S-1.jpg,oui,"Le réfrigérateur bar Sharp 1 porte gris SJK135XSL2 convient pour une pièce de petite taille.

Points forts
• Système de refroidissement Cool Fan sans givre
• Éclairage intérieur LED et désodorisant
• Présence d'un bac à légumes et d'un bac à glaçons

Caractéristiques
Couleur : Gris
Nombre de portes : 1
Tension : 230V
Dimensions : 82 x 44,5 x 47 cm
Type de compresseur : Scroll
Système de refroidissement : Cool Fan
Sans givre : Oui"
REFSHA18-BH180H,Sharp,réfrigérateur Sharp combine 3tiroirs 180 litres gris sjbh180hs2,froid,Réfrigérateurs,201900,frigo,jour,180 L,Capacité: 180 L | Couleur: Gris | Garantie: 12 mois,images/REFSHA18-BH180H-1.jpg,images/REFSHA18-BH180H-1.jpg,oui,"Le réfrigérateur combiné 3 tiroirs Sharp de 180 litres gris SJBH180HS2 est un appareil conçu pour la conservation de vos provisions.

Points forts
• Capacité de 180 litres
• Coloris gris

Caractéristiques
Capacité : 180 L
Couleur : Gris"
REFSHA40-BH4003,Sharp,réfrigérateur Sharp combine 3tiroirs 400 litres gris sjbh400,froid,Réfrigérateurs,322000,frigo,jour,400 L,Capacité: 400 L | Couleur: Gris | Garantie: 12 mois,images/REFSHA40-BH4003-1.jpg,images/REFSHA40-BH4003-1.jpg,oui,"Ce réfrigérateur combine offre une grande capacité de stockage pour conserver vos aliments au quotidien. Il dispose d'un système de refroidissement rapide.

Points forts
• Grande capacité de stockage
• Système de refroidissement rapide
• Fonction d'économie d'énergie

Caractéristiques
Capacité : 332 Litres
Couleur : Gris
Longueur : 59 cm
Largeur : 58 cm
Hauteur : 182 cm"
REFSHA32-BH3200,Sharp,réfrigérateur Sharp combine 4tiroirs 320 litres gris sjhm320hs2,froid,Réfrigérateurs,280500,frigo,jour,320 L,Capacité: 320 L | Couleur: Gris | Garantie: 12 mois,images/REFSHA32-BH3200-1.jpg,images/REFSHA32-BH3200-1.jpg,oui,"Ce frigo combiné à deux portes vous permet d'organiser facilement la conservation de vos produits grâce à ses tiroirs et tablettes.

Points forts
• Contrôle mécanique de la température
• Éclairage LED intérieur
• Quatre tiroirs à congélateur en cristal
• Porte réversible avec joint magnétique

Caractéristiques
Capacité : 320 Litres
Couleur : Gris
Dimensions (L x P x H) : 54,5 x 58 x 173,2 cm
Nombre de portes : 2 Portes
Tension : 220V-240V
Fluide frigorigène : R600a"
REFSHA24-SJDC24,Sharp,réfrigérateur Sharp vertical 2portes gris sjdc240hs2,froid,Réfrigérateurs,177000,frigo,jour,,Type: Vertical | Couleur: Gris | Garantie: 12 mois,images/REFSHA24-SJDC24-1.jpg,images/REFSHA24-SJDC24-1.jpg;images/REFSHA24-SJDC24-2.jpg;images/REFSHA24-SJDC24-3.webp,oui,"Ce réfrigérateur vertical à deux portes s'intègre facilement dans votre cuisine pour stocker vos denrées.

Points forts
• Type vertical à deux portes

Caractéristiques
Type : Vertical
Couleur : Gris"
REFSMA16-STR160,Smart Technology,réfrigérateur Smart Technology 2portes 138 litres gris str160h/m,froid,Réfrigérateurs,110000,frigo,jour,138 L,Capacité: 138 L | Couleur: Gris | Garantie: 12 mois,images/REFSMA16-STR160-1.jpg,images/REFSMA16-STR160-1.jpg;images/REFSMA16-STR160-2.jpg,oui,"Ce réfrigérateur à deux battants convient pour stocker vos aliments tout en maîtrisant votre consommation d'énergie.

Points forts
• Classe énergétique A+
• Puissance de 120 Watts

Caractéristiques
Capacité brute : 138 Litres
Couleur : Gris
Classe énergétique : A+
Consommation annuelle : 0,67 kWh/annum
Classe climatique : ST/T
Puissance : 120 Watts
Fluide réfrigérant : R600a
Poids : 29 kg"
REFSMA19-STR190,Smart Technology,réfrigérateur Smart Technology 2portes 160 litres gris str190m,froid,Réfrigérateurs,121500,frigo,jour,160 L,Capacité: 160 L | Couleur: Gris | Garantie: 12 mois,images/REFSMA19-STR190-1.jpg,images/REFSMA19-STR190-1.jpg,oui,"Ce réfrigérateur à deux battants offre un espace de stockage pratique pour conserver vos provisions au frais.

Points forts
• Classe énergétique A+
• Puissance de 120 Watts

Caractéristiques
Capacité brute : 160 Litres
Couleur : Gris
Classe énergétique : A+
Consommation annuelle : 0,67 kWh/an
Classe climatique : ST/T
Puissance : 120 Watts
Dimensions emballé (L x P x H) : 48,6 x 57,7 x 133,4 cm
Fluide réfrigérant : R600a
Poids : 32 kg"
REFSMA34-TR344H,Smart Technology,réfrigérateur Smart Technology 2portes 225 litres gris str344h,froid,Réfrigérateurs,145000,frigo,jour,225 L,Capacité: 225 L | Couleur: Gris | Garantie: 12 mois,images/REFSMA34-TR344H-3.jpg,images/REFSMA34-TR344H-3.jpg;images/REFSMA34-TR344H-1.jpg;images/REFSMA34-TR344H-2.jpg,oui,"Ce réfrigérateur à deux battants dispose d'un espace séparé pour le réfrigérateur et le congélateur afin de répondre à vos besoins de conservation.

Points forts
• Capacité nette totale de 225 litres
• Classe énergétique A+
• Appareil tropicalisé

Caractéristiques
Capacité nette : 225 Litres
Capacité réfrigérateur : 174 Litres
Capacité congélateur : 51 Litres
Couleur : Gris
Dimensions : 52,6 x 53,5 x 146,4 cm
Poids : 37 kg
Classe énergétique : A+
Tension : 220-240 V
Fréquence : 50 Hz
Puissance : 120 W
Gaz réfrigérant : R600a"
REFSMA34-STR345,Smart Technology,réfrigérateur Smart Technology 2portes 250 litres gris str345m,froid,Réfrigérateurs,194500,frigo,jour,250 L,Capacité: 250 L | Couleur: Gris | Garantie: 12 mois,images/REFSMA34-STR345-1.jpg,images/REFSMA34-STR345-1.jpg,oui,"Ce réfrigérateur 2 portes d'une capacité de 250 litres convient pour stocker vos denrées alimentaires au quotidien. Il dispose d'un design fonctionnel.

Points forts
• Capacité brute de 250 litres
• Classe énergétique A+
• Puissance de 120 Watts
• Poids de 30.5 kg

Caractéristiques
Capacité : 250 L
Couleur : Gris
Classe énergétique : A+
Réfrigérant : R600a
Classe climatique : ST/T
Puissance : 120 Watts
Courant nominal : 1.0 A
Tension : 0,86 A
Poids : 30.5 Kg"
REFSMA85-STR858,Smart Technology,réfrigérateur Smart Technology 2portes 580 litres gris str858m,froid,Réfrigérateurs,482000,frigo,jour,580 L,Capacité: 580 L | Couleur: Gris | Garantie: 12 mois,images/REFSMA85-STR858-3.png,images/REFSMA85-STR858-3.png;images/REFSMA85-STR858-1.png;images/REFSMA85-STR858-2.png,oui,"Ce réfrigérateur 2 portes offre une grande capacité de 580 litres pour conserver l'ensemble de vos aliments.

Points forts
• Capacité de 580 L
• Coloris gris

Caractéristiques
Capacité : 580 L
Couleur : Gris"
REFSMA68-STR687,Smart Technology,réfrigérateur Smart Technology 2portes avec fontaine 362 litres str687wm,froid,Réfrigérateurs,288200,frigo,jour,362 L,Capacité: 362 L | Garantie: 12 mois,images/REFSMA68-STR687-2.png,images/REFSMA68-STR687-2.png;images/REFSMA68-STR687-1.png;images/REFSMA68-STR687-3.png,oui,"Ce réfrigérateur 2 portes intègre une fontaine et propose une capacité de 362 litres pour vos besoins de conservation.

Points forts
• Capacité de 362 L
• Équipé d'une fontaine

Caractéristiques
Capacité : 362 L"
REFSMA90-STR90W,Smart Technology,réfrigérateur Smart Technology bar 1porte marron str90wh,froid,Réfrigérateurs,80000,frigo,jour,,Couleur: Marron | Garantie: 12 mois,images/REFSMA90-STR90W-1.jpg,images/REFSMA90-STR90W-1.jpg,oui,"Ce réfrigérateur bar 1 porte d'un volume total net de 90 litres s'intègre facilement dans les petits espaces.

Points forts
• Volume total net de 90 L
• Fermeture à clef intégrée
• Design modernisé et ergonomique
• Consommation d'énergie de 0.38 kwh/24h

Caractéristiques
Couleur : Marron
Nombre de portes : 1
Volume total net : 90 L
Réfrigérant : R600a
Fermeture à clef : Oui
Tension : 220V-240V
Fréquence : 50Hz
Puissance nominale : 70 W
Dimensions : 45 x 45 x 78 cm
Poids : 20 Kg"
REFSMA13-STR135,Smart Technology,réfrigérateur Smart Technology bar 2portes 100 litres gris str135h,froid,Réfrigérateurs,83000,frigo,jour,100 L,Capacité: 100 L | Couleur: Gris | Garantie: 12 mois,images/REFSMA13-STR135-2.jpg,images/REFSMA13-STR135-2.jpg;images/REFSMA13-STR135-1.jpg,oui,"Ce réfrigérateur bar à 2 battants propose un volume total net de 68 litres pour le stockage de vos produits.

Points forts
• Volume brute de 100 litres
• Volume total net de 68 litres
• Capacité de congélation de 2.0 kg/24h
• Design modernisé et ergonomique

Caractéristiques
Capacité : 100 L
Couleur : Gris
Nombre de portes : 2
Volume brute : 100 LITRES
Volume total net : 68 LITRES
Capacité de congélation : 2.0 kg/24h
Dimensions article : 42 x 40 x 97 cm
Tension : 220-240V
Fréquence : 50Hz
Poids net : 21 Kg
Puissance d'entrée nominale : 100 W
Réfrigérant : R600a"
REFSMA09-STR99H,Smart Technology,réfrigérateur Smart Technology bar 2portes 95 litres gris str99h,froid,Réfrigérateurs,81000,frigo,jour,95 L,Capacité: 95 L | Couleur: Gris | Garantie: 12 mois,images/REFSMA09-STR99H-3.png,images/REFSMA09-STR99H-3.png;images/REFSMA09-STR99H-1.jpg;images/REFSMA09-STR99H-2.jpg,oui,"Ce réfrigérateur bar à 2 portes d'une capacité de 95 litres intègre un compartiment réfrigérateur et un congélateur.

Points forts
• Volume total net de 85 litres
• Fermeture à clef
• Design modernisé et ergonomique

Caractéristiques
Capacité : 95 L
Couleur : Gris
Nombre de portes : 2
Volume brute : 95 LITRES
Volume total net : 85 LITRES
Volume réfrigérateur : 58 LITRES
Volume congélateur : 27 LITRES
Dimensions : 46.0 x 48.3 x 88.9 cm
Poids : 22.5 Kg
Réfrigérant : R600a
Fermeture à clef : Oui
Tension : 220V
Fréquence : 50Hz
Puissance nominale : 120 W"
REFSMA14-STCB14,Smart Technology,réfrigérateur Smart Technology combine 2tiroirs gris stcb145h,froid,Réfrigérateurs,91500,frigo,jour,2 tiroirs,Couleur: Gris | Garantie: 12 mois,images/REFSMA14-STCB14-2.png,images/REFSMA14-STCB14-2.png;images/REFSMA14-STCB14-1.jpg,oui,"Ce réfrigérateur combiné Smart Technology de 112 litres convient parfaitement pour conserver vos aliments au quotidien. Il dispose d'un thermostat réglable et d'un fonctionnement silencieux.

Points forts
• Capacité brute de 112 litres
• Classe énergétique A+
• Thermostat réglable
• Fonctionnement silencieux

Caractéristiques
Type de produit : Réfrigérateur Combiné
Modèle : STCB145H
Capacité brute : 112 L
Classe énergétique : A+
Tension : 220-240 V
Fréquence : 50 Hz
Puissance : 100 W
Consommation d'énergie : 0.50 kWh/24h
Gaz réfrigérant : R600a
Poids : 21 Kg
Couleur : Gris"
REFSMA18-STCB18,Smart Technology,réfrigérateur Smart Technology combine 2tiroirs gris stcb185h,froid,Réfrigérateurs,110000,frigo,jour,2 tiroirs,Couleur: Gris | Garantie: 12 mois,images/REFSMA18-STCB18-3.jpg,images/REFSMA18-STCB18-3.jpg;images/REFSMA18-STCB18-1.jpg;images/REFSMA18-STCB18-2.jpg,oui,"Ce réfrigérateur combiné à deux tiroirs de Smart Technology s'intègre facilement dans votre cuisine pour conserver vos provisions.

Points forts
• Design combiné 2 tiroirs

Caractéristiques
Type de produit : Réfrigérateur Combiné
Couleur : Gris"
REFSMA3T-STCB15,Smart Technology,réfrigérateur Smart Technology combine 3tiroirs 133 litres gris stcb155h,froid,Réfrigérateurs,106000,frigo,jour,133 L,Capacité: 133 L | Couleur: Gris | Garantie: 12 mois,images/REFSMA3T-STCB15-1.jpg,images/REFSMA3T-STCB15-1.jpg,oui,"Ce réfrigérateur combiné Smart Technology de 133 litres offre un espace de rangement pratique avec ses 3 tiroirs. Il assure une conservation fiable de vos aliments.

Points forts
• Capacité brute de 133 litres
• Classe énergétique A+
• Fonctionnement silencieux

Caractéristiques
Type de produit : Réfrigérateur Combiné
Modèle : STCB-155H
Capacité brute : 133 L
Classe énergétique : A+
Tension : 220-240 V
Fréquence : 50 Hz
Dimensions : 42 x 41 x 125 cm
Poids : 31 Kg
Couleur : Gris"
REFSMA27-STCB27,Smart Technology,réfrigérateur Smart Technology combine 3tiroirs 157l gris stcb270m,froid,Réfrigérateurs,151900,frigo,jour,157 L,Couleur: Gris | Garantie: 12 mois,images/REFSMA27-STCB27-2.jpg,images/REFSMA27-STCB27-2.jpg;images/REFSMA27-STCB27-1.jpg,oui,"Ce réfrigérateur combiné Smart Technology de 157 litres est doté de 3 tiroirs et d'un thermostat réglable. Il s'adapte à vos besoins de conservation tout en maîtrisant sa consommation.

Points forts
• Capacité brute de 157 litres
• Classe énergétique A+
• Thermostat réglable
• Présence d'une serrure

Caractéristiques
Type de produit : Réfrigérateur Combiné
Modèle : STCB-270M
Capacité brute : 157 L
Classe énergétique : A+
Tension : 220-240 V
Fréquence : 50 Hz
Puissance : 100 W
Consommation d'énergie : 0.50 kWh/24h
Gaz réfrigérant : R600a
Dimensions : 47.0 x 49.5 x 144.0 cm
Poids : 31 Kg
Couleur : Gris"
REFSMA27-CB277H,Smart Technology,réfrigérateur Smart Technology combine 3tiroirs gris stcb277h,froid,Réfrigérateurs,147000,frigo,jour,3 tiroirs,Couleur: Gris | Garantie: 12 mois,images/REFSMA27-CB277H-1.jpg,images/REFSMA27-CB277H-1.jpg;images/REFSMA27-CB277H-2.jpg,oui,"Ce réfrigérateur combiné Smart Technology propose une capacité totale de 186 litres avec un espace congélateur dédié. Il garantit une utilisation silencieuse au quotidien.

Points forts
• Capacité brute totale de 186 litres
• Espace congélateur de 65 litres
• Classe énergétique A+
• Fonctionnement silencieux

Caractéristiques
Type de produit : Réfrigérateur Combiné
Modèle : STCB-277H
Capacité brute : 186 L
Capacité réfrigérateur : 121 L
Capacité congélateur : 65 L
Classe énergétique : A+
Tension : 220-240 V
Fréquence : 50 Hz
Puissance : 100 W
Consommation d'énergie : 0.58 kWh/24h
Dimensions : 48.3 x 54.5 x 150.2 cm
Poids : 38 Kg
Couleur : Gris"
REFSMA32-TCB322,Smart Technology,réfrigérateur Smart Technology combine 3tiroirs gris stcb322h,froid,Réfrigérateurs,178000,frigo,jour,3 tiroirs,Couleur: Gris | Garantie: 12 mois,images/REFSMA32-TCB322-3.jpg,images/REFSMA32-TCB322-3.jpg;images/REFSMA32-TCB322-1.jpg;images/REFSMA32-TCB322-2.jpg;images/REFSMA32-TCB322-4.jpg,oui,"Ce grand réfrigérateur combiné Smart Technology de 255 litres est conçu pour stocker efficacement toutes vos provisions. Il dispose d'un thermostat réglable et d'un condenseur extérieur.

Points forts
• Grande capacité brute de 255 litres
• Thermostat réglable
• Classe énergétique A+

Caractéristiques
Type de produit : Réfrigérateur Combiné
Modèle : STCB-322H
Capacité brute : 255 L
Capacité de congélation : 4.0 Kg/24h
Classe énergétique : A+
Tension : 220-240 V
Fréquence : 50 Hz
Puissance d'entrée nominale : 120 W
Consommation d'énergie : 0.81 kWh/24h
Dimensions : 54.3 x 54.3 x 168.5 cm
Poids : 50 Kg
Couleur : Gris"
REFSMA30-STCB30,Smart Technology,réfrigérateur Smart Technology combine 4tiroirs gris stcb304m,froid,Réfrigérateurs,185700,frigo,jour,4 tiroirs,Couleur: Gris | Garantie: 12 mois,images/REFSMA30-STCB30-2.jpg,images/REFSMA30-STCB30-2.jpg;images/REFSMA30-STCB30-1.jpg,oui,"Ce réfrigérateur combiné Smart Technology offre un volume net de 253 litres. Il dispose de modes de congélation et de rafraîchissement rapides pour conserver vos aliments.

Points forts
• Volume net de 253 L
• Mode de congélation et rafraîchissement rapides
• Thermostat réglable
• Équipé de roulettes pour un déplacement facile
• Présence d'une serrure

Caractéristiques
Type de produit : Réfrigérateur combiné
Modèle : STCB-304M
Volume net : 253 L
Puissance : 65 W
Réfrigérant : R600a/50g
Classe climatique : ST/T
Tension : 220-240 V
Fréquence : 50 Hz
Couleur : Gris
Dimensions : 58.0 x 59.2 x 174.8 cm
Poids : 50 kg"
REFSMA3T-STCB30,Smart Technology,réfrigérateur Smart Technology combine 5tiroirs 230l gris stcb308,froid,Réfrigérateurs,198000,frigo,jour,230 L,Couleur: Gris | Garantie: 12 mois,images/REFSMA3T-STCB30-1.png,images/REFSMA3T-STCB30-1.png;images/REFSMA3T-STCB30-2.png,oui,"Le réfrigérateur combiné Smart Technology de 230 litres dispose de 5 tiroirs pour organiser vos courses. Il est conçu pour s'intégrer dans votre cuisine.

Points forts
• Capacité brute de 230 L
• Thermostat réglable
• Condenseur extérieur
• Niveau sonore silencieux

Caractéristiques
Type de produit : Réfrigérateur combiné
Modèle : STCB-308
Capacité brute : 230 L
Classe de protection : I
Tension : 220-240 V
Puissance totale à l'entrée : 89 W
Consommation d'énergie : 0.64 Kw.h/24h
Fréquence : 50 Hz
Gaz réfrigérant : R600a(67g)
Couleur : Gris
Poids : 45 kg"
REFSMA50-STR67H,Smart Technology,réfrigérateur Smart Technology mini bar 50 litres gris str67h,froid,Réfrigérateurs,55750,frigo,jour,50 L,Capacité: 50 L | Couleur: Gris | Garantie: 12 mois,images/REFSMA50-STR67H-2.png,images/REFSMA50-STR67H-2.png;images/REFSMA50-STR67H-1.png,oui,"Ce mini bar Smart Technology de 50 litres est idéal pour les bureaux ou les petits espaces. Il intègre une fonction de rafraîchissement rapide.

Points forts
• Volume de 50 litres
• Vitesse de rafraîchissement rapide
• Format compact adapté aux bureaux

Caractéristiques
Type de produit : Réfrigérateur bureau
Modèle : STR-67H
Volume : 50 L
Classe climatique : ST/T
Tension : 220-240 V
Courant nominal : 0.7 A
Fréquence : 50 Hz
Puissance : 70 W
Consommation d'énergie : 0.35 kWh/24h
Gaz réfrigérant : R600a
Couleur : Gris
Poids : 14.5 kg"
REFSMA90-STR901,Smart Technology,réfrigérateur Smart Technology side by side 2portes noir str9011h,froid,Réfrigérateurs,462000,frigo,jour,,Couleur: Noir | Garantie: 12 mois,images/REFSMA90-STR901-1.png,images/REFSMA90-STR901-1.png;images/REFSMA90-STR901-2.png,oui,"Ce réfrigérateur side by side Smart Technology à deux portes offre une solution de stockage spacieuse pour les aliments.

Points forts
• Modèle side by side à deux portes
• Coloris noir élégant

Caractéristiques
Type de produit : Réfrigérateur side by side
Modèle : STR9011H
Couleur : Noir"
REFSMA79-STCB79,Smart Technology,réfrigérateur Smart Technology side by side 3pportes distributeur d'eau et glacon str790wih,froid,Réfrigérateurs,520000,frigo,jour,,Garantie: 12 mois,images/REFSMA79-STCB79-2.jpg,images/REFSMA79-STCB79-2.jpg;images/REFSMA79-STCB79-1.jpg,oui,"Ce grand réfrigérateur combiné Smart Technology propose un volume net de 610 litres. Il est équipé d'un mode de congélation rapide et de roulettes pour faciliter son déplacement.

Points forts
• Volume net de 610 L
• Capacité de congélation de 5 kg par 24h
• Modes de congélation et rafraîchissement rapides
• Thermostat réglable
• Roulettes pour un déplacement facile

Caractéristiques
Type de produit : Réfrigérateur combiné
Modèle : STR790WIH
Volume net : 610 L
Tension : 220-240 V
Fréquence : 50 Hz
Puissance : 62 W
Consommation d'énergie : 0.768 kWh/24h
Réfrigérant : R600a/50g
Classe climatique : ST
Capacité de congélation : 5 kg/24h
Dimensions : 60.0 x 60.0 x 184.1 cm
Poids : 86 kg"
REFSMA52-STR520,Smart Technology,réfrigérateur Smart Technology side by side 4portes 419 litres gris str520s,froid,Réfrigérateurs,371150,frigo,jour,419 L,Capacité: 419 L | Couleur: Gris | Garantie: 12 mois,images/REFSMA52-STR520-1.jpg,images/REFSMA52-STR520-1.jpg;images/REFSMA52-STR520-2.jpg,oui,"Le réfrigérateur side by side Smart Technology de 4 portés offre un grand volume brut de 419 litres pour le stockage de vos denrées.

Points forts
• Volume brut de 419 L
• Quatre portes pratiques
• Thermostat et composants adaptés aux climats tropicaux

Caractéristiques
Type de produit : Réfrigérateur
Modèle : STR520S
Volume brut : 419 L
Classe climatique : ST/T
Tension : 220-240 V
Fréquence : 50-60 Hz
Courant nominal : 1.2 A
Consommation d'énergie : 1.03 kWh/24h
Réfrigérant : R600a
Couleur : Gris
Dimensions : 70.6 x 67.3 x 184.9 cm
Poids : 71 kg"
REFSMA67-STR678,Smart Technology,réfrigérateur Smart Technology side by side 4portes distributeur d'eau et glacon str678wh,froid,Réfrigérateurs,727800,frigo,jour,,Garantie: 12 mois,images/REFSMA67-STR678-1.jpg,images/REFSMA67-STR678-1.jpg;images/REFSMA67-STR678-2.jpg,oui,"Ce réfrigérateur américain à 4 portes offre un grand volume de stockage de 522 litres. Il intègre un système de refroidissement direct et un thermostat réglable.

Points forts
• Volume brut de 522 litres
• Capacité de congélation de 10 kg par 24h
• Thermostat réglable
• Éclairage par lampe intérieure

Caractéristiques
Nombre de portes : 4 portes
Volume brut : 522 L
Classe climatique : SN/N/ST/T
Capacité de congélation : 10 kg/24h
Réfrigérant : R600a (84g)
Tension nominale : 220-240V
Fréquence nominale : 50Hz
Courant nominal : 1.65A
Dimensions : 91 x 72 x 173 cm
Poids : 86 kg"
REFSMA85-STR857,Smart Technology,réfrigérateur Smart Technology side by side 4portes inverter compressor str857,froid,Réfrigérateurs,451900,frigo,jour,,Type: Inverter | Garantie: 12 mois,images/REFSMA85-STR857-1.jpg,images/REFSMA85-STR857-1.jpg;images/REFSMA85-STR857-2.jpg,oui,"Ce réfrigérateur side by side à 4 portes dispose d'un compresseur inverter. Il convient pour la conservation de vos aliments.

Points forts
• Technologie de compresseur inverter
• Modèle side by side à 4 portes

Caractéristiques
Type : Inverter"
REFSMA3P-STCDV0,Smart Technology,réfrigérateur Smart Technology vertical 3portes vitrine stcdv3300,froid,Réfrigérateurs,882000,frigo,jour,,Type: Vertical | Garantie: 12 mois,images/REFSMA3P-STCDV0-1.png,images/REFSMA3P-STCDV0-1.png,oui,"Ce réfrigérateur vitrine vertical à 3 portes convient pour la présentation de vos produits.

Points forts
• Modèle vertical à 3 portes
• Format vitrine

Caractéristiques
Type : Vertical"
REFSMA89-STCDV8,Smart Technology,réfrigérateur Smart Technology vertical vitrine 1porte 380 litres stcdv890,froid,Réfrigérateurs,325150,frigo,jour,380 L,Type: Vertical | Capacité: 380 L | Garantie: 12 mois,images/REFSMA89-STCDV8-1.png,images/REFSMA89-STCDV8-1.png,oui,"Ce refroidisseur vertical vitré d'une capacité de 380 litres possède 5 étagères. Il convient pour l'exposition de boissons ou de produits frais.

Points forts
• Capacité de 380 litres
• Dispose de 5 étagères
• Design moderne avec affichage vitré

Caractéristiques
Capacité : 380 L
Nombre d'étagères : 5
Réfrigérant : R134a/127g
Tension : 230V
Fréquence : 50 Hz
Ampérage : 1.45A
Dimensions du produit emballé : 645 x 675 x 1916 mm
Poids : 70.1 kg"
REFSMA30-STCDV3,Smart Technology,réfrigérateur Smart Technology vitrine 3portes 942 litres stcdv3000,froid,Réfrigérateurs,882000,frigo,jour,942 L,Capacité: 942 L | Garantie: 12 mois,images/REFSMA30-STCDV3-1.jpg,images/REFSMA30-STCDV3-1.jpg,oui,"Ce réfrigérateur vertical vitrine offre une grande capacité de 942 litres répartie sur 3 compartiments. Il convient pour les besoins de stockage importants.

Points forts
• Grande capacité de 942 litres
• 3 compartiments de rangement
• Modèle vertical vitrine

Caractéristiques
Capacité : 942 L
Nombre de compartiments : 3
Réfrigérant : R290
Dimensions : 180 x 59 x 201.5 cm
Poids : 80 kg"
REFSOL12-RF129H,Solstar,réfrigérateur Solstar 1porte 129 litres gris rf129htsslvss,froid,Réfrigérateurs,79000,frigo,jour,129 L,Capacité: 129 L | Couleur: Gris | Garantie: 12 mois,images/REFSOL12-RF129H-2.jpg,images/REFSOL12-RF129H-2.jpg;images/REFSOL12-RF129H-1.jpg,oui,"Ce réfrigérateur 1 porte d'une capacité de 129 litres s'intègre facilement dans les petits espaces de cuisine.

Points forts
• Capacité de 129 litres
• Modèle 1 porte
• Coloris gris

Caractéristiques
Capacité : 129 L
Couleur : Gris"
REFSOL17-RF179H,Solstar,réfrigérateur Solstar 2porte 179 litres gris rf179htdslvss,froid,Réfrigérateurs,152000,frigo,jour,179 L,Capacité: 179 L | Couleur: Gris | Garantie: 12 mois,images/REFSOL17-RF179H-2.jpg,images/REFSOL17-RF179H-2.jpg;images/REFSOL17-RF179H-1.jpg,oui,"Le réfrigérateur Solstar à 2 portes d'une capacité de 179 litres est conçu pour conserver vos aliments au quotidien. Il dispose d'un format adapté aux besoins de stockage de base.

Points forts
• Capacité de 179 litres
• Coloris gris

Caractéristiques
Capacité : 179 L
Couleur : Gris"
REFSOL11-RF118T,Solstar,réfrigérateur Solstar bar 85 litres gris rf118tsslvss,froid,Réfrigérateurs,79000,frigo,jour,85 L,Capacité: 85 L | Couleur: Gris | Garantie: 12 mois,images/REFSOL11-RF118T-1.png,images/REFSOL11-RF118T-1.png;images/REFSOL11-RF118T-2.png;images/REFSOL11-RF118T-3.png,oui,"Ce réfrigérateur bar Solstar d'une capacité de 85 litres est idéal pour les petits espaces et les besoins d'appoint.

Points forts
• Capacité de 85 litres
• Système de refroidissement statique
• Condenseur externe

Caractéristiques
Capacité : 85 L
Classe climatique : T
Réfrigérant : R134a
Tension : 220 ~ 240V / 50Hz
Dimensions : 47,2 x 45 x 83,2 cm
Poids : 20,6 kg"
REFSOL33-RF338B,Solstar,réfrigérateur Solstar combine 4tiroirs 253 litres avec fontaine gris frf338bdinvss,froid,Réfrigérateurs,301900,frigo,jour,253 L,Capacité: 253 L | Couleur: Gris | Garantie: 12 mois,images/REFSOL33-RF338B-1.jpg,images/REFSOL33-RF338B-1.jpg;images/REFSOL33-RF338B-2.png,oui,"Le réfrigérateur combiné Solstar propose une capacité de 253 litres avec un congélateur à 4 tiroirs en bas et une fontaine à eau intégrée.

Points forts
• Capacité totale de 253 litres
• Fontaine à eau intégrée
• Classe énergétique A+

Caractéristiques
Capacité : 253 L
Couleur : Gris
Type : Congélateur au bas
Tension : 220 ~ 240V / 50Hz
Puissance d'entrée : 89W
Réfrigérant : R600a
Classe énergétique : A+
Dimensions : 54 x 55 x 176 cm
Poids : 57 kg"
REFVER10-VER101,Verta,réfrigérateur verta bar 1porte gris ver101,froid,Réfrigérateurs,77000,frigo,jour,,Couleur: Gris | Garantie: 12 mois,images/REFVER10-VER101-1.png,images/REFVER10-VER101-1.png;images/REFVER10-VER101-2.png;images/REFVER10-VER101-3.png,oui,"Ce réfrigérateur bar Verta à une porte est équipé d'une commande mécanique pour une utilisation simple au quotidien.

Points forts
• Capacité utile totale de 92 litres
• Commande mécanique

Caractéristiques
Capacité utile totale : 92 L
Couleur : Gris
Dimensions : 47,4 x 44,7 x 83,1 cm"
LAVAST30-EX3008,Astech,Lave vaissele Astech normal lavex3008ea,lavage,Lave-vaisselle,235000,hublot,jour,,Garantie: 12 mois,images/LAVAST30-EX3008-1.png,images/LAVAST30-EX3008-1.png,oui,"Le lave-vaisselle Astech est un appareil conçu pour simplifier l'entretien de votre vaisselle au quotidien avec une haute efficacité énergétique.

Points forts
• Classe énergétique A++
• Fonctionne sur une tension de 220~240 V

Caractéristiques
Tension : 220~240 V
Fréquence : 50 Hz
Classe énergétique : A++"
LAVBEK13-05321B,Beko,Lave vaisselle Beko 13couverts avec affichage LED Inox dvn05321x,lavage,Lave-vaisselle,340000,hublot,jour,13 couverts,Couleur: Inox | Garantie: 12 mois,images/LAVBEK13-05321B-1.jpg,images/LAVBEK13-05321B-1.jpg;images/LAVBEK13-05321B-4.png;images/LAVBEK13-05321B-2.jpg;images/LAVBEK13-05321B-3.png;images/LAVBEK13-05321B-5.png,oui,"Le lave-vaisselle Beko en pose libre de 60 cm intègre un affichage LED et des options pratiques pour le lavage de votre vaisselle.

Points forts
• Classe d'efficacité énergétique A++
• Départ différé avec 3 plages
• Affichage LED

Caractéristiques
Type d'installation : Pose libre
Taille : 60 cm
Classe d'efficacité énergétique : A++
Type d'affichage : LED
Départ différé : Oui, avec 3 plages (3H/6H/9H)
Couleur : Noir laqué"
LAVBEK53-DSN053,Beko,Lave vaisselle Beko semi encastrable 13 couverts + bandeau ap dsn05311x,lavage,Lave-vaisselle,360000,hublot,jour,13 couverts,Type: Encastrable | Garantie: 12 mois,images/LAVBEK53-DSN053-2.png,images/LAVBEK53-DSN053-2.png;images/LAVBEK53-DSN053-5.png;images/LAVBEK53-DSN053-1.jpg;images/LAVBEK53-DSN053-3.png;images/LAVBEK53-DSN053-4.png,oui,"Ce lave-vaisselle semi-encastrable Beko d'une capacité de 13 couverts est idéal pour intégrer parfaitement votre cuisine tout en prenant en charge votre vaisselle quotidienne.

Points forts
• Capacité de 13 couverts
• Classe d'efficacité énergétique A+
• Niveau sonore de 48 dBA

Caractéristiques
Type d'installation : Encastrable – Semi intégrable
Taille : 60 cm
Nombre de couverts : 13
Classe d'efficacité énergétique : A+
Consommation d'eau par cycle : 11.5 L
Niveau sonore : 48 dBA
Tension : 220 – 240 V
Fréquence : 50 Hz
Consommation d'eau annuelle : 3220 l/an"
LAVBEK15-BDSN15,Beko,Lave vaisselle Beko semi encastrable 13 couverts a++ gris bdsn153e3x,lavage,Lave-vaisselle,380000,hublot,jour,13 couverts,Type: Encastrable | Couleur: Gris | Garantie: 12 mois,images/LAVBEK15-BDSN15-2.png,images/LAVBEK15-BDSN15-2.png;images/LAVBEK15-BDSN15-5.png;images/LAVBEK15-BDSN15-1.jpg;images/LAVBEK15-BDSN15-3.png;images/LAVBEK15-BDSN15-4.png,oui,"Ce lave-vaisselle semi-intégré Beko de couleur grise offre une capacité de 13 couverts et intègre des fonctions pratiques pour faciliter le lavage de votre vaisselle.

Points forts
• Capacité de 13 couverts
• Fonction demi-charge et Super Rinse
• Niveau sonore de 48 dBA

Caractéristiques
Type de construction : Semi-intégré
Taille : Grande taille
Couverts : 13
Consommation d'eau par cycle : 12.9 L
Classe énergétique : E
Niveau sonore : 48 dBA
Fonctions : Demi-charge, Super Rinse
Hauteur : 81.8 cm
Largeur : 59.8 cm
Profondeur : 57 cm
Couleur : Gris"
LAVCAN13-0W3E53,Candy,Lave vaisselle candy encastrable 13 couverts gris cimce0w3e53,lavage,Lave-vaisselle,236900,hublot,jour,13 couverts,Type: Encastrable | Couleur: Gris | Garantie: 12 mois,images/LAVCAN13-0W3E53-2.jpg,images/LAVCAN13-0W3E53-2.jpg;images/LAVCAN13-0W3E53-5.jpg;images/LAVCAN13-0W3E53-1.jpg;images/LAVCAN13-0W3E53-3.jpg;images/LAVCAN13-0W3E53-4.jpg,oui,"Ce lave-vaisselle encastrable Candy de couleur grise propose une capacité de 13 services pour nettoyer l'ensemble de vos ustensiles et de votre vaisselle.

Points forts
• Capacité de 13 services
• Modèle encastrable
• Dimensions adaptées aux niches standard

Caractéristiques
Type : Encastrable
Capacité : 13 services
Dimensions : 82 – 85 x 59,7 x 55 cm
Couleur : Gris"
LAVXOL50-XEGSP5,Xolid,Lave vaisselle encastrable xolid gris xegsp503127e/b,lavage,Lave-vaisselle,295000,hublot,jour,,Type: Encastrable | Couleur: Gris | Garantie: 12 mois,images/LAVXOL50-XEGSP5-1.png,images/LAVXOL50-XEGSP5-1.png,oui,"Ce lave-vaisselle encastrable Xolid de couleur grise est conçu pour s'intégrer discrètement dans votre cuisine.

Points forts
• Modèle encastrable

Caractéristiques
Type : Encastrable
Couleur : Gris"
LAVFIN32-DWA32D,Finix,Lave vaisselle finix 13ps 8programmes gris dwa32ds,lavage,Lave-vaisselle,285000,hublot,jour,13 couverts,Couleur: Gris | Garantie: 12 mois,images/LAVFIN32-DWA32D-1.png,images/LAVFIN32-DWA32D-1.png;images/LAVFIN32-DWA32D-2.png;images/LAVFIN32-DWA32D-3.png,oui,"Ce lave-vaisselle Finix de couleur grise dispose d'une capacité de 13 couverts et de 8 programmes de lavage.

Points forts
• Capacité de 13 couverts
• 8 programmes de lavage

Caractéristiques
Capacité : 13 couverts
Nombre de programmes : 8
Couleur : Gris"
LAVHAI15-HDWE15,Haier,Lave vaisselle Haier 15 couverts gris clair hdwe15366ss2iq,lavage,Lave-vaisselle,250000,hublot,jour,15 couverts,Couleur: Gris | Garantie: 12 mois,images/LAVHAI15-HDWE15-1.jpg,images/LAVHAI15-HDWE15-1.jpg;images/LAVHAI15-HDWE15-4.png;images/LAVHAI15-HDWE15-2.png;images/LAVHAI15-HDWE15-3.png;images/LAVHAI15-HDWE15-5.png,oui,"Ce lave-vaisselle Haier de couleur gris clair offre une grande capacité de lavage de 15 couverts avec un niveau sonore maîtrisé.

Points forts
• Grande capacité de 15 couverts
• Classe énergétique A++
• Niveau sonore de 48 dB

Caractéristiques
Type de produit : Lave vaisselle
Classe énergétique : A++
Capacité de lavage : 15 couverts
Puissance sonore : 48 dB
Couleur : Gris clair"
LAVHAI16-HDWE16,Haier,Lave vaisselle Haier 16 couverts gris fonce hdwe1646bk61qa,lavage,Lave-vaisselle,301900,hublot,jour,16 couverts,Couleur: Gris | Garantie: 12 mois,images/LAVHAI16-HDWE16-1.png,images/LAVHAI16-HDWE16-1.png;images/LAVHAI16-HDWE16-4.png;images/LAVHAI16-HDWE16-2.png;images/LAVHAI16-HDWE16-3.png;images/LAVHAI16-HDWE16-5.png,oui,"Ce lave-vaisselle Haier de 16 couverts de couleur gris foncé est conçu pour nettoyer efficacement la vaisselle au quotidien grâce à ses 8 programmes et ses fonctions variées.

Points forts
• Capacité de 16 couverts
• 8 programmes de lavage disponibles
• Niveau sonore de 44 dB
• Troisième rack et sécurité enfant

Caractéristiques
Couleur : Gris
Capacité : 16 couverts
Nombre de programmes : 8
Niveau sonore : 44 dB
Dimensions : 845 x 595 x 675 mm"
LAVHAI13-H13DES,Hisense,Lave vaisselle Hisense 13couverts gris h13detg,lavage,Lave-vaisselle,320000,hublot,jour,13 couverts,Couleur: Gris | Garantie: 12 mois,images/LAVHAI13-H13DES-1.jpg,images/LAVHAI13-H13DES-1.jpg;images/LAVHAI13-H13DES-4.jpg;images/LAVHAI13-H13DES-2.jpg;images/LAVHAI13-H13DES-3.jpg;images/LAVHAI13-H13DES-5.jpg,oui,"Le lave-vaisselle Hisense de 13 couverts de couleur grise intègre plusieurs programmes et fonctions pour faciliter le lavage de la vaisselle.

Points forts
• Capacité de 13 couverts
• Classe d'efficacité énergétique A++
• Consommation d'eau de 11 L par cycle
• Fonction de démarrage différé et sécurité enfants

Caractéristiques
Couleur : Gris
Classe énergétique : A++
Capacité : 13 couverts
Consommation d'eau : 11 L/cycle
Niveau sonore : 49 dB(A)
Tension : 220-240V
Fréquence : 50Hz
Puissance de l'élément chauffant : 1850W
Poids net : 34 kg
Dimensions de l'unité : 600 x 600 x 845 mm"
LAVSAM60-DW60CG,Samsung,Lave vaisselle Samsung 14couverts gris dw60cg550fsr,lavage,Lave-vaisselle,250000,hublot,jour,14 couverts,Couleur: Gris | Garantie: 12 mois,images/LAVSAM60-DW60CG-3.jpg,images/LAVSAM60-DW60CG-3.jpg;images/LAVSAM60-DW60CG-1.jpg;images/LAVSAM60-DW60CG-2.jpg;images/LAVSAM60-DW60CG-4.jpg;images/LAVSAM60-DW60CG-5.jpg,oui,"Ce lave-vaisselle pose-libre Samsung de 14 couverts de couleur gris offre une vaisselle brillante grâce à son système d'ouverture automatique de la porte en fin de cycle.

Points forts
• Capacité de 14 couverts
• 7 programmes disponibles
• Ouverture automatique de la porte en fin de cycle pour un meilleur séchage

Caractéristiques
Couleur : Gris
Capacité : 14 couverts
Nombre de programmes : 7
Type de pose : Pose-libre"
MALAST10KG-MLV1,Astech,Machine à laver Astech 10 kg inverter gris mlv10fn1003lc/mlv10t1n10invln,lavage,Machines à laver,269900,hublot,jour,10 kg,Type: Inverter | Capacité: 10 kg | Couleur: Gris | Garantie: 12 mois,images/MALAST10KG-MLV1-1.jpg,images/MALAST10KG-MLV1-1.jpg,oui,"Cette machine à laver Astech d'une capacité de 10 kg dispose d'un moteur inverter et de 16 programmes de lavage pour un entretien optimal du linge.

Points forts
• Capacité de lavage de 10 kg
• Technologie de moteur inverter
• 16 programmes de lavage

Caractéristiques
Type : Inverter
Couleur : Gris
Capacité de lavage : 10 kg
Nombre de programmes : 16"
MALAST10KG-WD106,Astech,Machine à laver Astech 10 kg/6 kg sechage inverter wd30ts106ls688og,lavage,Machines à laver,359900,hublot,jour,10 kg,Type: Inverter | Capacité: 10 kg | Garantie: 12 mois,images/MALAST10KG-WD106-2.jpg,images/MALAST10KG-WD106-2.jpg;images/MALAST10KG-WD106-1.jpg;images/MALAST10KG-WD106-3.png,oui,"La machine à laver et séchante Astech combine une capacité de lavage de 10 kg et de séchage de 6 kg, avec un programme de lavage rapide.

Points forts
• Capacité de lavage de 10 kg et de séchage de 6 kg
• Classe énergétique A+++
• Programme de lavage rapide
• Vitesse d'essorage de 1200 RPM

Caractéristiques
Type : Inverter
Couleur : Silver
Capacité de lavage : 10 KG
Capacité de séchage : 6 KG
Classe énergétique : A+++
Vitesse d'essorage : 1200 RPM
Puissance : 2200W
Tension / fréquence : 220-240 V / 50Hz
Dimensions : 600 x 577 x 847 mm
Poids : 65 kg"
MALAST12KG-TWT1,Astech,Machine à laver Astech 12 kg semi automatique top load blanc twt12-b102nl,lavage,Machines à laver,146500,semiauto,jour,12 kg,Type: Semi automatique | Capacité: 12 kg | Couleur: Blanc | Garantie: 12 mois,images/MALAST12KG-TWT1-2.png,images/MALAST12KG-TWT1-2.png;images/MALAST12KG-TWT1-1.png,oui,"Cette machine à laver Astech semi-automatique de type top load offre une capacité de 12 kg pour le lavage du linge.

Points forts
• Capacité de 12 kg
• Type semi-automatique top load

Caractéristiques
Type : Semi automatique
Couleur : Blanc
Capacité : 12 kg"
MALAST12KG-TL12,Astech,Machine à laver Astech 12 kg top load gris tpl12012k5100,lavage,Machines à laver,143500,hublot,jour,12 kg,Type: Top load | Capacité: 12 kg | Couleur: Gris | Garantie: 12 mois,images/MALAST12KG-TL12-1.jpg,images/MALAST12KG-TL12-1.jpg;images/MALAST12KG-TL12-2.png,oui,"Cette machine à laver Astech à chargement par le dessus offre une capacité de 12 kg. Elle convient pour le lavage de votre linge au quotidien.

Points forts
• Capacité de 12 kg
• Chargement par le dessus
• Coloris gris

Caractéristiques
Type : Top load
Capacité : 12 kg
Couleur : Gris"
MALAST14KG-TWT1,Astech,Machine à laver Astech 14 kg semi automatique top load blanc twt14b102nl,lavage,Machines à laver,160300,semiauto,jour,14 kg,Type: Semi automatique | Capacité: 14 kg | Couleur: Blanc | Garantie: 12 mois,images/MALAST14KG-TWT1-1.png,images/MALAST14KG-TWT1-1.png;images/MALAST14KG-TWT1-2.png,oui,"Découvrez cette machine à laver semi-automatique Astech d'une capacité de 14 kg. Elle est conçue pour faciliter l'entretien de votre linge à la maison.

Points forts
• Capacité de 14 kg
• Fonctionnement semi-automatique
• Coloris blanc

Caractéristiques
Type : Semi automatique
Capacité : 14 kg
Couleur : Blanc"
MALAST7KG-MLV70,Astech,Machine à laver Astech 7 kg inverter gris mlv70bn7invld/ln,lavage,Machines à laver,164900,hublot,jour,7 kg,Type: Inverter | Capacité: 7 kg | Couleur: Gris | Garantie: 12 mois,images/MALAST7KG-MLV70-1.jpg,images/MALAST7KG-MLV70-1.jpg,oui,"Cette machine à laver Astech intègre la technologie inverter pour une capacité de 7 kg. Elle dispose de plusieurs programmes pour s'adapter à vos textiles.

Points forts
• Capacité de 7 kg
• Technologie inverter
• 16 programmes disponibles

Caractéristiques
Type : Inverter
Capacité : 7 kg
Nombre de programmes : 16
Couleur : Gris"
MALAST7KG-TWT70,Astech,Machine à laver Astech 7 kg semi automatique blanc twt70b102nl,lavage,Machines à laver,119900,semiauto,jour,7 kg,Type: Semi automatique | Capacité: 7 kg | Couleur: Blanc | Garantie: 12 mois,images/MALAST7KG-TWT70-1.jpg,images/MALAST7KG-TWT70-1.jpg,oui,"Cette machine à laver semi-automatique Astech propose une capacité de lavage de 7 kg et des cuves séparées pour le lavage et l'essorage.

Points forts
• Capacité de lavage de 7 kg
• Capacité d'essorage de 5,6 kg
• Vitesse d'essorage maximale de 1320 tr/min
• Cuves de lavage et d'essorage séparées

Caractéristiques
Type : Semi automatique
Capacité de lavage : 7 kg
Capacité d'essorage : 5,6 kg
Puissance nominale : 520 W
Tension : 220-240 V
Fréquence : 50 Hz
Niveau de protection contre l'humidité : IPX4
Vitesse d'essorage maximale : 1320 tr/min
Couleur : Blanc"
MALAST9KG-MLV90,Astech,Machine à laver Astech 9 kg inverter gris mlv90bn9invln,lavage,Machines à laver,226900,hublot,jour,9 kg,Type: Inverter | Capacité: 9 kg | Couleur: Gris | Garantie: 12 mois,images/MALAST9KG-MLV90-1.jpg,images/MALAST9KG-MLV90-1.jpg,oui,"La machine à laver Astech de 9 kg est équipée d'un moteur inverter et de 16 programmes. Elle répond efficacement aux besoins de lavage de votre foyer.

Points forts
• Capacité de 9 kg
• Moteur inverter
• Classe énergétique A+++
• 16 programmes et départ différé

Caractéristiques
Type : Inverter
Capacité : 9 kg
Classe énergie : A+++
Rinçage : 1400 tours
Nombre de programmes : 16
Fonction : Départ différé
Couleur : Gris"
MACHINE-A-LAVER-BEKO-10KG-SMART-INVERTER-BLANC-1400RPM-10736XCOM,Beko,Machine à laver Beko 10 kg smart inverter blanc 1400rpm 10736xcom,lavage,Machines à laver,344500,hublot,jour,10 kg,Type: Inverter | Capacité: 10 kg | Couleur: Blanc | Garantie: 12 mois,images/MACHINE-A-LAVER-BEKO-10KG-SMART-INVERTER-BLANC-1400RPM-10736XCOM-1.jpg,images/MACHINE-A-LAVER-BEKO-10KG-SMART-INVERTER-BLANC-1400RPM-10736XCOM-1.jpg;images/MACHINE-A-LAVER-BEKO-10KG-SMART-INVERTER-BLANC-1400RPM-10736XCOM-2.jpg,oui,"Cette machine à laver Beko offre une grande capacité de 10 kg et un essorage performant. Elle intègre un affichage LED et de nombreux programmes.

Points forts
• Capacité de 10 kg
• Vitesse d'essorage jusqu'à 1400 rpm
• Classe énergie A+++
• 16 programmes de lavage

Caractéristiques
Type : Inverter
Capacité : 10 kg
Vitesse d'essorage maximum : 1400 rpm
Classe énergie : A+++
Nombre de programmes : 16
Type d'affichage : LED
Couleur : Blanc"
MALBEK10KG-B3TD,Beko,Machine à laver Beko 10 kg/7 kg sechage inverter 1400t/mn gris b3dft51042,lavage,Machines à laver,410000,hublot,jour,10 kg,Type: Inverter | Capacité: 10 kg | Couleur: Gris | Garantie: 12 mois,images/MALBEK10KG-B3TD-1.jpg,images/MALBEK10KG-B3TD-1.jpg;images/MALBEK10KG-B3TD-4.jpg;images/MALBEK10KG-B3TD-2.jpg;images/MALBEK10KG-B3TD-3.jpg,oui,"Cette machine à laver Beko offre une capacité de lavage de 10 kg et de séchage de 7 kg. Elle intègre un moteur ProSmart Inverter et un affichage par écran digital.

Points forts
• Capacité de lavage de 10 kg et séchage de 7 kg
• Classe d'efficacité énergétique A
• Vitesse d'essorage maximum de 1400 tr/min
• Moteur ProSmart Inverter

Caractéristiques
Classe d'efficacité énergétique : A
Vitesse d'essorage : 1400 tr/min
Capacité : 10 kg
Couleur : Gris
Niveau sonore de lavage : 51 dBA
Niveau sonore d'essorage : 76 dBA
Niveau sonore de séchage : 66 dBA
Moteur : ProSmart Inverter
Hauteur : 84,5 cm
Largeur : 60 cm
Profondeur : 60 cm
Type d'affichage : Écran digital
Type d'installation : Pose libre"
MALBEK6KG-WCC65,Beko,Machine à laver Beko 6 kg inverter gris wcc6511bss,lavage,Machines à laver,222000,hublot,jour,6 kg,Type: Inverter | Capacité: 6 kg | Couleur: Gris | Garantie: 12 mois,images/MALBEK6KG-WCC65-1.jpg,images/MALBEK6KG-WCC65-1.jpg;images/MALBEK6KG-WCC65-2.png,oui,"Cette machine à laver Beko dispose d'une capacité de 6 kg et d'un type Inverter. Elle arbore une couleur grise adaptée à votre intérieur.

Points forts
• Capacité de 6 kg
• Type Inverter

Caractéristiques
Type : Inverter
Capacité : 6 kg
Couleur : Gris"
MALBEK7KG-BAW38,Beko,Machine à laver Beko 7 kg inverter gris baw385uk,lavage,Machines à laver,209800,hublot,jour,7 kg,Type: Inverter | Capacité: 7 kg | Couleur: Gris | Garantie: 12 mois,images/MALBEK7KG-BAW38-1.png,images/MALBEK7KG-BAW38-1.png;images/MALBEK7KG-BAW38-4.png;images/MALBEK7KG-BAW38-2.png;images/MALBEK7KG-BAW38-3.png,oui,"Cette machine à laver Beko de couleur grise propose une capacité de 7 kg avec un fonctionnement de type Inverter.

Points forts
• Capacité de 7 kg
• Type Inverter

Caractéristiques
Type : Inverter
Capacité : 7 kg
Couleur : Gris"
MALBEK7KG-WCC76,Beko,Machine à laver Beko 7 kg inverter gris wcc7611bss,lavage,Machines à laver,196800,hublot,jour,7 kg,Type: Inverter | Capacité: 7 kg | Couleur: Gris | Garantie: 12 mois,images/MALBEK7KG-WCC76-1.png,images/MALBEK7KG-WCC76-1.png;images/MALBEK7KG-WCC76-2.png,oui,"Machine à laver Beko d'une capacité de 7 kg, équipée d'un système de type Inverter dans un coloris gris.

Points forts
• Capacité de 7 kg
• Type Inverter

Caractéristiques
Type : Inverter
Capacité : 7 kg
Couleur : Gris"
MALBEK8KG-WUXR8,Beko,Machine à laver Beko 8 kg front load blanc wuxr81282wi/it,lavage,Machines à laver,282000,hublot,jour,8 kg,Capacité: 8 kg | Couleur: Blanc | Garantie: 12 mois,images/MALBEK8KG-WUXR8-3.jpg,images/MALBEK8KG-WUXR8-3.jpg;images/MALBEK8KG-WUXR8-1.jpg;images/MALBEK8KG-WUXR8-2.png;images/MALBEK8KG-WUXR8-4.png,oui,"Ce lave-linge frontal Beko de couleur blanche offre une capacité de 8 kg pour vos textiles au quotidien.

Points forts
• Capacité de 8 kg
• Modèle frontal blanc

Caractéristiques
Capacité : 8 kg
Couleur : Blanc"
MALBEK8KG-TV873,Beko,Machine à laver Beko 8 kg/5 kg sechage a+ 1400tr/min htv8736xcom,lavage,Machines à laver,376500,hublot,jour,8 kg,Capacité: 8 kg | Garantie: 12 mois,images/MALBEK8KG-TV873-1.jpg,images/MALBEK8KG-TV873-1.jpg;images/MALBEK8KG-TV873-2.jpg;images/MALBEK8KG-TV873-3.jpg,oui,"Ce lave-linge séchant frontal Beko gère jusqu'à 8 kg en lavage et 5 kg en séchage. Il propose une vitesse d'essorage de 1400 tr/min ainsi que divers programmes adaptés à vos besoins.

Points forts
• Capacité de 8 kg en lavage et 5 kg en séchage
• Programme combiné lavage et séchage 5 + 5 kg
• Vitesse d'essorage de 1400 tr/min
• Programmes spécifiques dont laine, chemises et express 14 minutes

Caractéristiques
Capacité de lavage : 8 kg
Capacité de séchage : 5 kg
Vitesse d'essorage : 1400 tr/min
Classe énergétique : A
Niveau sonore en lavage : 57 dB
Niveau sonore en essorage : 77 dB"
MALBEK9KG-CS141,Beko,Machine à laver Beko 9 kg 1200tour/min blanc bmwh3941a,lavage,Machines à laver,237200,hublot,jour,9 kg,Capacité: 9 kg | Couleur: Blanc | Garantie: 12 mois,images/MALBEK9KG-CS141-3.png,images/MALBEK9KG-CS141-3.png;images/MALBEK9KG-CS141-1.jpg;images/MALBEK9KG-CS141-2.png;images/MALBEK9KG-CS141-4.png;images/MALBEK9KG-CS141-5.png,oui,"Cette machine à laver Beko à chargement frontal offre une capacité de 9 kg et une vitesse d'essorage de 1200 tours par minute. Elle convient pour le lavage régulier du linge au quotidien.

Points forts
• Capacité de chargement de 9 kg
• Vitesse d'essorage maximale de 1200 tr/min
• Tambour Aquawave en inox
• Démarrage différé jusqu'à 24 h
• Sécurité enfant et anti-débordement

Caractéristiques
Type de chargement : Frontal
Type d'ouverture : Hublot
Capacité : 9 kg
Vitesse d'essorage : 1200 tr/min
Couleur : Blanc
Matériau tambour : Inox
Matériau cuve : Polypropylène
Sécurité : Sécurité enfant, Anti-débordement, Anti-balourd"
MALBEK9KG-WTV91,Beko,Machine à laver Beko 9 kg 1400tr/min gris wtv914tnxg,lavage,Machines à laver,237200,hublot,jour,9 kg,Capacité: 9 kg | Couleur: Gris | Garantie: 12 mois,images/MALBEK9KG-WTV91-3.png,images/MALBEK9KG-WTV91-3.png;images/MALBEK9KG-WTV91-1.jpg;images/MALBEK9KG-WTV91-2.png;images/MALBEK9KG-WTV91-4.png,oui,"Cette machine à laver Beko de couleur grise offre une capacité de 9 kg pour l'entretien de votre linge.

Points forts
• Capacité de 9 kg
• Coloris gris

Caractéristiques
Capacité : 9 kg
Couleur : Gris"
MALCAN10KG-CS12,Candy,Machine à laver candy 10 kg blanc ro14104dwme/1s + bouilloire offert,lavage,Machines à laver,282800,hublot,jour,10 kg,Capacité: 10 kg | Couleur: Blanc | Garantie: 12 mois,images/MALCAN10KG-CS12-1.jpg,images/MALCAN10KG-CS12-1.jpg;images/MALCAN10KG-CS12-4.jpg;images/MALCAN10KG-CS12-2.jpg;images/MALCAN10KG-CS12-3.jpg,oui,"Cette machine à laver Candy propose une capacité de 10 kg pour le lavage du linge et intègre des fonctionnalités connectées.

Points forts
• Grande capacité de 10 kg
• Technologie NFC et contrôle intelligent
• Programmes rapides et cycles additionnels
• Départ différé

Caractéristiques
Capacité : 10 kg
Couleur : Blanc
Technologie : NFC
Classe : E"
MALDEC16KG-KEDM,Decakila,Machine à laver Decakila 16 kg top load blanc kedm002w,lavage,Machines à laver,223400,hublot,jour,16 kg,Type: Top load | Capacité: 16 kg | Couleur: Blanc | Garantie: 12 mois,images/MALDEC16KG-KEDM-1.jpg,images/MALDEC16KG-KEDM-1.jpg,oui,"Cette machine à laver Decakila à chargement par le dessus dispose d'une grande capacité de 16 kg.

Points forts
• Capacité de lavage de 16 kg
• Chargement par le dessus top load

Caractéristiques
Type : Top load
Capacité : 16 kg
Couleur : Blanc"
MALDES7KG-WM7DK,Deska,Machine à laver Deska 7 kg front load gris wm7dk,lavage,Machines à laver,150500,hublot,jour,7 kg,Capacité: 7 kg | Couleur: Gris | Garantie: 12 mois,images/MALDES7KG-WM7DK-1.png,images/MALDES7KG-WM7DK-1.png,oui,"Cette machine à laver Deska à chargement frontal offre une capacité de 7 kg avec une vitesse d'essorage de 1000 tours par minute.

Points forts
• Capacité de 7 kg
• Vitesse d'essorage de 1000 tr/min
• Classe énergétique A+++

Caractéristiques
Type de produit : Machine à laver
Capacité de lavage : 7 kg
Classe énergétique : A+++
Vitesse d'essorage : 1000 tr/min
Couleur : Gris"
MALELE10KG-EL10,Autre Marque,Machine à laver Electrolux 10 kg blanc ew6f512u,lavage,Machines à laver,340000,hublot,jour,10 kg,Capacité: 10 kg | Couleur: Blanc | Garantie: 12 mois,images/MALELE10KG-EL10-2.jpg,images/MALELE10KG-EL10-2.jpg;images/MALELE10KG-EL10-5.jpg;images/MALELE10KG-EL10-1.jpg;images/MALELE10KG-EL10-3.jpg;images/MALELE10KG-EL10-4.jpg,oui,"Cette machine à laver Electrolux à charge frontale offre une capacité de 10 kg et intègre l'option vapeur active.

Points forts
• Capacité de 10 kg
• Option vapeur active
• Sécurité enfant

Caractéristiques
Emplacement d'accès : Charge frontale
Capacité : 10 kg
Couleur : Blanc
Poids : 59 kg
Dimensions : 66P x 60l x 85H centimètres
Sécurité : Sécurité enfant"
MALELE9KG-ELEC9,Autre Marque,Machine à laver Electrolux 9 kg blanc ew6f592u,lavage,Machines à laver,192500,hublot,jour,9 kg,Capacité: 9 kg | Couleur: Blanc | Garantie: 12 mois,images/MALELE9KG-ELEC9-1.jpg,images/MALELE9KG-ELEC9-1.jpg;images/MALELE9KG-ELEC9-4.jpg;images/MALELE9KG-ELEC9-2.png;images/MALELE9KG-ELEC9-3.png;images/MALELE9KG-ELEC9-5.png,oui,"Cette machine à laver d'une capacité de 9 kg convient pour l'entretien de votre linge au quotidien. Elle offre un essorage performant pour un résultat optimal.

Points forts
• Capacité de lavage de 9 kg
• Vitesse d'essorage de 1400 tours/min
• Coloris blanc

Caractéristiques
Capacité : 9 kg
Vitesse d'essorage : 1400 tours/min
Couleur : Blanc"
MALFIN10KG-FIN100,Finix,Machine à laver finix 10 kg inverter front load gris fin100ixda05e,lavage,Machines à laver,250400,hublot,jour,10 kg,Type: Inverter | Capacité: 10 kg | Couleur: Gris | Garantie: 12 mois,images/MALFIN10KG-FIN100-2.png,images/MALFIN10KG-FIN100-2.png;images/MALFIN10KG-FIN100-1.png;images/MALFIN10KG-FIN100-3.png,oui,"Cette machine à laver frontale de 10 kg dispose d'un moteur Inverter pour prendre soin de vos textiles avec efficacité.

Points forts
• Capacité de 10 kg
• Technologie moteur Inverter
• Coloris gris

Caractéristiques
Type : Inverter
Capacité : 10 kg
Couleur : Gris"
MALFIN10KG-FIN10I,Finix,Machine à laver finix 10 kg/7 kg ginvert front laod gris fin100-ixda06e,lavage,Machines à laver,317200,hublot,jour,10 kg,Capacité: 10 kg | Couleur: Gris | Garantie: 12 mois,images/MALFIN10KG-FIN10I-2.png,images/MALFIN10KG-FIN10I-2.png;images/MALFIN10KG-FIN10I-1.png;images/MALFIN10KG-FIN10I-3.png,oui,"Cette machine à laver d'une capacité de 10 kg est conçue pour le lavage régulier de votre linge.

Points forts
• Capacité de 10 kg
• Coloris gris

Caractéristiques
Capacité : 10 kg
Couleur : Gris"
MALFIN12KG-WM12,Finix,Machine à laver finix 12 kg inverter gris fin120ixda05e,lavage,Machines à laver,293600,hublot,jour,12 kg,Type: Inverter | Capacité: 12 kg | Couleur: Gris | Garantie: 12 mois,images/MALFIN12KG-WM12-2.png,images/MALFIN12KG-WM12-2.png;images/MALFIN12KG-WM12-1.jpg;images/MALFIN12KG-WM12-3.png;images/MALFIN12KG-WM12-4.png,oui,"Cette machine à laver de 12 kg avec technologie Inverter permet de traiter de grandes quantités de linge en une seule fois.

Points forts
• Grande capacité de 12 kg
• Tambour en acier inoxydable
• Vitesse d'essorage de 1000 tr/min
• Ouverture de porte à 180 degrés

Caractéristiques
Type : Inverter
Capacité de lavage : 12 kg
Vitesse d'essorage : 1000 tr/min
Qualité d'essorage : C
Tambour : Acier inoxydable
Angle d'ouverture de la porte : 180 °
Alimentation : 220-240V, monophasé, 50 HZ
Couleur : Gris"
MALFIN7KG-FIN70I,Finix,Machine à laver finix 7 kg inverter front load gris fin70ixda05e,lavage,Machines à laver,162300,hublot,jour,7 kg,Type: Inverter | Capacité: 7 kg | Couleur: Gris | Garantie: 12 mois,images/MALFIN7KG-FIN70I-2.png,images/MALFIN7KG-FIN70I-2.png;images/MALFIN7KG-FIN70I-1.png;images/MALFIN7KG-FIN70I-3.png,oui,"Cette machine à laver frontale de 7 kg intègre un moteur Inverter pour le lavage de vos vêtements.

Points forts
• Capacité de 7 kg
• Technologie Inverter
• Coloris gris

Caractéristiques
Type : Inverter
Capacité : 7 kg
Couleur : Gris"
MALFIN8KG-WM8KG,Finix,Machine à laver finix 8 kg inverter front load gris fin80ixdao5e,lavage,Machines à laver,192000,hublot,jour,8 kg,Type: Inverter | Capacité: 8 kg | Couleur: Gris | Garantie: 12 mois,images/MALFIN8KG-WM8KG-1.jpg,images/MALFIN8KG-WM8KG-1.jpg;images/MALFIN8KG-WM8KG-4.png;images/MALFIN8KG-WM8KG-2.png;images/MALFIN8KG-WM8KG-3.png,oui,"Cette machine à laver de 8 kg équipée d'un moteur Inverter assure un lavage efficace de votre linge au quotidien.

Points forts
• Capacité de 8 kg
• Tambour en acier inoxydable
• Vitesse d'essorage de 1000 tr/min
• Ouverture de porte à 180 degrés

Caractéristiques
Type : Inverter
Capacité de lavage : 8 kg
Vitesse d'essorage : 1000 tr/min
Qualité d'essorage : C
Tambour : Acier inoxydable
Angle d'ouverture de la porte : 180 °
Alimentation : 220-240V, monophasé, 50 HZ
Couleur : Gris"
MALFIN9KG-W1061,Finix,Machine à laver finix 9 kg inverter front load gris ds9k1400bldc,lavage,Machines à laver,200000,hublot,jour,9 kg,Type: Inverter | Capacité: 9 kg | Couleur: Gris | Garantie: 12 mois,images/MALFIN9KG-W1061-3.jpg,images/MALFIN9KG-W1061-3.jpg;images/MALFIN9KG-W1061-1.png;images/MALFIN9KG-W1061-2.jpg,oui,"Cette machine à laver de 9 kg offre une solution pratique pour le soin de votre linge au quotidien. Elle convient aux besoins réguliers de lavage à domicile.

Points forts
• Capacité de lavage de 9 kg
• Vitesse d'essorage de 1000 tr/min
• Classe énergétique A+++

Caractéristiques
Type : Inverter
Capacité de lavage : 9 kg
Vitesse d'essorage : 1000 tr/min
Qualité d'essorage : C
Classe énergétique : A+++
Dimensions : 88 x 64 x 65 cm
Couleur : Silver"
MALGRE6KG-GNML6,Cac,Machine à laver green 6 kg front load inverter blanc gnml6,lavage,Machines à laver,156000,hublot,jour,6 kg,Type: Inverter | Capacité: 6 kg | Couleur: Blanc | Garantie: 12 mois,images/MALGRE6KG-GNML6-2.png,images/MALGRE6KG-GNML6-2.png;images/MALGRE6KG-GNML6-1.png,oui,"Cette machine à laver frontale d'une capacité de 6 kg intègre plusieurs programmes adaptés à différents types de textiles. Elle répond aux besoins essentiels de lavage.

Points forts
• Capacité de lavage de 6 kg
• Vitesse d'essorage maximale de 1400 tr/min
• Sécurités enfant et anti-débordement intégrées
• Programmes variés dont Coton, Eco, Laine et Sport

Caractéristiques
Type : Inverter
Capacité de lavage : 6 kg
Couleur : Blanc
Vitesse d'essorage maximale : 1400 tr/min
Classe énergétique : A++
Niveau sonore lavage : 54 dB
Niveau sonore essorage : 75 dB
Dimensions : H85 x L60 x P55 cm"
MALHAI14KG-HWM14,Haier,Machine à laver Haier 14 kg top load gris hwm1401678s,lavage,Machines à laver,277400,hublot,jour,14 kg,Type: Top load | Capacité: 14 kg | Couleur: Gris | Garantie: 12 mois,images/MALHAI14KG-HWM14-3.png,images/MALHAI14KG-HWM14-3.png;images/MALHAI14KG-HWM14-1.jpg;images/MALHAI14KG-HWM14-2.png,oui,"Cette machine à laver à chargement par le dessus propose une capacité de 14 kg pour le lavage de votre linge. Elle est conçue pour les volumes importants.

Points forts
• Grande capacité de 14 kg
• Chargement par le dessus top load

Caractéristiques
Type : Top load
Capacité : 14 kg
Couleur : Gris"
MALHIS10KG-WFQY,Hisense,Machine à laver Hisense 10.5 kg front load inverter noir wf3s1043bb,lavage,Machines à laver,284800,hublot,jour,10.5 kg,Type: Inverter | Capacité: 10.5 kg | Couleur: Noir | Garantie: 12 mois,images/MALHIS10KG-WFQY-3.webp,images/MALHIS10KG-WFQY-3.webp;images/MALHIS10KG-WFQY-1.webp;images/MALHIS10KG-WFQY-2.webp;images/MALHIS10KG-WFQY-4.webp,oui,"Cette machine à laver frontale de 10.5 kg permet de traiter de larges volumes de linge. Elle est dotée d'un affichage LED et d'un réglage de température adapté.

Points forts
• Capacité de lavage de 10 kg
• Essorage maximal de 1400 tr/min
• Température maximale de 95 degrés

Caractéristiques
Type : Inverter
Capacité de lavage : 10 kg
Couleur : Gris
Affichage : LED
Pression de l'eau : 0.1-1 Mpa
Option de température maximale : 95 C
Option de vitesse d'essorage maximale : 1400 tr/min"
MALHIS11KG-WTJA,Hisense,Machine à laver Hisense 11 kg top load gris wtja1112t/wt3k1123ub,lavage,Machines à laver,223400,hublot,jour,11 kg,Type: Top load | Capacité: 11 kg | Couleur: Gris | Garantie: 12 mois,images/MALHIS11KG-WTJA-2.png,images/MALHIS11KG-WTJA-2.png;images/MALHIS11KG-WTJA-1.png;images/MALHIS11KG-WTJA-3.png;images/MALHIS11KG-WTJA-4.png,oui,"Cette machine à laver à ouverture par le dessus offre une capacité de 11 kg. Elle intègre des commandes tactiles et une connectivité wifi.

Points forts
• Capacité de lavage de 11 kg
• Contrôle tactile avec boutons
• Connectivité Wifi incluse
• Classe énergétique A

Caractéristiques
Type : Top load
Capacité de lavage maximale : 11 kg
Classe énergétique : A
Tension : 220-240 V
Fréquence : 50 Hz
Wifi : Oui
Dimensions : 62,5 x 62,5 x 102,5 cm
Couleur : Gris"
MALHIS12KG-WDQR,Hisense,Machine à laver Hisense 12 kg/8 kg sechage front load gris wd5i1245bb,lavage,Machines à laver,371150,hublot,jour,12 kg,Capacité: 12 kg | Couleur: Gris | Garantie: 12 mois,images/MALHIS12KG-WDQR-3.jpg,images/MALHIS12KG-WDQR-3.jpg;images/MALHIS12KG-WDQR-1.jpg;images/MALHIS12KG-WDQR-2.jpg;images/MALHIS12KG-WDQR-4.jpg,oui,"Cette machine à laver séchante dispose d'une capacité de 12 kg en lavage et d'un système de séchage. Elle intègre plusieurs programmes et options de température.

Points forts
• Capacité de lavage de 12 kg
• Essorage maximal de 1400 tr/min
• Classe d'efficacité énergétique A+++

Caractéristiques
Capacité de lavage : 12 kg
Capacité de séchage : 12 kg
Couleur : Gris
Tension : 220-240V
Fréquence : 50Hz
Classe d'efficacité énergétique : A+++
Puissance nominale totale : 1750 W
Vitesse d'essorage maximale : 1400 tr/min
Température maximale : 95 C
Poids net : 71 kg
Dimensions : 595 x 660 x 845 mm"
MALHIS17KG-WT3T,Hisense,Machine à laver Hisense 17 kg top load wt3t1723ub,lavage,Machines à laver,320600,hublot,jour,17 kg,Type: Top load | Capacité: 17 kg | Garantie: 12 mois,images/MALHIS17KG-WT3T-2.png,images/MALHIS17KG-WT3T-2.png;images/MALHIS17KG-WT3T-1.png;images/MALHIS17KG-WT3T-3.png;images/MALHIS17KG-WT3T-4.png,oui,"Cette machine à laver à chargement par le dessus offre une grande capacité de lavage de 17 kg pour vos besoins quotidiens. Elle dispose d'un système automatique avec une vitesse d'essorage de 700 tr/min.

Points forts
• Capacité de lavage maximale de 17 kg
• Vitesse de rotation de 700 RPM
• Puissance de 500W
• Ouverture par le dessus top load

Caractéristiques
Capacité de lavage : 17 kg
Vitesse d'essorage : 700 tr/min
Puissance : 500W
Type : Top load
Dimensions : 68,5 x 70 x 156 cm / 74 x 76 x 119 cm"
MALHIS6KG-WFXE6,Hisense,Machine à laver Hisense 6 kg front load gris wfvb6010mt/wf1i6022bk,lavage,Machines à laver,150500,hublot,jour,6 kg,Capacité: 6 kg | Couleur: Gris | Garantie: 12 mois,images/MALHIS6KG-WFXE6-1.jpg,images/MALHIS6KG-WFXE6-1.jpg;images/MALHIS6KG-WFXE6-4.jpg;images/MALHIS6KG-WFXE6-2.png;images/MALHIS6KG-WFXE6-3.jpg,oui,"Cette machine à laver frontale de 6 kg est conçue pour prendre soin de votre linge avec une vitesse d'essorage atteignant 1000 tr/min. Elle s'intègre facilement dans votre espace buanderie.

Points forts
• Capacité de lavage maximale de 6 kg
• Volume du tambour de 6 litres
• Vitesse d'essorage de 1000 tr/min
• Puissance de 1800W

Caractéristiques
Capacité de lavage : 6 kg
Volume du tambour : 6 L
Vitesse d'essorage : 1000 tr/min
Puissance : 1800W
Couleur : Gris
Dimensions : 66 x 51,5 x 89,5 cm / 59,5 x 46 x 84,5 cm"
MALHIS7KG-WF117,Hisense,Machine à laver Hisense 7 kg front load gris wf1i7022bk,lavage,Machines à laver,162000,hublot,jour,7 kg,Capacité: 7 kg | Couleur: Gris | Garantie: 12 mois,images/MALHIS7KG-WF117-1.png,images/MALHIS7KG-WF117-1.png;images/MALHIS7KG-WF117-4.png;images/MALHIS7KG-WF117-2.png;images/MALHIS7KG-WF117-3.png;images/MALHIS7KG-WF117-5.png,oui,"Cette machine à laver frontale de 7 kg propose plusieurs programmes automatiques pour faciliter l'entretien de votre linge. Elle intègre des fonctions spécifiques comme les soins anti-allergies et bébé.

Points forts
• Capacité de lavage de 7 kg
• Classe énergétique A++
• Programmes incluant soins anti-allergies et soins bébé
• Fonction nettoyage du tambour

Caractéristiques
Volume du tambour : 43 L
Puissance : 1600W
Classe énergétique : A+++
Tension : 220-240 V
Fréquence : 50 Hz
Couleur : Gris
Dimensions : 59,5 x 46,4 x 84,5 cm / 66 x 49,5 x 89 cm"
MALHIS7KG-WFXE7,Hisense,Machine à laver Hisense 7.5 kg semi automatique twintub ws75ha3w,lavage,Machines à laver,116000,semiauto,jour,7.5 kg,Type: Semi automatique | Capacité: 7.5 kg | Garantie: 12 mois,images/MALHIS7KG-WFXE7-2.jpg,images/MALHIS7KG-WFXE7-2.jpg;images/MALHIS7KG-WFXE7-1.jpg;images/MALHIS7KG-WFXE7-3.jpg;images/MALHIS7KG-WFXE7-4.png,oui,"Cette machine à laver semi-automatique à double bac permet de laver et d'essorer facilement votre linge au quotidien. Elle offre une manipulation simple et pratique.

Points forts
• Capacité de lavage de 7 kg
• Fonctions lavage, rinçage et essorage
• Matière en plastique

Caractéristiques
Type : Semi-automatique
Capacité de lavage : 7 kg
Fonctions : Lave / Rince / Essore
Tension nominale : 220-240V / 5Hz
Matière : Plastique"
MALHIS8KG-WD3S8,Hisense,Machine à laver Hisense 8 kg/5 kg sechage front load inverter wd3s8043bb,lavage,Machines à laver,205500,hublot,jour,8 kg,Type: Inverter | Capacité: 8 kg | Garantie: 12 mois,images/MALHIS8KG-WD3S8-3.png,images/MALHIS8KG-WD3S8-3.png;images/MALHIS8KG-WD3S8-1.png;images/MALHIS8KG-WD3S8-2.png;images/MALHIS8KG-WD3S8-4.png,oui,"Cette machine à laver frontale avec fonction de séchage intègre la technologie Inverter pour le traitement de votre linge. Elle combine lavage et séchage dans un seul appareil.

Points forts
• Capacité de lavage de 8 kg
• Capacité de séchage de 5 kg
• Technologie Inverter

Caractéristiques
Type : Inverter
Capacité de lavage : 8 kg
Capacité de séchage : 5 kg"
MALHIS9KG-WT3K9,Hisense,Machine à laver Hisense 9 kg top load noir wt3k9022ub,lavage,Machines à laver,293600,hublot,jour,9 kg,Type: Top load | Capacité: 9 kg | Couleur: Noir | Garantie: 12 mois,images/MALHIS9KG-WT3K9-1.png,images/MALHIS9KG-WT3K9-1.png;images/MALHIS9KG-WT3K9-2.png,oui,"Cette machine à laver top load de 9 kg offre un chargement pratique et s'adapte aux besoins de la famille. Elle dispose d'une détection automatique de charge et de fonctions de sécurité.

Points forts
• Capacité de 9 kg adaptée aux familles
• Chargement Top Load pratique et ergonomique
• Détection automatique de charge pour un lavage optimisé
• Sécurité enfant et anti-débordement

Caractéristiques
Type : Top load
Capacité : 9 kg
Puissance : 550 W
Couleur : Noir"
MALHIT9KG-BD904,Hitachi,Machine à laver hitachi 9 kg inverter gris noir bd904hvos,lavage,Machines à laver,395000,hublot,jour,9 kg,Type: Inverter | Capacité: 9 kg | Couleur: Gris | Garantie: 12 mois,images/MALHIT9KG-BD904-2.jpg,images/MALHIT9KG-BD904-2.jpg;images/MALHIT9KG-BD904-5.jpg;images/MALHIT9KG-BD904-1.jpg;images/MALHIT9KG-BD904-3.jpg;images/MALHIT9KG-BD904-4.jpg,oui,"Cette machine à laver à chargement frontal d'une capacité de 9 kg intègre un moteur à onduleur et une interface LED tactile pour un usage quotidien simple et efficace.

Points forts
• Capacité de lavage de 9 kg
• Moteur à onduleur
• Interface LED tactile
• Vitesse d'essorage de 1400 tours par minute

Caractéristiques
Type : Chargement frontal
Capacité de lavage : 9 kg
Couleur : Silver noir
Interface : LED tactile
Diamètre du tambour : 504 mm
Moteur : Onduleur
Cote énergétique : 5 étoiles
Consommation électrique : 1800 W"
MALLG10KG-T10F2,LG,Machine à laver LG 10 kg top load gris t1066nefvf2,lavage,Machines à laver,472800,hublot,jour,10 kg,Type: Top load | Capacité: 10 kg | Couleur: Gris | Garantie: 12 mois,images/MALLG10KG-T10F2-1.png,images/MALLG10KG-T10F2-1.png;images/MALLG10KG-T10F2-2.jpg;images/MALLG10KG-T10F2-3.png,oui,"Cette machine à laver entièrement automatique d'une capacité de 10 kg dispose de plusieurs programmes et technologies pour le soin de votre linge.

Points forts
• Capacité de 10 kg
• Système entièrement automatique
• Huit programmes de lavage
• Sécurité enfants intégrée

Caractéristiques
Type : Top load
Capacité : 10 kg
Couleur : Gris
Technologies : Logique floue, Turbo Drum, Punch + 3 Tech
Programmes : 8 programmes de lavage"
MALLG10KG-F4V5R,LG,Machine à laver LG 10 kg/7 kg sechage gris f4v5rgp2t,lavage,Machines à laver,515600,hublot,jour,10 kg,Capacité: 10 kg | Couleur: Gris | Garantie: 12 mois,images/MALLG10KG-F4V5R-3.webp,images/MALLG10KG-F4V5R-3.webp;images/MALLG10KG-F4V5R-1.webp;images/MALLG10KG-F4V5R-2.webp;images/MALLG10KG-F4V5R-4.webp;images/MALLG10KG-F4V5R-5.webp,oui,"Cette machine à laver et séchage offre une capacité de lavage de 10 kg et une capacité d'essorage de 7 kg avec connectivité Wi-Fi et technologies avancées.

Points forts
• Capacité de lavage de 10 kg et séchage de 7 kg
• Moteur Inverter Direct Drive
• Connectivité Wi-Fi intégrée
• Fonction TurboWash et True Steam

Caractéristiques
Capacité de lavage : 10 kg
Capacité d'essorage : 7 kg
Couleur : Stainless Silver
Volume : 67 L
Poids : 150 kg
Niveau de bruit au lavage : 55 dB
Niveau de bruit à l'essorage : 75 dB
Vitesse maximale d'essorage : 1400 tours/min"
MALLG10-F4V5RYP,LG,Machine à laver LG 10.5 kg front load gris f4v5ryp2t,lavage,Machines à laver,472800,hublot,jour,10.5 kg,Capacité: 10.5 kg | Couleur: Gris | Garantie: 12 mois,images/MALLG10-F4V5RYP-1.jpg,images/MALLG10-F4V5RYP-1.jpg;images/MALLG10-F4V5RYP-2.jpg,oui,"Cette machine à laver à chargement frontal d'une capacité de 10 kg intègre un moteur Inverter Direct Drive et des technologies de lavage avancées.

Points forts
• Capacité de lavage de 10 kg
• Chargement frontal
• Moteur Inverter Direct Drive
• Technologies AI DD et 6 Motion

Caractéristiques
Type : Chargement frontal
Capacité de lavage : 10 kg
Dimensions (L x H x P) : 600 x 850 x 620 mm
Moteur : Inverter Direct Drive Motor
Design : Argent inoxydable (métal enduit de vinyle)"
MALLG13KG-T1369,LG,Machine à laver LG 13 kg top load blanc t1369neht,lavage,Machines à laver,403250,hublot,jour,13 kg,Type: Top load | Capacité: 13 kg | Couleur: Blanc | Garantie: 12 mois,images/MALLG13KG-T1369-2.jpg,images/MALLG13KG-T1369-2.jpg;images/MALLG13KG-T1369-5.jpg;images/MALLG13KG-T1369-1.jpg;images/MALLG13KG-T1369-3.jpg;images/MALLG13KG-T1369-4.jpg,oui,"Cette machine à laver à chargement par le dessus offre une capacité de 13 kg pour le traitement de vos textiles.

Points forts
• Capacité de 13 kg
• Type top load

Caractéristiques
Type : Top load
Capacité : 13 kg
Couleur : Blanc"
MALLG10KG-WT131,LG,Machine à laver LG 13 kg/10 kg sechage front load gris wt1310yj,lavage,Machines à laver,1035500,hublot,jour,13 kg,Capacité: 13 kg | Couleur: Gris | Garantie: 12 mois,images/MALLG10KG-WT131-2.jpg,images/MALLG10KG-WT131-2.jpg;images/MALLG10KG-WT131-5.jpg;images/MALLG10KG-WT131-1.jpg;images/MALLG10KG-WT131-3.jpg;images/MALLG10KG-WT131-4.jpg,oui,"Cet appareil combiné laveuse et sécheuse propose une capacité de 13 kg pour le lavage et 10 kg pour le séchage avec un contrôle central tout-en-un.

Points forts
• Capacité de lavage de 13 kg
• Capacité de séchage de 10 kg
• Entraînement direct IA
• Technologie TurboWash 360

Caractéristiques
Capacité de lavage : 13 kg
Capacité de séchage : 10 kg
Couleur : Gris
Technologie : Entraînement direct IA, TurboWash 360"
MALLG13KG-F0Z6D,LG,Machine à laver LG 13 kg/8 kg sechage f0z6drp249,lavage,Machines à laver,510250,hublot,jour,13 kg,Capacité: 13 kg | Garantie: 12 mois,images/MALLG13KG-F0Z6D-1.png,images/MALLG13KG-F0Z6D-1.png;images/MALLG13KG-F0Z6D-4.png;images/MALLG13KG-F0Z6D-2.png;images/MALLG13KG-F0Z6D-3.png,oui,"Cette machine à laver LG offre une capacité de 13 kg pour le lavage et 8 kg pour le séchage.

Points forts
• Capacité de lavage de 13 kg
• Capacité de séchage de 8 kg

Caractéristiques
Capacité : 13 kg"
MALLG14KG-T1466,LG,Machine à laver LG 14 kg top load noir t1466neht2a,lavage,Machines à laver,398000,hublot,jour,14 kg,Type: Top load | Capacité: 14 kg | Couleur: Noir | Garantie: 12 mois,images/MALLG14KG-T1466-2.png,images/MALLG14KG-T1466-2.png;images/MALLG14KG-T1466-5.png;images/MALLG14KG-T1466-1.jpg;images/MALLG14KG-T1466-3.png;images/MALLG14KG-T1466-4.png,oui,"Cette machine à laver à chargement par le dessus d'une capacité de 14 kg dispose d'un moteur intelligent et d'un couvercle en verre.

Points forts
• Grande capacité de 14 kg
• Moteur Smart Inverter et Smart Motion
• Couvercle en verre design à fermeture douce

Caractéristiques
Type : Top load
Capacité : 14 kg
Couleur : Noir
Dimensions (L x P x H) : 632 x 670 x 1020 mm
Moteur : Smart Inverter"
MALLG15KG-F0L9D,LG,Machine à laver LG 15 kg gris fol9dyp2s/foz6dyp24,lavage,Machines à laver,596000,hublot,jour,15 kg,Capacité: 15 kg | Couleur: Gris | Garantie: 12 mois,images/MALLG15KG-F0L9D-1.png,images/MALLG15KG-F0L9D-1.png;images/MALLG15KG-F0L9D-4.webp;images/MALLG15KG-F0L9D-2.webp;images/MALLG15KG-F0L9D-3.webp;images/MALLG15KG-F0L9D-5.jpg,oui,"Cette machine à laver frontale de 15 kg intègre des programmes de lavage adaptés au coton, aux textiles délicats et au nettoyage.

Points forts
• Grande capacité de 15 kg
• Moteur à entraînement direct de l'onduleur
• Technologie d'intelligence artificielle

Caractéristiques
Capacité : 15 kg
Couleur : Silver
Dimensions (L x H x P) : 645 x 770 x 940 mm
Efficacité énergétique : D"
MALLG15-FOL9DGP,LG,Machine à laver LG 15 kg/8 kg sechage fol9dgp2s,lavage,Machines à laver,622800,hublot,jour,15 kg,Capacité: 15 kg | Garantie: 12 mois,images/MALLG15-FOL9DGP-3.jpg,images/MALLG15-FOL9DGP-3.jpg;images/MALLG15-FOL9DGP-1.jpg;images/MALLG15-FOL9DGP-2.jpg;images/MALLG15-FOL9DGP-4.jpg;images/MALLG15-FOL9DGP-5.jpg,oui,"Ce lave-linge séchant de 15 kg avec séchage de 8 kg intègre des technologies avancées pour le soin des vêtements.

Points forts
• Capacité de lavage de 15 kg et séchage de 8 kg
• Réduction des allergènes avec les cycles à vapeur
• Surveillance à distance avec ThinQ

Caractéristiques
Capacité : 15/8 kg
Dimensions (L x H x P) : 645 x 770 x 940 mm
Classe d'efficacité énergétique : D
Connectivité : ThinQ"
MALLG18-FOL2CRV,LG,Machine à laver LG 20 kg/12 kg sechage fol2crv2t2,lavage,Machines à laver,770500,hublot,jour,20 kg,Capacité: 20 kg | Garantie: 12 mois,images/MALLG18-FOL2CRV-3.jpg,images/MALLG18-FOL2CRV-3.jpg;images/MALLG18-FOL2CRV-1.jpg;images/MALLG18-FOL2CRV-2.jpg;images/MALLG18-FOL2CRV-4.jpg;images/MALLG18-FOL2CRV-5.jpg,oui,"Cet appareil tout-en-un combine un lave-linge et un sèche-linge avec de grandes capacités pour le foyer.

Points forts
• Capacité de 20 kg en lavage et 12 kg en séchage
• Moteur Inverter Direct Drive Motor
• Technologies TurboWash et Smart Diagnosis

Caractéristiques
Capacité : 20/12 kg
Dimensions (L x H x P) : 700 x 770 x 1260 mm
Moteur : Inverter Direct Drive Motor"
MALLG6KG-FH2J3W,LG,Machine à laver LG 6 kg blanc fh2j3wdnpo,lavage,Machines à laver,228800,hublot,jour,6 kg,Capacité: 6 kg | Couleur: Blanc | Garantie: 12 mois,images/MALLG6KG-FH2J3W-3.jpg,images/MALLG6KG-FH2J3W-3.jpg;images/MALLG6KG-FH2J3W-1.jpg;images/MALLG6KG-FH2J3W-2.jpg;images/MALLG6KG-FH2J3W-4.jpg;images/MALLG6KG-FH2J3W-5.png,oui,"Cette machine à laver blanche d'une capacité de 6 kg propose différentes températures et vitesses d'essorage.

Points forts
• Capacité de lavage maximale de 6 kg
• Zéro consommation en mode veille
• Volume du tambour de 44 litres

Caractéristiques
Capacité de lavage maximale : 6 kg
Couleur : Blanc
Alimentation en eau : Froide uniquement
Volume du tambour : 44 litres"
MALLG7KG-FH2J3Q,LG,Machine à laver LG 7 kg blanc fh2j3qdngop,lavage,Machines à laver,293600,hublot,jour,7 kg,Capacité: 7 kg | Couleur: Blanc | Garantie: 12 mois,images/MALLG7KG-FH2J3Q-1.jpg,images/MALLG7KG-FH2J3Q-1.jpg;images/MALLG7KG-FH2J3Q-4.jpg;images/MALLG7KG-FH2J3Q-2.jpg;images/MALLG7KG-FH2J3Q-3.jpg;images/MALLG7KG-FH2J3Q-5.jpg,oui,"Cette machine à laver de capacité 7 kg est idéale pour l'entretien régulier de votre linge au quotidien.

Points forts
• Capacité de lavage de 7 kg
• Coloris blanc

Caractéristiques
Capacité : 7 kg
Couleur : Blanc"
MALLG7KG-F2Y1HY,LG,Machine à laver LG 7 kg front load gris f2j3qyl6j/f2y1hyp6j,lavage,Machines à laver,267000,hublot,jour,7 kg,Capacité: 7 kg | Couleur: Gris | Garantie: 12 mois,images/MALLG7KG-F2Y1HY-1.jpg,images/MALLG7KG-F2Y1HY-1.jpg;images/MALLG7KG-F2Y1HY-2.png,oui,"Cette machine à laver frontale de 7 kg dispose d'un système de lavage adapté pour faciliter l'entretien de votre linge.

Points forts
• Capacité de lavage de 7 kg
• Vitesse d'essorage de 1400
• Fonction départ différé et vapeur

Caractéristiques
Capacité de lavage : 7 kg
Vitesse d'essorage : 1400
Départ différé : Oui
Fonction vapeur : Oui
Couleur : Gris"
MALLG8KG-5F4J6T,LG,Machine à laver LG 8 kg / 5 kg sechage gris f2v5pg2t,lavage,Machines à laver,377000,hublot,jour,8 kg,Capacité: 8 kg | Couleur: Gris | Garantie: 12 mois,images/MALLG8KG-5F4J6T-1.jpg,images/MALLG8KG-5F4J6T-1.jpg;images/MALLG8KG-5F4J6T-4.jpg;images/MALLG8KG-5F4J6T-2.jpg;images/MALLG8KG-5F4J6T-3.jpg;images/MALLG8KG-5F4J6T-5.jpg,oui,"Cet appareil combiné lave-linge et sèche-linge permet de laver 8 kg de linge et d'en sécher 5 kg.

Points forts
• Capacité de lavage de 8 kg
• Capacité de séchage de 5 kg
• Classe énergétique A+++

Caractéristiques
Capacité de lavage : 8 kg
Capacité de séchage : 5 kg
Classe énergétique : A+++
Voltage : 220-240V
Fréquence : 50hz
Couleur : Gris"
MALLG8KG-F4R3TY,LG,Machine à laver LG 8 kg front load blanc f4r3tyg3w,lavage,Machines à laver,355100,hublot,jour,8 kg,Capacité: 8 kg | Couleur: Blanc | Garantie: 12 mois,images/MALLG8KG-F4R3TY-2.png,images/MALLG8KG-F4R3TY-2.png;images/MALLG8KG-F4R3TY-5.png;images/MALLG8KG-F4R3TY-1.png;images/MALLG8KG-F4R3TY-3.png;images/MALLG8KG-F4R3TY-4.png,oui,"Cette machine à laver frontale de 8 kg en coloris blanc s'intègre facilement dans votre espace buanderie.

Points forts
• Capacité de 8 kg
• Coloris blanc

Caractéristiques
Capacité : 8 kg
Couleur : Blanc"
MALLG8KG-F2Y1TY,LG,Machine à laver LG 8 kg front load gris f2y1typ6j,lavage,Machines à laver,288200,hublot,jour,8 kg,Capacité: 8 kg | Couleur: Gris | Garantie: 12 mois,images/MALLG8KG-F2Y1TY-1.jpg,images/MALLG8KG-F2Y1TY-1.jpg;images/MALLG8KG-F2Y1TY-2.png,oui,"Cette machine à laver frontale de 8 kg dispose de plusieurs programmes et d'une connectivité pour un lavage efficace du linge.

Points forts
• Capacité de lavage de 8 kg
• Technologie Inverter Direct Drive
• Fonction vapeur et départ différé
• Connectivité incluse

Caractéristiques
Capacité de lavage : 8 kg
Vitesse d'essorage : 1200
Classe énergétique : A+++
Consommation énergétique : 140 kWh/an
Nombre de programmes : 9
Niveau sonore en lavage : 52
Niveau sonore en essorrage : 75
Départ différé : Oui
Fonction vapeur : Oui
Connectivité : Oui
Hauteur : 85 cm
Largeur : 60 cm
Profondeur : 55 cm
Poids : 68 kg
Couleur : Gris"
MALLG8KG-P800R3,LG,Machine à laver LG 8 kg semi automatique top load noir p800r3agnc,lavage,Machines à laver,135500,semiauto,jour,8 kg,Type: Semi automatique | Capacité: 8 kg | Couleur: Noir | Garantie: 12 mois,images/MALLG8KG-P800R3-2.png,images/MALLG8KG-P800R3-2.png;images/MALLG8KG-P800R3-5.png;images/MALLG8KG-P800R3-1.png;images/MALLG8KG-P800R3-3.png;images/MALLG8KG-P800R3-4.png,oui,"Cette machine à laver semi-automatique à chargement par le dessus d'une capacité de 8 kg intègre des fonctions de lavage pratiques.

Points forts
• Type semi-automatique
• Capacité de 8 kg
• Mouvement de lavage RollerJet 3D
• Porte à fermeture douce

Caractéristiques
Type : Semi automatique
Capacité : 8 kg
Mouvement de lavage : RollerJet 3D
Programmes de lavage : 3+1
Couleur : Noir"
MALLG9KG-F4R3VY,LG,Machine à laver LG 9 kg front load gris f2y1vypyjp/f4r3vyg6p,lavage,Machines à laver,328800,hublot,jour,9 kg,Capacité: 9 kg | Couleur: Gris | Garantie: 12 mois,images/MALLG9KG-F4R3VY-1.png,images/MALLG9KG-F4R3VY-1.png;images/MALLG9KG-F4R3VY-2.png;images/MALLG9KG-F4R3VY-3.png,oui,"Cette machine à laver frontale de 9 kg offre un lavage soigné et s'adapte parfaitement à votre foyer pour un entretien facile de votre linge au quotidien.

Points forts
• Capacité de lavage maximale de 9 kg
• Vitesse d'essorage réglable jusqu'à 1400 tours
• Technologie AI DD et Inverter Direct Drive
• Fonction vapeur Steam et ajout de linge

Caractéristiques
Capacité de lavage maximale : 9 kg
Vitesse d'essorage : 1400/1200/1000/800/400/No
Couleur : Gris
Volume du tambour : 58 litres
Alimentation en eau : Froid uniquement
Angle d'ouverture de la porte : 150 degrés"
MALLG9KG-9KL6KS,LG,Machine à laver LG 9 kg/6 kg sechage gris f4v5vgp2t,lavage,Machines à laver,424650,hublot,jour,9 kg,Capacité: 9 kg | Couleur: Gris | Garantie: 12 mois,images/MALLG9KG-9KL6KS-2.jpg,images/MALLG9KG-9KL6KS-2.jpg;images/MALLG9KG-9KL6KS-5.jpg;images/MALLG9KG-9KL6KS-1.jpg;images/MALLG9KG-9KL6KS-3.jpg;images/MALLG9KG-9KL6KS-4.jpg,oui,"Ce lave-linge séchant combine lavage et séchage dans un seul appareil pour simplifier l'entretien de vos vêtements à la maison.

Points forts
• Capacité de lavage de 9 kg
• Capacité de séchage de 6 kg
• Vitesse d'essorage de 1400 tr/min
• Technologie Inverter Direct Drive

Caractéristiques
Capacité de lavage : 9 kg
Capacité de séchage : 6 kg
Vitesse d'essorage : 1400 tr/min
Couleur : Gris
Voltage : 220-240V - 50hz"
MALROC10KG-FLAS,Roch,Machine à laver Roch 10 kg inverter a+++ rmw100sih + bouilloire offert,lavage,Machines à laver,285000,hublot,jour,10 kg,Type: Inverter | Capacité: 10 kg | Garantie: 12 mois,images/MALROC10KG-FLAS-1.jpg,images/MALROC10KG-FLAS-1.jpg,oui,"Cette machine à laver inverter de 10 kg prend soin de votre linge tout en optimisant votre consommation d'énergie au quotidien.

Points forts
• Capacité de 10 kg
• Classe énergétique A+++
• 1000 tours par minute
• 21 options disponibles

Caractéristiques
Capacité : 10 KG
Classe énergétique : A+++
Nombre d'options : 21
Capacité du tambour : 42 litres
Vitesse d'essorage : 1000 tours/min
Dimensions : 595 * 495 * 850 mm
Poids : 60 kg
Voltage : 220-240V"
MALROC10KG-RWDR,Roch,Machine à laver Roch 10 kg/6 kg sechage front load gris rwdr10d6h,lavage,Machines à laver,321300,hublot,jour,10 kg,Capacité: 10 kg | Couleur: Gris | Garantie: 12 mois,images/MALROC10KG-RWDR-1.jpg,images/MALROC10KG-RWDR-1.jpg,oui,"Cette machine à laver frontale séchante de 10 kg en coloris gris répond aux besoins d'entretien de votre linge.

Points forts
• Capacité de 10 kg
• Fonction de séchage de 6 kg

Caractéristiques
Capacité : 10 kg
Couleur : Gris"
MALROC10KG-RWM1,Roch,Machine à laver Roch 11 kg semi automatique rmw110tt(w),lavage,Machines à laver,129500,semiauto,jour,11 kg,Type: Semi automatique | Capacité: 11 kg | Garantie: 12 mois,images/MALROC10KG-RWM1-2.jpg,images/MALROC10KG-RWM1-2.jpg;images/MALROC10KG-RWM1-1.jpg,oui,"Cette machine à laver semi-automatique de 11 kg convient pour le lavage de votre linge à la maison.

Points forts
• Capacité de 11 kg
• Type semi-automatique

Caractéristiques
Capacité : 11 kg
Type : Semi automatique"
MALROC12KG-RWM0,Roch,Machine à laver Roch 12 kg semi automatique rwm120ttj(w),lavage,Machines à laver,145200,semiauto,jour,12 kg,Type: Semi automatique | Capacité: 12 kg | Garantie: 12 mois,images/MALROC12KG-RWM0-2.jpg,images/MALROC12KG-RWM0-2.jpg;images/MALROC12KG-RWM0-1.jpg;images/MALROC12KG-RWM0-3.jpg,oui,"Cette machine à laver semi-automatique de 12 kg offre une grande capacité pour le lavage de votre linge.

Points forts
• Capacité de 12 kg
• Type semi-automatique

Caractéristiques
Capacité : 12 kg
Type : Semi automatique"
MALROC14KG-RWM1,Roch,Machine à laver Roch 14 kg semi automatique rwm140ttj(w),lavage,Machines à laver,162200,semiauto,jour,14 kg,Type: Semi automatique | Capacité: 14 kg | Garantie: 12 mois,images/MALROC14KG-RWM1-2.jpg,images/MALROC14KG-RWM1-2.jpg;images/MALROC14KG-RWM1-1.jpg;images/MALROC14KG-RWM1-3.jpg,oui,"Cette machine à laver semi-automatique offre une capacité de 14 kg pour le lavage de votre linge.

Points forts
• Grande capacité de lavage de 14 kg
• Fonctionnement semi-automatique

Caractéristiques
Type : Semi automatique
Capacité : 14 kg"
MALROC6KG-RWM60,Roch,Machine à laver Roch 6 kg a+++ gris rmw60sh,lavage,Machines à laver,149500,hublot,jour,6 kg,Capacité: 6 kg | Couleur: Gris | Garantie: 12 mois,images/MALROC6KG-RWM60-1.jpg,images/MALROC6KG-RWM60-1.jpg,oui,"Cette machine à laver de 6 kg propose 15 options de lavage et une vitesse d'essorage de 1000 tours par minute.

Points forts
• Capacité de 6 kg
• 15 options de lavage disponibles
• Essorage à 1000 tours/min
• Capacité du tambour de 42 litres

Caractéristiques
Capacité : 6 kg
Couleur : Gris
Modèle : RWM-6S-H
Voltage : 220-240V
Nombre d'options : 15
Capacité du tambour : 42 litres
Vitesse d'essorage : 1000 tours/min"
MALROC7KG-RWM70,Roch,Machine à laver Roch 7 kg 1200tour/min a+++ gris rwm70sh,lavage,Machines à laver,160600,hublot,jour,7 kg,Capacité: 7 kg | Couleur: Gris | Garantie: 12 mois,images/MALROC7KG-RWM70-1.jpg,images/MALROC7KG-RWM70-1.jpg,oui,"Cette machine à laver grise d'une capacité de 7 kg intègre 15 options et un essorage à 1200 tours par minute.

Points forts
• Capacité de 7 kg
• 15 options de lavage
• Essorage de 1200 tours/min
• Capacité du tambour de 42 litres

Caractéristiques
Capacité : 7 kg
Couleur : Gris
Modèle : RWM-70S-H
Voltage : 220-240V
Nombre d'options : 15
Capacité du tambour : 42 litres
Vitesse d'essorage : 1200 tours/min"
MALROC8KG-RWM8,Roch,Machine à laver Roch 8 kg 1200tour/min inverter a+++ gris rwm80sh,lavage,Machines à laver,197500,hublot,jour,8 kg,Type: Inverter | Capacité: 8 kg | Couleur: Gris | Garantie: 12 mois,images/MALROC8KG-RWM8-1.jpg,images/MALROC8KG-RWM8-1.jpg,oui,"Cette machine à laver de type Inverter dispose d'une capacité de 8 kg et d'une finition de couleur grise.

Points forts
• Type Inverter
• Capacité de 8 kg
• Couleur grise

Caractéristiques
Type : Inverter
Capacité : 8 kg
Couleur : Gris"
MALROC9KG-RWM91,Roch,Machine à laver Roch 9 kg semi automatique rwm910ttj(w),lavage,Machines à laver,110000,semiauto,jour,9 kg,Type: Semi automatique | Capacité: 9 kg | Garantie: 12 mois,images/MALROC9KG-RWM91-2.webp,images/MALROC9KG-RWM91-2.webp;images/MALROC9KG-RWM91-1.jpg;images/MALROC9KG-RWM91-3.jpg,oui,"Cette machine à laver semi-automatique possède une capacité de 9 kg pour le nettoyage du linge.

Points forts
• Capacité de 9 kg
• Fonctionnement semi-automatique

Caractéristiques
Type : Semi automatique
Capacité : 9 kg"
MALSAM10KG-WD10,Samsung,Machine à laver Samsung 10 kg/6 kg sechage wd10hg5u34bbnq,lavage,Machines à laver,282800,hublot,jour,10 kg,Capacité: 10 kg | Garantie: 12 mois,images/MALSAM10KG-WD10-2.png,images/MALSAM10KG-WD10-2.png;images/MALSAM10KG-WD10-5.png;images/MALSAM10KG-WD10-1.png;images/MALSAM10KG-WD10-3.png;images/MALSAM10KG-WD10-4.png,oui,"Cette machine à laver lavante-séchante gère jusqu'à 10 kg de lavage et 6 kg de séchage avec des technologies avancées.

Points forts
• Capacité de 10 kg pour le lavage et 6 kg pour le séchage
• Moteur Digital Inverter
• Technologie AI Ecobubble
• Contrôle à distance via SmartThings

Caractéristiques
Capacité lavage : 10 kg
Capacité séchage : 6 kg
Moteur : Digital Inverter
Vitesse d'essorage : 1400 tr/min
Dimensions (L x H x P) : 60 cm × 85 cm × 59.5 cm
Technologie : AI Ecobubble
Connectivité : SmartThings"
MALSAM10KG-WW10,Samsung,Machine à laver Samsung 10.1 kg front load noir ww10dg5u34ab,lavage,Machines à laver,282800,hublot,jour,10.1 kg,Capacité: 10.1 kg | Couleur: Noir | Garantie: 12 mois,images/MALSAM10KG-WW10-1.png,images/MALSAM10KG-WW10-1.png;images/MALSAM10KG-WW10-4.png;images/MALSAM10KG-WW10-2.png;images/MALSAM10KG-WW10-3.png,oui,"Cette machine à laver frontale de 10,1 kg de couleur noire est conçue pour prendre soin de votre linge au quotidien grâce à ses programmes et technologies de lavage adaptés.

Points forts
• Capacité de lavage de 10,1 kg
• Technologie des bulles intégrée
• Connexion WiFi avec contrôle intelligent
• Mode énergie IA et nettoyage de tambour+

Caractéristiques
Capacité de lavage : 10,1 kg
Couleur : Noir
Dimensions : 600 x 850 x 595 mm
Poids net : 65 kg
Type de tambour : 2ème Diamant
WiFi intégré : Oui"
MALSAM11KG-B534,Samsung,Machine à laver Samsung 11 kg blanc ww11bb534dtw,lavage,Machines à laver,430000,hublot,jour,11 kg,Capacité: 11 kg | Couleur: Blanc | Garantie: 12 mois,images/MALSAM11KG-B534-2.png,images/MALSAM11KG-B534-2.png;images/MALSAM11KG-B534-1.png;images/MALSAM11KG-B534-3.png;images/MALSAM11KG-B534-4.png,oui,"Cette machine à laver blanche d'une capacité de 11 kg offre un lavage efficace tout en respectant votre linge.

Points forts
• Grande capacité de lavage de 11 kg
• Technologie EcoBubble
• Classe d’efficacité énergétique A

Caractéristiques
Capacité de lavage : 11,0 kg
Couleur : Blanc
Classe énergétique : A
Dimensions : 600 x 850 x 600 mm
Poids net : 72 kg"
MALSAM11KG-B744,Samsung,Machine à laver Samsung 11 kg inverter noir ww11bb744dgbs3dgb,lavage,Machines à laver,526300,hublot,jour,11 kg,Type: Inverter | Capacité: 11 kg | Couleur: Noir | Garantie: 12 mois,images/MALSAM11KG-B744-3.jpg,images/MALSAM11KG-B744-3.jpg;images/MALSAM11KG-B744-1.jpg;images/MALSAM11KG-B744-2.jpg;images/MALSAM11KG-B744-4.jpg;images/MALSAM11KG-B744-5.jpg,oui,"Cette machine à laver de couleur noire d'une capacité de 11 kg intègre la technologie Inverter pour le lavage de votre linge.

Points forts
• Capacité de lavage de 11 kg
• Technologie Inverter

Caractéristiques
Type : Inverter
Capacité de lavage : 11 kg
Couleur : Noir"
MALSAM11KG-WD11,Samsung,Machine à laver Samsung 11 kg/6 kg sechage noir wd11dg5b15bb/wd11db7b85gb + installation gratuite,lavage,Machines à laver,507600,hublot,jour,11 kg,Capacité: 11 kg | Couleur: Noir | Garantie: 12 mois,images/MALSAM11KG-WD11-1.jpg,images/MALSAM11KG-WD11-1.jpg;images/MALSAM11KG-WD11-4.png;images/MALSAM11KG-WD11-2.png;images/MALSAM11KG-WD11-3.png;images/MALSAM11KG-WD11-5.png,oui,"Cette machine à laver d'une capacité de 11 kg avec fonction de séchage de 6 kg de couleur noire est conçue pour le lavage et le séchage de vos textiles.

Points forts
• Capacité de lavage de 11 kg
• Couleur noire

Caractéristiques
Capacité de lavage : 11 kg
Couleur : Noir"
MALSAM17KG-WD17,Samsung,Machine à laver Samsung 17 kg/10 kg sechage front load gris wd17t6300gp/sp + installation gratuite,lavage,Machines à laver,644000,hublot,jour,17 kg,Capacité: 17 kg | Couleur: Gris | Garantie: 12 mois,images/MALSAM17KG-WD17-3.png,images/MALSAM17KG-WD17-3.png;images/MALSAM17KG-WD17-1.jpg;images/MALSAM17KG-WD17-2.png;images/MALSAM17KG-WD17-4.png;images/MALSAM17KG-WD17-5.png,oui,"Cette machine à laver de couleur grise offre une capacité de lavage de 17 kg et une capacité de séchage de 10 kg pour vos grands volumes de linge.

Points forts
• Capacité de lavage de 17 kg
• Capacité de séchage de 10 kg
• Modèle frontal de couleur gris

Caractéristiques
Capacité de lavage : 17 kg
Couleur : Gris"
MALSAM21KG-21KG,Samsung,Machine à laver Samsung 21 kg/12 kg sechage inverter noir wd21t6300gv/nq + installation gratuite,lavage,Machines à laver,691000,hublot,jour,21 kg,Type: Inverter | Capacité: 21 kg | Couleur: Noir | Garantie: 12 mois,images/MALSAM21KG-21KG-1.png,images/MALSAM21KG-21KG-1.png;images/MALSAM21KG-21KG-4.png;images/MALSAM21KG-21KG-2.png;images/MALSAM21KG-21KG-3.png;images/MALSAM21KG-21KG-5.png,oui,"Cette grande machine à laver Inverter de 21 kg avec séchage de 12 kg de couleur noir caviar est conçue pour traiter de très grands volumes de linge avec de multiples programmes.

Points forts
• Capacité de lavage de 21 kg et séchage de 12 kg
• Moteur DD et technologie à bulles
• Panneau d’affichage LCD et Smart Things
• Fonction vapeur et sécurité enfant

Caractéristiques
Type : Inverter
Capacité de lavage : 21,0 kg
Capacité de séchage : 12,0 kg
Couleur principale : Noir Caviar
Vitesse de rotation : 1100 t/min
Dimensions nette : 686 x 984 x 796 mm
Poids net : 97,0 kg"
MALSAM25KG-WD25,Samsung,Machine à laver Samsung 25 kg/15 kg sechage gris wd25db8995bz + installation gratuite,lavage,Machines à laver,1419500,hublot,jour,25 kg,Capacité: 25 kg | Couleur: Gris | Garantie: 12 mois,images/MALSAM25KG-WD25-1.png,images/MALSAM25KG-WD25-1.png;images/MALSAM25KG-WD25-4.png;images/MALSAM25KG-WD25-2.png;images/MALSAM25KG-WD25-3.png;images/MALSAM25KG-WD25-5.png,oui,"Cette machine à laver Samsung offre une grande capacité de 25 kg pour le lavage et 15 kg pour le séchage, idéale pour les gros volumes de linge.

Points forts
• Capacité de lavage de 25 kg
• Capacité de séchage de 15 kg
• Coloris gris

Caractéristiques
Capacité : 25 kg
Couleur : Gris"
MALSAM7KG-70T30,Samsung,Machine à laver Samsung 7 kg front load gris ww70t3010bs + installation gratuite,lavage,Machines à laver,242600,hublot,jour,7 kg,Capacité: 7 kg | Couleur: Gris | Garantie: 12 mois,images/MALSAM7KG-70T30-2.png,images/MALSAM7KG-70T30-2.png;images/MALSAM7KG-70T30-1.png;images/MALSAM7KG-70T30-3.jpg,oui,"Cette machine à laver frontale Samsung d'une capacité de 7 kg convient parfaitement pour l'entretien régulier de votre linge au quotidien.

Points forts
• Capacité de 7 kg
• Chargement en façade
• Coloris gris

Caractéristiques
Capacité : 7 kg
Couleur : Gris"
MALSAM8KG-WW80G,Samsung,Machine à laver Samsung 8 kg front load blanc ww80fg3m05aw + installation gratuite,lavage,Machines à laver,310000,hublot,jour,8 kg,Capacité: 8 kg | Couleur: Blanc | Garantie: 12 mois,images/MALSAM8KG-WW80G-2.png,images/MALSAM8KG-WW80G-2.png;images/MALSAM8KG-WW80G-5.png;images/MALSAM8KG-WW80G-1.png;images/MALSAM8KG-WW80G-3.png;images/MALSAM8KG-WW80G-4.png,oui,"Cette machine à laver frontale Samsung propose une capacité de 8 kg, adaptée pour répondre aux besoins de lavage d'un foyer.

Points forts
• Capacité de 8 kg
• Chargement en façade
• Coloris blanc

Caractéristiques
Capacité : 8 kg
Couleur : Blanc"
MALSAM8KG-80T30,Samsung,Machine à laver Samsung 8 kg front load gris ww80t3040bs/nq,lavage,Machines à laver,333700,hublot,jour,8 kg,Capacité: 8 kg | Couleur: Gris | Garantie: 12 mois,images/MALSAM8KG-80T30-2.png,images/MALSAM8KG-80T30-2.png;images/MALSAM8KG-80T30-1.jpg;images/MALSAM8KG-80T30-3.png,oui,"Cette machine à laver Samsung de 8 kg intègre 14 programmes et un programme Drum Clean pour un entretien facilité de votre tambour.

Points forts
• Programme Drum Clean pour éliminer les résidus de lessive
• Fonction Arrêt différé jusqu'à 24 heures
• Grand écran LED clair et facile à lire
• Choix de 14 programmes de lavage

Caractéristiques
Capacité de lavage : 8 kg
Dimensions nettes : 595 x 850 x 440 mm
Poids net : 58 kg
Couleur : Gris"
MALSAM9KG-WW90,Samsung,Machine à laver Samsung 9 kg front load gris ww90ta046ax/nq + installation gratuite,lavage,Machines à laver,344800,hublot,jour,9 kg,Capacité: 9 kg | Couleur: Gris | Garantie: 12 mois,images/MALSAM9KG-WW90-2.webp,images/MALSAM9KG-WW90-2.webp;images/MALSAM9KG-WW90-1.webp;images/MALSAM9KG-WW90-3.webp;images/MALSAM9KG-WW90-4.webp,oui,"Cette machine à laver frontale Samsung dispose d'une capacité de 9 kg, conçue pour laver de plus grandes quantités de linge en une seule fois.

Points forts
• Capacité de 9 kg
• Chargement en façade
• Coloris gris

Caractéristiques
Capacité : 9 kg
Couleur : Gris"
MALSAM9KG-WD90T,Samsung,Machine à laver Samsung 9 kg sechage 6 kg inverter blanc wd90t634dbh,lavage,Machines à laver,456750,hublot,jour,9 kg,Type: Inverter | Capacité: 9 kg | Couleur: Blanc | Garantie: 12 mois,images/MALSAM9KG-WD90T-1.jpg,images/MALSAM9KG-WD90T-1.jpg;images/MALSAM9KG-WD90T-4.jpg;images/MALSAM9KG-WD90T-2.jpg;images/MALSAM9KG-WD90T-3.jpg;images/MALSAM9KG-WD90T-5.jpg,oui,"Ce lave-linge séchant Samsung combine une capacité de lavage de 9 kg et de séchage de 6 kg avec la technologie ecobubble.

Points forts
• Technologie ecobubble
• Distributeur automatique de lessive
• Panneau de contrôle intelligent
• Technologie Air Wash
• Capacité de lavage de 9 kg et séchage de 6 kg

Caractéristiques
Type : Inverter
Capacité de lavage : 9 kg
Capacité de séchage : 6 kg
Couleur : Blanc"
MALSHA10KG-FS10,Sharp,Machine à laver Sharp 10 kg front load tactil esfs1054kjzg,lavage,Machines à laver,315200,hublot,jour,10 kg,Capacité: 10 kg | Garantie: 12 mois,images/MALSHA10KG-FS10-1.jpg,images/MALSHA10KG-FS10-1.jpg;images/MALSHA10KG-FS10-2.jpg;images/MALSHA10KG-FS10-3.jpg,oui,"Cette machine à laver frontale de 10 kg vous permet de prendre soin de votre linge au quotidien avec un panneau tactile.

Points forts
• Capacité de lavage de 10 kg
• Commandes tactiles

Caractéristiques
Capacité : 10 kg"
MALSHA10KG-FEI10,Sharp,Machine à laver Sharp 10 kg inverter front load gris esfei1012dlzs,lavage,Machines à laver,315200,hublot,jour,10 kg,Type: Inverter | Capacité: 10 kg | Couleur: Gris | Garantie: 12 mois,images/MALSHA10KG-FEI10-1.png,images/MALSHA10KG-FEI10-1.png,oui,"Voici une machine à laver frontale de 10 kg dotée de la technologie inverter et d'un habillage gris.

Points forts
• Capacité de 10 kg
• Technologie Inverter
• Coloris gris

Caractéristiques
Type : Inverter
Capacité : 10 kg
Couleur : Gris"
MALSHA12KG-PREM,Sharp,Machine à laver Sharp 12 kg pro inverter gris noir esfp1252kjzs,lavage,Machines à laver,365800,hublot,jour,12 kg,Type: Inverter | Capacité: 12 kg | Couleur: Gris | Garantie: 12 mois,images/MALSHA12KG-PREM-1.png,images/MALSHA12KG-PREM-1.png;images/MALSHA12KG-PREM-2.png;images/MALSHA12KG-PREM-3.png,oui,"Cette machine à laver de 12 kg à moteur inverter offre une grande capacité pour le lavage de votre linge.

Points forts
• Capacité de 12 kg
• Vitesse d'essorage maximale de 1400 RPM
• Technologie inverter

Caractéristiques
Type : Inverter
Capacité nominale : 12 kg
Tension nominale : 220V – 240V
Fréquence : 50 Hz
Pression d'eau : 0,03 – 0,8 MPa
Puissance calorifique nominale de lavage : 1800 – 2150 W
Vitesse d'essorage maximale : 1400 RPM
Dimensions extérieures : 598 x 680 x 850 mm"
MALSHA6KG-FE610,Sharp,Machine à laver Sharp 6 kg gris esfe610 czs/ esfe612cxs,lavage,Machines à laver,152500,hublot,jour,6 kg,Capacité: 6 kg | Couleur: Gris | Garantie: 12 mois,images/MALSHA6KG-FE610-2.jpg,images/MALSHA6KG-FE610-2.jpg;images/MALSHA6KG-FE610-1.jpg;images/MALSHA6KG-FE610-3.jpg,oui,"Cette machine à laver frontale automatique de 6 kg en coloris silver intègre plusieurs programmes pratiques pour le linge.

Points forts
• Capacité de 6 kg
• Programme lavage rapide 15 minutes
• Fonction anti-allergique et repassage facile
• Classe énergétique A+

Caractéristiques
Capacité : 6 kg
Type de charge : Frontal
Type : Automatique
Vitesse d'essorage : 1000 tr/min
Classe énergétique : A+
Couleur : Silver
Dimensions : 845 x 597 x 527 mm"
MALSHA7KG-710WS,Sharp,Machine à laver Sharp 7 kg front load gris esfe710dzls,lavage,Machines à laver,167500,hublot,jour,7 kg,Capacité: 7 kg | Couleur: Gris | Garantie: 12 mois,images/MALSHA7KG-710WS-1.jpg,images/MALSHA7KG-710WS-1.jpg;images/MALSHA7KG-710WS-2.jpg,oui,"Machine à laver frontale automatique de 7 kg idéale pour le lavage régulier de vos vêtements.

Points forts
• Capacité de 7 kg
• Lavage rapide en 15 minutes
• Fonction anti-allergique et repassage facile
• Classe énergétique A+

Caractéristiques
Capacité : 7 kg
Type de charge : Frontal
Type : Automatique
Vitesse d'essorage : 1000 tr/min
Classe énergétique : A+
Couleur : Gris"
MALSHA7KG-FEI71,Sharp,Machine à laver Sharp 7 kg inverter front load gris esfei712dlzs,lavage,Machines à laver,167500,hublot,jour,7 kg,Type: Inverter | Capacité: 7 kg | Couleur: Gris | Garantie: 12 mois,images/MALSHA7KG-FEI71-1.png,images/MALSHA7KG-FEI71-1.png;images/MALSHA7KG-FEI71-2.png;images/MALSHA7KG-FEI71-3.png,oui,"Ce lave-linge frontal de 7 kg est équipé d'un moteur inverter et se présente dans un coloris gris.

Points forts
• Capacité de 7 kg
• Technologie Inverter
• Coloris gris

Caractéristiques
Type : Inverter
Capacité : 7 kg
Couleur : Gris"
MALSHA8KG-WT810,Sharp,Machine à laver Sharp 8 kg front load gris esfe810dzls,lavage,Machines à laver,266600,hublot,jour,8 kg,Capacité: 8 kg | Couleur: Gris | Garantie: 12 mois,images/MALSHA8KG-WT810-1.png,images/MALSHA8KG-WT810-1.png;images/MALSHA8KG-WT810-2.jpg;images/MALSHA8KG-WT810-3.jpg,oui,"Cette machine à laver Sharp à chargement frontal offre une capacité de 8 kg pour gérer votre linge quotidien. Elle dispose de plusieurs programmes adaptés au lavage de vos textiles.

Points forts
• Capacité de chargement de 8 kg
• Vitesse d’essorage maximale de 1000 tr/min
• Fonction lavage rapide et lavage délicat
• Système de verrouillage parental du hublot

Caractéristiques
Type : Machine à laver à chargement frontal
Couleur : Gris
Capacité de chargement : 8 kg
Volume de chargement : 55 litres
Vitesse d’essorage max. : 1000 tr/min
Diamètre ouverture : 47 cm
Efficience énergétique : A++"
MALSHA8KG-FEI81,Sharp,Machine à laver Sharp 8 kg inverter front load gris esfei812dlzs,lavage,Machines à laver,266600,hublot,jour,8 kg,Type: Inverter | Capacité: 8 kg | Couleur: Gris | Garantie: 12 mois,images/MALSHA8KG-FEI81-2.png,images/MALSHA8KG-FEI81-2.png;images/MALSHA8KG-FEI81-1.jpg,oui,"Ce lave-linge Sharp à chargement frontal est doté d'une capacité de 8 kg et d'un moteur Inverter. Il arbore une finition grise pour s'intégrer dans votre buanderie.

Points forts
• Capacité de 8 kg
• Technologie Inverter
• Coloris gris

Caractéristiques
Type : Inverter
Capacité : 8 kg
Couleur : Gris"
MALSHA9KG-ESFEI9,Sharp,Machine à laver Sharp 9 kg front load gris esfei912dzls,lavage,Machines à laver,234200,hublot,jour,9 kg,Capacité: 9 kg | Couleur: Gris | Garantie: 12 mois,images/MALSHA9KG-ESFEI9-3.webp,images/MALSHA9KG-ESFEI9-3.webp;images/MALSHA9KG-ESFEI9-1.jpg;images/MALSHA9KG-ESFEI9-2.webp;images/MALSHA9KG-ESFEI9-4.webp;images/MALSHA9KG-ESFEI9-5.webp,oui,"Cette machine à laver Sharp à chargement frontal propose une capacité de 9 kg pour le soin de votre linge. Elle est présentée dans un coloris gris.

Points forts
• Capacité de 9 kg
• Coloris gris

Caractéristiques
Capacité : 9 kg
Couleur : Gris"
MALSHA9KG-FSI91,Sharp,Machine à laver Sharp 9 kg inverter front load gris esfsi912dlzs,lavage,Machines à laver,237200,hublot,jour,9 kg,Type: Inverter | Capacité: 9 kg | Couleur: Gris | Garantie: 12 mois,images/MALSHA9KG-FSI91-2.png,images/MALSHA9KG-FSI91-2.png;images/MALSHA9KG-FSI91-1.png,oui,"Ce lave-linge frontal Inverter Sharp de 9 kg intègre de nombreuses fonctions pour faciliter l'entretien de vos vêtements. Il propose 16 programmes de lavage et un essorage performant.

Points forts
• Capacité de 9 kg avec technologie Inverter
• Vitesse d'essorage de 1 200 tr/min
• 16 programmes de lavage disponibles
• Départ différé de 0 à 24 heures
• Nettoyage automatique du tambour à haute température

Caractéristiques
Type : Lave-linge frontal Inverter
Capacité : 9 kg
Couleur : Gris
Vitesse d’essorage : 1 200 tr/min
Nombre de programmes : 16
Départ différé : 0 à 24 heures"
MALSHA9KG-T95AZ,Sharp,Machine à laver Sharp 9 kg top load semi automatique est95ax,lavage,Machines à laver,234200,semiauto,jour,9 kg,Type: Top load | Capacité: 9 kg | Garantie: 12 mois,images/MALSHA9KG-T95AZ-1.png,images/MALSHA9KG-T95AZ-1.png,oui,"Cette machine à laver Sharp semi-automatique à chargement par le dessus offre une capacité de 9 kg pour vos besoins de lavage.

Points forts
• Type top load semi-automatique
• Capacité de 9 kg

Caractéristiques
Type : Top load semi-automatique
Capacité : 9 kg"
MALSIL10KG-SWT1,Autre Marque,Machine à laver siltal 10 kg semi automatique blanc swt10000,lavage,Machines à laver,118800,semiauto,jour,10 kg,Type: Semi automatique | Capacité: 10 kg | Couleur: Blanc | Garantie: 12 mois,images/MALSIL10KG-SWT1-3.png,images/MALSIL10KG-SWT1-3.png;images/MALSIL10KG-SWT1-1.png;images/MALSIL10KG-SWT1-2.png;images/MALSIL10KG-SWT1-4.png,oui,"Cette machine à laver semi-automatique à double cuve Siltal offre une capacité de 10 kg. Elle assure les fonctions de lavage, rinçage et essorage.

Points forts
• Capacité de lavage de 10 kg
• Double cuve avec fonctions lavage, rinçage et essorage
• Puissance de lavage de 500 W
• Indice de protection IPX4

Caractéristiques
Type : Machine à laver semi-automatique à double cuve
Capacité de lavage : 10 kg
Couleur : Blanc
Puissance de lavage : 500 W
Puissance d'essorage : 200 W
Tension : 220 V ~ 50 Hz
Indice de protection : IPX4
Dimensions du carton (L × P × H) : 850 × 500 × 960 mm"
MALSIL7KG-SWT70,Autre Marque,Machine à laver siltal 7 kg semi automatique bleu blanc swt7000,lavage,Machines à laver,104700,semiauto,jour,7 kg,Type: Semi automatique | Capacité: 7 kg | Couleur: Blanc | Garantie: 12 mois,images/MALSIL7KG-SWT70-1.png,images/MALSIL7KG-SWT70-1.png;images/MALSIL7KG-SWT70-4.png;images/MALSIL7KG-SWT70-2.png;images/MALSIL7KG-SWT70-3.png,oui,"Cette machine à laver semi-automatique à double cuve offre une capacité de 7 kg pour le lavage et intègre les fonctions de lavage, rinçage et essorage.

Points forts
• Capacité de lavage de 7 kg
• Double cuve
• Fonctions lavage, rinçage et essorage
• Indice de protection IPX4

Caractéristiques
Type : Semi-automatique à double cuve
Capacité : 7 kg
Fonctions : Lavage, rinçage, essorage
Puissance de lavage : 450 W
Puissance d'essorage : 180 W
Tension : 220 V
Fréquence : 50 Hz
Indice de protection : IPX4
Couleur : Blanc
Dimensions du carton : 760 x 440 x 840 mm"
MALSMA10KG-STM1,Smart Technology,Machine à laver Smart Technology 10 kg front load stml10m,lavage,Machines à laver,266600,hublot,jour,10 kg,Capacité: 10 kg | Garantie: 12 mois,images/MALSMA10KG-STM1-1.png,images/MALSMA10KG-STM1-1.png;images/MALSMA10KG-STM1-2.png,oui,"Cette machine à laver frontale d'une capacité de 10 kg convient pour le lavage de votre linge.

Points forts
• Capacité de 10 kg

Caractéristiques
Type : Front load
Capacité : 10 kg"
MALSMA7KG-STML7,Smart Technology,Machine à laver Smart Technology 7 kg front load gris stml7sh,lavage,Machines à laver,167000,hublot,jour,7 kg,Capacité: 7 kg | Couleur: Gris | Garantie: 12 mois,images/MALSMA7KG-STML7-2.png,images/MALSMA7KG-STML7-2.png;images/MALSMA7KG-STML7-1.png,oui,"Cette machine à laver frontale de 7 kg propose plusieurs modes de lavage et une classe énergétique A+ pour l'entretien de vos vêtements.

Points forts
• Capacité de charge de 7 kg
• Classe d'efficacité énergétique A+
• Fonction de départ différé
• Modes de lavage variés dont sport, chemise, coton et mixte

Caractéristiques
Type : Machine à laver front load
Capacité de charge : 7 kg
Classe d'efficacité énergétique : A+
Tension : 220 V
Fréquence : 50 Hz
Capacité de lavage : 7 kg
Capacité d'essorage : 7 kg
Norme d'étanchéité : IPX4
Puissance : 1950 W
Modes de lavage : Sport, chemise, coton, mixte
Dimensions : 88.1 x 64.1 x 57.7 cm
Poids : 60 kg
Couleur : Gris"
MACHINE-A-LAVER-SMART-TECHNOLOGY-7KG-FRONT-LOAD-GRIS-STML7SH,Smart Technology,Machine à laver Smart Technology 7 kg front load gris stml7sh,lavage,Machines à laver,167000,hublot,jour,7 kg,Capacité: 7 kg | Couleur: Gris | Garantie: 12 mois,images/MACHINE-A-LAVER-SMART-TECHNOLOGY-7KG-FRONT-LOAD-GRIS-STML7SH-1.png,images/MACHINE-A-LAVER-SMART-TECHNOLOGY-7KG-FRONT-LOAD-GRIS-STML7SH-1.png;images/MACHINE-A-LAVER-SMART-TECHNOLOGY-7KG-FRONT-LOAD-GRIS-STML7SH-2.png,oui,"Cette machine à laver frontale d'une capacité de 7 kg intègre des programmes adaptés et un système de départ différé.

Points forts
• Capacité de charge de 7 kg
• Classe d'efficacité énergétique A+
• Fonction de départ différé
• Plusieurs modes de lavage

Caractéristiques
Modèle : STML 7SH
Type : Machine à laver front load
Capacité de charge : 7 kg
Classe d'efficacité énergétique : A+
Tension : 220 V
Fréquence : 50 Hz
Capacité de lavage : 7 kg
Capacité d'essorage : 7 kg
Norme d'étanchéité : IPX4
Puissance : 1950 W
Modes de lavage : Sport, chemise, coton, mixte
Dimensions : 88.1 x 64.1 x 57.7 cm
Couleur : Gris"
MALSMA7KG-STMLI,Smart Technology,Machine à laver Smart Technology 7 kg inverter front load gris stml7sm,lavage,Machines à laver,167000,hublot,jour,7 kg,Type: Inverter | Capacité: 7 kg | Couleur: Gris | Garantie: 12 mois,images/MALSMA7KG-STMLI-3.jpg,images/MALSMA7KG-STMLI-3.jpg;images/MALSMA7KG-STMLI-1.jpg;images/MALSMA7KG-STMLI-2.jpg,oui,"Cette machine à laver frontale de 7 kg avec technologie inverter dispose d'une classe énergétique A+ et de plusieurs modes de lavage.

Points forts
• Technologie inverter
• Capacité de charge de 7 kg
• Classe d'efficacité énergétique A+
• Fonction de départ différé

Caractéristiques
Modèle : STML 7SM
Type : Inverter front load
Capacité de charge : 7 kg
Classe d'efficacité énergétique : A+
Tension : 220 V
Fréquence : 50 Hz
Capacité de lavage : 7 kg
Capacité d'essorage : 7 kg
Norme d'étanchéité : IPX4
Puissance : 1950 W
Modes de lavage : Sport, chemise, coton, mixte
Dimensions : 88.1 x 64.1 x 57.7 cm
Couleur : Gris"
MALSMA9KG-STML9,Smart Technology,Machine à laver Smart Technology 9 kg stml9sh,lavage,Machines à laver,211000,hublot,jour,9 kg,Capacité: 9 kg | Garantie: 12 mois,images/MALSMA9KG-STML9-1.jpg,images/MALSMA9KG-STML9-1.jpg,oui,"Cette machine à laver frontale d'une capacité de 9 kg est conçue pour le lavage de votre linge.

Points forts
• Capacité de 9 kg

Caractéristiques
Type : Front load
Capacité : 9 kg"
MALSMA7KG-STMLS,Smart Technology,Machine à laver Smart Technology double bac 7 kg semi automatique stmls7f,lavage,Machines à laver,87000,semiauto,jour,7 kg,Type: Semi automatique | Capacité: 7 kg | Garantie: 12 mois,images/MALSMA7KG-STMLS-1.jpg,images/MALSMA7KG-STMLS-1.jpg,oui,"Cette machine à laver semi-automatique à double bac d'une capacité de 7 kg est conçue pour simplifier vos tâches de lavage au quotidien.

Points forts
• Capacité de lavage de 7 kg
• Fonctionnement semi-automatique

Caractéristiques
Type : Semi automatique
Capacité : 7 kg"
MALTCL10KG-TCK1,TCL,Machine à laver TCL 10 kg inverter front load gris c2110flg + installation gratuite,lavage,Machines à laver,259300,hublot,jour,10 kg,Type: Inverter | Capacité: 10 kg | Couleur: Gris | Garantie: 12 mois,images/MALTCL10KG-TCK1-1.png,images/MALTCL10KG-TCK1-1.png;images/MALTCL10KG-TCK1-2.png,oui,"Cette machine à laver à chargement frontal d'une capacité de 10 kg intègre un moteur Digital Inverter pour un lavage efficace de votre linge.

Points forts
• Capacité de 10 kg
• Moteur Digital Inverter
• Fonction nettoyage tambour et stérilisation par la chaleur
• Verrouillage de sécurité

Caractéristiques
Type : Inverter
Capacité : 10 kg
Couleur : Gris"
MALTCL11KG-C211,TCL,Machine à laver TCL 11 kg/7 kg sechage inverter front load gris c2110wdg + installation gratuite,lavage,Machines à laver,346800,hublot,jour,11 kg,Type: Inverter | Capacité: 11 kg | Couleur: Gris | Garantie: 12 mois,images/MALTCL11KG-C211-3.png,images/MALTCL11KG-C211-3.png;images/MALTCL11KG-C211-1.jpg;images/MALTCL11KG-C211-2.png;images/MALTCL11KG-C211-4.png;images/MALTCL11KG-C211-5.png,oui,"Cette machine à laver frontale propose une capacité de lavage de 11 kg et un séchage de 7 kg, idéale pour les grands volumes de linge.

Points forts
• Capacité de lavage de 11 kg et séchage de 7 kg
• Classe énergétique A+++
• Vitesse maximale de 1200 tr/min
• Moteur DD

Caractéristiques
Type : Inverter
Capacité : 11 kg
Couleur : Gris
Classe énergétique : A+++
Vitesse maximale : 1200 tr/min
Dimensions : 59,5 x 66 x 85 cm"
MALTCL12KG-P612,TCL,Machine à laver TCL 12 kg inverter front load gris p612flg + installation gratuite,lavage,Machines à laver,285000,hublot,jour,12 kg,Type: Inverter | Capacité: 12 kg | Couleur: Gris | Garantie: 12 mois,images/MALTCL12KG-P612-1.jpg,images/MALTCL12KG-P612-1.jpg;images/MALTCL12KG-P612-4.png;images/MALTCL12KG-P612-2.png;images/MALTCL12KG-P612-3.png,oui,"Cette machine à laver frontale de 12 kg dispose de 16 programmes de lavage et d'un chauffage intégré pour un entretien optimal du linge.

Points forts
• Capacité de lavage de 12 kg
• 16 programmes de lavage
• Vitesse de rotation maximale de 1400 tr/min
• Classe énergétique A+++

Caractéristiques
Type : Inverter
Capacité : 12 kg
Couleur : Gris
Vitesse de rotation maximale : 1400 tr/min
Notation ERP : A+++
Température maximale : 95 degrés C"
MALTCL8KG-SILVE,TCL,Machine à laver TCL 8 kg inverter front load gris p608flg,lavage,Machines à laver,192000,hublot,jour,8 kg,Type: Inverter | Capacité: 8 kg | Couleur: Gris | Garantie: 12 mois,images/MALTCL8KG-SILVE-3.jpg,images/MALTCL8KG-SILVE-3.jpg;images/MALTCL8KG-SILVE-1.jpg;images/MALTCL8KG-SILVE-2.jpg,oui,"Cette machine à laver frontale d'une capacité de 8 kg est équipée d'un moteur Digital Inverter pour le soin de vos textiles.

Points forts
• Capacité de 8 kg
• Moteur Digital Inverter
• Tambour en nid d'abeille TCL
• Fonction stérilisation par la chaleur

Caractéristiques
Type : Inverter
Capacité : 8 kg
Couleur : Gris"
MACHINE-A-LAVER-TECNOLUX-10KG-A-INVERTER,Technolux,Machine à laver Tecnolux 10 kg a+++ inverter,lavage,Machines à laver,265000,hublot,jour,10 kg,Type: Inverter | Capacité: 10 kg | Garantie: 12 mois,images/MACHINE-A-LAVER-TECNOLUX-10KG-A-INVERTER-3.png,images/MACHINE-A-LAVER-TECNOLUX-10KG-A-INVERTER-3.png;images/MACHINE-A-LAVER-TECNOLUX-10KG-A-INVERTER-1.png;images/MACHINE-A-LAVER-TECNOLUX-10KG-A-INVERTER-2.png,oui,"Cette machine à laver de 10 kg avec moteur BLDC Inverter associe performance et grand volume pour le soin de votre linge.

Points forts
• Capacité de 10 kg
• Moteur BLDC Inverter
• Vitesse d'essorage de 1200 RPM
• Stérilisation à 99,9 %

Caractéristiques
Type : Inverter
Capacité : 10 kg
Modèle : XQG1012L21NB
Tension / fréquence : 220-240V / 50Hz
Dimensions : 660 x 670 x 880 mm
Vitesse d'essorage : 1200 RPM
Poids net : 67 kg
Poids brut : 70 kg"
MALTEC10KG-INVE,Technolux,Machine à laver Tecnolux 10 kg a+++ inverter,lavage,Machines à laver,265000,hublot,jour,10 kg,Type: Inverter | Capacité: 10 kg | Garantie: 12 mois,images/MALTEC10KG-INVE-3.png,images/MALTEC10KG-INVE-3.png;images/MALTEC10KG-INVE-1.png;images/MALTEC10KG-INVE-2.png,oui,"Cette machine à laver Technolux de 10 kg est conçue pour simplifier l'entretien de votre linge au quotidien grâce à sa grande capacité et son moteur performant.

Points forts
• Capacité de lavage de 10 kg
• Moteur BLDC Inverter
• Vitesse d'essorage de 1200 tr/min
• Taux de stérilisation de 99,9 %

Caractéristiques
Capacité : 10 kg
Modèle : XQG1012L21NB
Tension / fréquence : 220-240V / 50Hz
Dimensions : 660 x 670 x 880 mm
Vitesse d'essorage : 1200 RPM
Poids net / brut : 67 / 70 kg"
MALZER9KG-00000,Autre Marque,Machine à laver zerowatt 9 kg blanc eoz129te,lavage,Machines à laver,192500,hublot,jour,9 kg,Capacité: 9 kg | Couleur: Blanc | Garantie: 12 mois,images/MALZER9KG-00000-2.png,images/MALZER9KG-00000-2.png;images/MALZER9KG-00000-1.jpg,oui,"Ce lave-linge frontal Zerowatt d'une capacité de 9 kg offre un lavage efficace et adapté pour le soin régulier de vos vêtements.

Points forts
• Capacité nominale de 9 kg
• Moteur Inverter
• Sécurité enfant intégrée
• Vitesse d'essorage maximale de 1200 tr/min

Caractéristiques
Capacité : 9 kg
Couleur : Blanc
Type de pose : Autonome (FS)
Type de chargement : Frontal
Vitesse d'essorage : 1200 tr/min
Classe énergétique : Classe D
Dimensions : 60 x 85 x 45 cm
Poids : 68 kg
Classe centrifuge : Classe B
Sécurité : Arrêt de l'eau et sécurité enfant"
SECAST10-SL10ZS,Astech,Seche linge Astech 10 kg sl10zs515rz/sl10zk520sk,lavage,Sèche-linge,241900,hublot,jour,10 kg,Capacité: 10 kg | Garantie: 12 mois,images/SECAST10-SL10ZS-1.png,images/SECAST10-SL10ZS-1.png,oui,"Ce sèche-linge Astech dispose d'une capacité de 10 kg pour sécher vos textiles efficacement après chaque lavage.

Points forts
• Capacité de séchage de 10 kg

Caractéristiques
Capacité : 10 kg"
SECHE-LINGE-FINIX-9KG-TD09F2DS,Finix,Seche linge finix 9 kg td09f2ds,lavage,Sèche-linge,255800,hublot,jour,9 kg,Capacité: 9 kg | Garantie: 12 mois,images/SECHE-LINGE-FINIX-9KG-TD09F2DS-1.png,images/SECHE-LINGE-FINIX-9KG-TD09F2DS-1.png,oui,"Ce sèche-linge domestique Finix d'une capacité de 9 kg prend en charge le séchage de vos volumes de linge.

Points forts
• Capacité de 9 kg
• Modèle domestique

Caractéristiques
Capacité : 9 kg
Modèle : TD09F2DS
Dimensions : 60 x 85 x 60 cm"
SECFIN9KG-TD09F,Finix,Seche linge finix 9 kg td09f2ds,lavage,Sèche-linge,255800,hublot,jour,9 kg,Capacité: 9 kg | Garantie: 12 mois,images/SECFIN9KG-TD09F-1.png,images/SECFIN9KG-TD09F-1.png,oui,"Ce sèche-linge domestique Finix d'une capacité de 9 kg prend en charge le séchage de vos volumes de linge.

Points forts
• Capacité de 9 kg
• Modèle domestique

Caractéristiques
Capacité : 9 kg
Modèle : TD09F2DS
Dimensions : 60 x 85 x 60 cm"
SECHIS8KG-DV1W80,Astech,Seche linge Hisense 8 kg front load gris dv1w801ut,lavage,Sèche-linge,192500,hublot,jour,8 kg,Capacité: 8 kg | Couleur: Gris | Garantie: 12 mois,images/SECHIS8KG-DV1W80-3.png,images/SECHIS8KG-DV1W80-3.png;images/SECHIS8KG-DV1W80-1.png;images/SECHIS8KG-DV1W80-2.png,oui,"Ce sèche-linge Hisense à chargement frontal offre une capacité de 8 kg pour sécher votre linge au quotidien.

Points forts
• Capacité de 8 kg
• Chargement frontal
• Coloris gris

Caractéristiques
Capacité : 8 kg
Couleur : Gris
Type de chargement : Frontal"
SECHIS9KG-DH3S9,Hisense,Seche linge Hisense 9 kg pompe a chaleur Wi-Fi gris dh3s902bbcc,lavage,Sèche-linge,192500,hublot,jour,9 kg,Capacité: 9 kg | Couleur: Gris | Garantie: 12 mois,images/SECHIS9KG-DH3S9-2.png,images/SECHIS9KG-DH3S9-2.png;images/SECHIS9KG-DH3S9-1.png;images/SECHIS9KG-DH3S9-3.png;images/SECHIS9KG-DH3S9-4.png,oui,"Ce sèche-linge Hisense d'une capacité de 9 kg est conçu pour sécher votre linge efficacement. Il dispose d'une connectivité Wi-Fi pour un usage pratique au quotidien.

Points forts
• Capacité de séchage de 9 kg
• Connexion Wi-Fi intégrée
• Coloris gris

Caractéristiques
Capacité : 9 kg
Couleur : Gris"
FONAST99-99XSAM,Astech,Fontaine Astech + cache bouteille fnt99swma,petit,Fontaines à eau,105000,frigo,jour,,Garantie: 12 mois,images/FONAST99-99XSAM-1.png,images/FONAST99-99XSAM-1.png;images/FONAST99-99XSAM-4.png;images/FONAST99-99XSAM-2.png;images/FONAST99-99XSAM-3.png,oui,"Cette fontaine à eau Astech avec cache bouteille dispose d'un compartiment réfrigéré. Elle fonctionne avec un système de réfrigération R 134a.

Points forts
• Hauteur de 140 cm
• Compartiment réfrigéré intégré
• Réservoir en acier inoxydable

Caractéristiques
Hauteur : 140 cm
Système de réfrigération : R 134a
Électricité : 220V 50/60Hz
Compresseur : HP 1/10
Réservoir : En acier inoxydable"
FONAST28-FNT28C,Astech,Fontaine Astech avec frigo gris fnt28ciint,petit,Fontaines à eau,91900,frigo,jour,,Couleur: Gris | Garantie: 12 mois,images/FONAST28-FNT28C-2.png,images/FONAST28-FNT28C-2.png;images/FONAST28-FNT28C-5.png;images/FONAST28-FNT28C-3.png;images/FONAST28-FNT28C-1.png;images/FONAST28-FNT28C-4.png,oui,"Cette fontaine à eau Astech avec frigo est conçue pour distribuer de l'eau tout en offrant un espace de réfrigération.

Points forts
• Équipée d'un frigo
• Coloris gris

Caractéristiques
Couleur : Gris"
FONCAC82-822017,Cac,Fontaine cac avec frigo beige ca822017,petit,Fontaines à eau,84900,frigo,jour,,Couleur: Beige | Garantie: 12 mois,images/FONCAC82-822017-2.jpg,images/FONCAC82-822017-2.jpg;images/FONCAC82-822017-1.jpg,oui,"Cette fontaine à eau Cac intègre un frigo pour vos boissons et se présente dans un coloris beige.

Points forts
• Intègre un frigo
• Coloris beige

Caractéristiques
Couleur : Beige"
FONCAC82-CA8220,Cac,Fontaine cac avec frigo noir ca822017,petit,Fontaines à eau,84900,frigo,jour,,Couleur: Noir | Garantie: 12 mois,images/FONCAC82-CA8220-1.jpg,images/FONCAC82-CA8220-1.jpg;images/FONCAC82-CA8220-2.png,oui,"Cette fontaine à eau Cac est dotée d'un frigo et proposée dans un coloris noir.

Points forts
• Intègre un frigo
• Coloris noir

Caractéristiques
Couleur : Noir"
FONELA66-EL666F,Elactron,Fontaine Elactron avec cabine el666,petit,Fontaines à eau,74000,frigo,jour,,Garantie: 12 mois,images/FONELA66-EL666F-1.jpg,images/FONELA66-EL666F-1.jpg;images/FONELA66-EL666F-2.jpg,oui,"Cette fontaine à eau Elactron avec cabine dispose de trois sorties d'eau et d'un compresseur froid pour répondre aux besoins en eau potable.

Points forts
• Trois sorties d'eau : normal, chaud et froid
• Compartiment de rangements intégré
• Capacité eau chaude de 5 litres par heure
• Capacité eau froide de 1,5 litre par heure

Caractéristiques
Voltage : 220V
Classe climatique : T
Fréquence : 50Hz
Réfrigérant : R134a, 28g
Puissance de chauffage : 420W"
FONELA60-EL609F,Astech,Fontaine Elactron avec cache bouteille loding el609,petit,Fontaines à eau,28000,frigo,jour,,Garantie: 12 mois,images/FONELA60-EL609F-2.jpg,images/FONELA60-EL609F-2.jpg;images/FONELA60-EL609F-3.jpg;images/FONELA60-EL609F-1.png;images/FONELA60-EL609F-4.jpg,oui,"Cette fontaine à eau propose des fonctions eau chaude et eau froide pour vos besoins quotidiens. Elle est équipée d'un cache bouteille et fonctionne sur secteur.

Points forts
• Distributeur d'eau chaude et d'eau froide
• Poids net de 7.2 kg
• Cache bouteille intégré

Caractéristiques
Type de produit : Fontaine
Alimentation électrique : 220V – 50Hz
Liquide de refroidissement : R134a, 38g
Poids net : 7.2 kg
Poids brut : 8.2 kg"
FONELE12-YLR15J,Electrocool,Fontaine electrocool avec frigo+congélateur ylr1.5jxr12,petit,Fontaines à eau,85000,frigo,jour,,Garantie: 12 mois,images/FONELE12-YLR15J-3.jpg,images/FONELE12-YLR15J-3.jpg;images/FONELE12-YLR15J-1.jpg;images/FONELE12-YLR15J-4.jpg;images/FONELE12-YLR15J-2.jpg;images/FONELE12-YLR15J-5.jpg,oui,"Cette fontaine à eau intègre un compartiment congélateur pour combiner distribution d'eau et conservation. Elle dispose de capacités adaptées pour réchauffer et refroidir l'eau.

Points forts
• Fontaine à eau avec congélateur intégré
• Capacité de réchauffe de 5 litres par heure
• Capacité de refroidissement de 1.5 litre par heure

Caractéristiques
Type de produit : Fontaine à eau + congélateur
Capacité de réchauffe : 5 litres/heure
Capacité de refroidissement : 1.5 litres/heure"
FONEND10-WD100F,Enduro,Fontaine Enduro 2robinets blanc wd100hcnc,petit,Fontaines à eau,28000,frigo,jour,,Couleur: Blanc | Garantie: 12 mois,images/FONEND10-WD100F-1.png,images/FONEND10-WD100F-1.png,oui,"Cette fontaine à eau est dotée de deux robinets et présente un design de couleur blanche.

Points forts
• Équipée de 2 robinets
• Coloris blanc

Caractéristiques
Nombre de robinets : 2
Couleur : Blanc"
FONEND12-WD120F,Enduro,Fontaine Enduro 3robinets avec frigo blanc wd120frhca,petit,Fontaines à eau,89900,frigo,jour,,Couleur: Blanc | Garantie: 12 mois,images/FONEND12-WD120F-2.png,images/FONEND12-WD120F-2.png;images/FONEND12-WD120F-5.png;images/FONEND12-WD120F-3.png;images/FONEND12-WD120F-1.jpg;images/FONEND12-WD120F-4.png,oui,"Cette fontaine à eau possède trois robinets et intègre un réfrigérateur. Son habillage est de couleur blanche.

Points forts
• Équipée de 3 robinets
• Réfrigérateur intégré
• Coloris blanc

Caractéristiques
Nombre de robinets : 3
Réfrigérateur intégré : Oui
Couleur : Blanc"
FONEND10-WD100H,Enduro,Fontaine Enduro 3robinets avec frigo noir Inox wd100hcab,petit,Fontaines à eau,55000,frigo,jour,,Couleur: Noir | Garantie: 12 mois,images/FONEND10-WD100H-1.jpg,images/FONEND10-WD100H-1.jpg;images/FONEND10-WD100H-2.png,oui,"Cette fontaine à eau dispose de trois robinets et d'un réfrigérateur intégré. Son design allie le noir et l'inox.

Points forts
• Équipée de 3 robinets
• Réfrigérateur intégré
• Coloris noir et inox

Caractéristiques
Nombre de robinets : 3
Réfrigérateur intégré : Oui
Couleur : Noir"
FONFIN2-YLRJXR5,Finix,Fontaine finix avec frigo blanc ylrjxr5,petit,Fontaines à eau,74000,frigo,jour,,Couleur: Blanc | Garantie: 12 mois,images/FONFIN2-YLRJXR5-3.png,images/FONFIN2-YLRJXR5-3.png;images/FONFIN2-YLRJXR5-1.png;images/FONFIN2-YLRJXR5-4.png;images/FONFIN2-YLRJXR5-2.png,oui,"Cette fontaine propose de l'eau chaude, normale et fraîche selon vos envies. Elle intègre un réfrigérateur et un espace de stockage pour le liquide.

Points forts
• Options eau chaude, eau normale et eau fraîche
• Réfrigérateur intégré
• Capacité de réservoir de 3.3L

Caractéristiques
Modèle : YLR15JXR5
Couleur : Blanche
Gaz réfrigérant : R134a
Capacité réservoir : 3.3L
Capacité fraîcheur : 1.5L/h, 5-10
Capacité chauffage : 5L/h, 85-95
Dimensions produit : 310×310×970 mm
Dimensions emballage : 330×330×1000 mm
Certification : CB
Voltage : 220-240V~
Fréquence : 50-60Hz
Puissance fraîcheur : 110W
Puissance chauffage : 580W
Courant : 0.7A
Réfrigérant : R134a/45g"
FONFIN25-HD2503,Finix,Fontaine finix avec frigo et glacon blanc hd2503z (310x325x960mm),petit,Fontaines à eau,115000,frigo,jour,,Couleur: Blanc | Garantie: 12 mois,images/FONFIN25-HD2503-1.png,images/FONFIN25-HD2503-1.png,oui,"Cette fontaine à eau de marque Finix intègre un réfrigérateur et une fonction glaçon. Elle trouve facilement sa place dans votre espace pour un usage quotidien.

Points forts
• Coloris blanc
• Équipée d'un réfrigérateur et de glaçons

Caractéristiques
Couleur : Blanc
Dimensions : 310 x 325 x 960 mm"
FONFIN16-FIN167,Finix,Fontaine finix avec frigo gris noir fin167,petit,Fontaines à eau,73900,frigo,jour,,Couleur: Gris | Garantie: 12 mois,images/FONFIN16-FIN167-3.png,images/FONFIN16-FIN167-3.png;images/FONFIN16-FIN167-1.png;images/FONFIN16-FIN167-4.png;images/FONFIN16-FIN167-2.png,oui,"Cette fontaine à eau Finix avec réfrigérateur sur pied propose de l'eau chaude, tiède et froide. Elle est équipée de trois boutons sur le dessus et d'une sécurité enfants.

Points forts
• Eau chaude, tiède et froide
• Réservoir d'eau froide en acier inoxydable de 3 L
• Sécurité enfants intégrée
• Refroidissement par compresseur R134a

Caractéristiques
Couleur : Gris
Modèle : FIN167
Tension nominale : 220-240 V
Réservoir d'eau froide : 3 L
Débit de refroidissement : 2 L/h (4-12 °C)
Débit de chauffage : 5 L/h (85-95 °C)
Dimensions : 302 x 285 x 965 mm
Puissance de chauffage : 500 W
Puissance de refroidissement : 110 W
Courant de refroidissement : 0,8 A
Réfrigérant : R134a/50 g"
FONFIN14-HD1435,Finix,Fontaine finix avec frigo rouge gris hd1435d,petit,Fontaines à eau,83000,frigo,jour,,Couleur: Gris | Garantie: 12 mois,images/FONFIN14-HD1435-1.jpg,images/FONFIN14-HD1435-1.jpg,oui,"Cette fontaine à eau Finix avec réfrigérateur de coloris rouge et gris est conçue pour la distribution d'eau.

Points forts
• Modèle avec réfrigérateur intégré

Caractéristiques
Couleur : Gris
Dimensions : 330 x 330 x 990 mm"
FONFIN23-FIN213,Finix,Fontaine finix bar avec frigo noir fin2315,petit,Fontaines à eau,94900,frigo,jour,,Couleur: Noir | Garantie: 12 mois,images/FONFIN23-FIN213-3.jpg,images/FONFIN23-FIN213-3.jpg;images/FONFIN23-FIN213-1.png;images/FONFIN23-FIN213-2.jpg,oui,"Cette fontaine à eau Finix de style bar dispose d'un réfrigérateur intégré. Elle convient pour vos besoins en distribution de boissons.

Points forts
• Modèle bar avec réfrigérateur intégré

Caractéristiques
Couleur : Noir"
FONTAINE-HAIER-AVEC-FRIGO-MARRON-FONCE-HWDC2462R,Haier,Fontaine Haier avec frigo marron fonce hwdc2462r,petit,Fontaines à eau,102000,frigo,jour,,Couleur: Marron | Garantie: 12 mois,images/FONTAINE-HAIER-AVEC-FRIGO-MARRON-FONCE-HWDC2462R-2.png,images/FONTAINE-HAIER-AVEC-FRIGO-MARRON-FONCE-HWDC2462R-2.png;images/FONTAINE-HAIER-AVEC-FRIGO-MARRON-FONCE-HWDC2462R-1.jpg,oui,"Cette fontaine à eau Haier combine une double fonction de fontaine et de réfrigérateur intégré. Elle permet de garder vos boissons fraîches à portée de main.

Points forts
• Double fonction fontaine et réfrigérateur intégré
• Capacité de réfrigération pour les boissons
• Commandes tactiles simples d'utilisation

Caractéristiques
Couleur : Marron"
FONHIS97-H97WDT,Hisense,Fontaine Hisense 3tabs noir h97wdtb3s1,petit,Fontaines à eau,65000,frigo,jour,,Couleur: Noir | Garantie: 12 mois,images/FONHIS97-H97WDT-1.png,images/FONHIS97-H97WDT-1.png,oui,"Cette fontaine à eau Hisense de couleur noire est conçue pour la distribution de boissons.

Points forts
• Coloris noir

Caractéristiques
Couleur : Noir"
FONHIS04-H04WDG,Hisense,Fontaine Hisense avec cache bouteille gris h04wdbs3s3,petit,Fontaines à eau,97900,frigo,jour,,Couleur: Gris | Garantie: 12 mois,images/FONHIS04-H04WDG-3.png,images/FONHIS04-H04WDG-3.png;images/FONHIS04-H04WDG-1.jpg;images/FONHIS04-H04WDG-4.png;images/FONHIS04-H04WDG-2.png;images/FONHIS04-H04WDG-5.png,oui,"Cette fontaine à eau dispose d'un cache bouteille et convient pour distribuer de l'eau au quotidien dans vos espaces.

Points forts
• Cache bouteille intégré
• Coloris gris

Caractéristiques
Couleur : Gris"
FONHIS04-H04WDB,Hisense,Fontaine Hisense avec cache bouteille noir h04wdbb3s3,petit,Fontaines à eau,101500,frigo,jour,,Couleur: Noir | Garantie: 12 mois,images/FONHIS04-H04WDB-1.png,images/FONHIS04-H04WDB-1.png,oui,"Cette fontaine à eau est équipée d'un cache bouteille pour un usage pratique au bureau ou à la maison.

Points forts
• Cache bouteille intégré
• Coloris noir

Caractéristiques
Couleur : Noir"
FONHIS96-H96WDG,Hisense,Fontaine Hisense avec frigo gris h96wdts3s2r,petit,Fontaines à eau,83500,frigo,jour,,Couleur: Gris | Garantie: 12 mois,images/FONHIS96-H96WDG-2.png,images/FONHIS96-H96WDG-2.png;images/FONHIS96-H96WDG-1.png,oui,"Cette fontaine à eau intègre un espace réfrigéré pour garder vos produits au frais tout en vous désaltérant.

Points forts
• Réfrigérateur intégré
• Coloris gris

Caractéristiques
Couleur : Gris"
FONHIS96-H96WDT,Hisense,Fontaine Hisense avec frigo noir h96wdtb3s1r,petit,Fontaines à eau,80500,frigo,jour,,Couleur: Noir | Garantie: 12 mois,images/FONHIS96-H96WDT-2.png,images/FONHIS96-H96WDT-2.png;images/FONHIS96-H96WDT-3.png;images/FONHIS96-H96WDT-1.png;images/FONHIS96-H96WDT-4.png,oui,"Cette fontaine à eau est dotée d'un frigo intégré pour combiner distribution d'eau et conservation au frais.

Points forts
• Réfrigérateur intégré
• Coloris noir

Caractéristiques
Couleur : Noir"
FONROC29-29B000,Roch,Fontaine Roch avec frigo fsr29b,petit,Fontaines à eau,77000,frigo,jour,,Garantie: 12 mois,images/FONROC29-29B000-1.jpg,images/FONROC29-29B000-1.jpg;images/FONROC29-29B000-2.jpg;images/FONROC29-29B000-3.jpg,oui,"Cette fontaine à eau fournit de l'eau chaude et de l'eau froide tout en offrant un espace de conservation réfrigéré.

Points forts
• Mini réfrigérateur intégré de 20 L
• Capacité eau froide de 3 L par heure
• Capacité eau chaude de 5 L par heure
• Réglage du thermostat

Caractéristiques
Modèle : 29B FSR
Capacité eau froide : 3 L/h (>15°C)
Capacité eau chaude : 5 L/h (90°C)
Voltage : 220-240V
Capacité réfrigérateur : 20 L"
FONROC12-RWD120,Roch,Fontaine Roch avec frigo rwd120,petit,Fontaines à eau,80000,frigo,jour,,Garantie: 12 mois,images/FONROC12-RWD120-1.png,images/FONROC12-RWD120-1.png;images/FONROC12-RWD120-2.png,oui,"Cette fontaine à eau avec frigo intégré est conçue pour répondre à vos besoins de rafraîchissement au quotidien.

Points forts
• Frigo intégré"
FONROC13-FS1300,Roch,Fontaine Roch blanc 13fs,petit,Fontaines à eau,76900,frigo,jour,,Couleur: Blanc | Garantie: 12 mois,images/FONROC13-FS1300-1.jpg,images/FONROC13-FS1300-1.jpg,oui,"Cette fontaine à eau Roch de couleur blanche dispose de trois robinets pour distribuer de l'eau chaude, froide et tiède.

Points forts
• Trois robinets pour eau chaude, froide et tiède
• Verrouillage enfant intégré
• Capacité de refroidissement de 2,5 L par heure
• Capacité de chauffage de 5 L par heure

Caractéristiques
Couleur : Blanc
Nombre de robinets : 3
Capacité de refroidissement : 2,5 L/h
Capacité de chauffage : 5 L/h
Capacité de stockage : 0,9 L
Alimentation : 220-240V ~ 50Hz"
FONSOL28-WC28T2,Solstar,Fontaine Solstar industrielle 2robinets 96l wc28t2inbss,petit,Fontaines à eau,327000,frigo,jour,96 L,Garantie: 12 mois,images/FONSOL28-WC28T2-1.png,images/FONSOL28-WC28T2-1.png,oui,"Cette fontaine industrielle Solstar est équipée de deux robinets et intègre un système de filtration.

Points forts
• Capacité de 42 litres
• Équipée d'un filtre
• Deux robinets

Caractéristiques
Capacité : 42 Litres
Fonction : Avec filtre
Nombre de robinets : 2"
FONSOL85-WC85T4,Solstar,Fontaine Solstar industrielle 4robinets 98l wc85t4inbss,petit,Fontaines à eau,483500,frigo,jour,98 L,Garantie: 12 mois,images/FONSOL85-WC85T4-1.jpg,images/FONSOL85-WC85T4-1.jpg,oui,"Cette fontaine industrielle Solstar grand format est dotée de quatre robinets et d'un filtre intégré.

Points forts
• Grande capacité de 98 litres
• Quatre robinets disponibles
• Fonction avec filtre

Caractéristiques
Capacité : 98 Litres
Fonction : Avec filtre
Nombre de robinets : 4"
FONSOL10-C100T4,Solstar,Fontaine Solstar industrielle 5robinets 130l wc130t5inbss,petit,Fontaines à eau,582000,frigo,jour,130 L,Garantie: 12 mois,images/FONSOL10-C100T4-1.jpg,images/FONSOL10-C100T4-1.jpg,oui,"Cette fontaine industrielle Solstar de grande capacité dispose de cinq robinets et d'un filtre intégré.

Points forts
• Grande capacité de 130 litres
• Cinq robinets
• Fonction avec filtre

Caractéristiques
Capacité : 130 Litres
Fonction : Avec filtre
Nombre de robinets : 5"
7148,Decakila,Batteuse Decakila kemg029b,petit,Préparation,22000,brasseur,jour,,Garantie: 12 mois,images/7148-1.png,images/7148-1.png;images/7148-2.png,oui,"Cette batteuse Decakila est un appareil de préparation culinaire compact et pratique.

Points forts
• Puissance de 200 W
• Capacité de 2 L
• Batterie de 2000 mAh

Caractéristiques
Puissance : 200 W
Capacité : 2 L
Batterie : 2000 mAh"
BATLEF66-LFSM66,Lefon,Batteuse lefon avec bol noir gris lfsm6652,petit,Préparation,26000,brasseur,jour,,Couleur: Gris | Garantie: 12 mois,images/BATLEF66-LFSM66-1.jpg,images/BATLEF66-LFSM66-1.jpg;images/BATLEF66-LFSM66-2.jpg,oui,"Cette batteuse Lefon avec bol en acier inoxydable gris offre plusieurs vitesses et un éclairage LED pour vos préparations.

Points forts
• Bol rotatif automatique en acier inoxydable de 4 L
• Cinq vitesses avec fonction turbo
• Éclairage LED intégré
• Utilisation possible sans base
• Fournie avec 2 batteurs et 2 crochets pétrisseurs

Caractéristiques
Couleur : Gris
Puissance : 300 W
Capacité du bol : 4 L
Matériau du boîtier et du bol : Acier inoxydable
Vitesses : 5 vitesses + fonction turbo
Alimentation : 220-240 V, 50-60 Hz"
7310,Moulinex,Batteuse moulinex avec bol prep line 450 W hm412131,petit,Préparation,42000,brasseur,jour,450 W,Capacité: 450 W | Garantie: 12 mois,images/7310-1.png,images/7310-1.png;images/7310-2.png;images/7310-3.png;images/7310-4.png;images/7310-5.png,oui,"Cette batteuse Moulinex avec bol Prep Line est conçue pour vos préparations culinaires, qu'il s'agisse de gâteaux, de pâte à pizza ou de pain.

Points forts
• Puissance de 450 Watts
• 5 vitesses et fonction turbo
• Bol en plastique avec rotation automatique de 2,5 litres
• Deux jeux de tiges de mélange inclus

Caractéristiques
Puissance : 450 W
Capacité du bol : 2,5 L
Matériau du bol : Plastique
Vitesses : 5 vitesses et fonction turbo"
7309,Moulinex,Batteuse moulinex quick mix 300 W hm310b1,petit,Préparation,28000,brasseur,jour,300 W,Capacité: 300 W | Garantie: 12 mois,images/7309-1.jpg,images/7309-1.jpg,oui,"Le batteur à main Quickmix de Moulinex répond à tous vos besoins en matière de pâtisserie pour vos différentes recettes.

Points forts
• 5 vitesses adaptées à vos recettes
• Fonction turbo incluse
• Puissance de 300 W

Caractéristiques
Puissance : 300 W
Vitesses : 5 vitesses et fonction turbo"
BATSMA80-STPE80,Smart Technology,Batteuse Smart Technology electrique 200 W stpe804d,petit,Préparation,18000,brasseur,jour,200 W,Capacité: 200 W | Garantie: 12 mois,images/BATSMA80-STPE80-1.jpg,images/BATSMA80-STPE80-1.jpg,oui,"Cette batteuse électrique Smart Technology est idéale pour réaliser vos préparations de pâtisserie au quotidien.

Points forts
• Puissance de 200 W
• Capacité du bol de 3 L
• 7 vitesses avec fonction turbo
• Bouton avec éjection et fonction de sélection de vitesse
• Fourni avec battements et crochets de pâte

Caractéristiques
Tension : 220 V
Puissance : 200 W
Matériau : Corps plastique / Bol plastique
Capacité : 3 L
Vitesses : 7 vitesses avec fonction turbo
Poids : 1 Kg"
BATSMA82-STPE82,Smart Technology,Batteuse Smart Technology electrique avec bol stpe822d,petit,Préparation,32000,brasseur,jour,,Garantie: 12 mois,images/BATSMA82-STPE82-1.jpg,images/BATSMA82-STPE82-1.jpg,oui,"Cette batteuse électrique avec bol de Smart Technology facilite vos mélanges et pétrissages en cuisine.

Points forts
• Puissance de 200 W avec bol de 3 L
• 7 vitesses et fonction turbo
• Livrée avec battements et crochets de pâte
• Bouton d'éjection et sélection de vitesse

Caractéristiques
Tension : 220 V
Puissance : 200 W
Matériau : Corps plastique / Bol plastique
Capacité : 3 L
Vitesses : 7 vitesses avec fonction turbo
Poids : 1.2 Kg"
BATSMA81-STPE81,Smart Technology,Batteuse Smart Technology electrique stpe815d,petit,Préparation,20000,brasseur,jour,,Garantie: 12 mois,images/BATSMA81-STPE81-1.jpg,images/BATSMA81-STPE81-1.jpg,oui,"La batteuse électrique Smart Technology est conçue pour vous accompagner dans vos mélanges et pâtes.

Points forts
• Puissance de 200 W
• 7 vitesses avec fonction turbo
• Équipée de battements et crochets de pâte
• Bouton avec éjection et sélection de vitesse

Caractéristiques
Tension : 220 V
Puissance : 200 W
Matériau : Corps plastique / Bol plastique
Vitesses : 7 vitesses avec fonction turbo
Poids : 1 Kg"
BOUAST21-KE2123,Astech,Bouilloire Astech 1.7 litres gris ke2123sbk,petit,Préparation,12000,bouilloire,jour,"1,7 L",Capacité: 7 L | Couleur: Gris | Garantie: 12 mois,images/BOUAST21-KE2123-1.png,images/BOUAST21-KE2123-1.png,oui,"Cette bouilloire Astech de couleur grise est conçue pour faire chauffer de l'eau rapidement.

Points forts
• Capacité de 7 L
• Coloris gris

Caractéristiques
Capacité : 7 L
Couleur : Gris"
BOUDES03-BO0303,Deska,Bouilloire Deska electrique argent noir bo0303xb,petit,Préparation,10250,bouilloire,jour,,Couleur: Noir | Garantie: 12 mois,images/BOUDES03-BO0303-1.png,images/BOUDES03-BO0303-1.png,oui,"Cette bouilloire électrique permet de faire chauffer de l'eau rapidement pour vos boissons chaudes au quotidien. Elle trouve facilement sa place dans votre cuisine.

Points forts
• Capacité de 2 litres
• Puissance de 1850 à 2200 W
• Coloris argent et noir

Caractéristiques
Type de produit : Bouilloire électrique
Capacité : 2 litres
Puissance : 1850 – 2200 W
Couleur : Argent et Noir"
BOUEND15-PK15LB,Enduro,Bouilloire Enduro 1.5 litres electrique noir pk15l,petit,Préparation,14500,bouilloire,jour,"1,5 L",Capacité: 15 L | Couleur: Noir | Garantie: 12 mois,images/BOUEND15-PK15LB-1.png,images/BOUEND15-PK15LB-1.png;images/BOUEND15-PK15LB-2.png,oui,"Cette bouilloire électrique est conçue pour vos besoins quotidiens en eau chaude.

Points forts
• Capacité de 15 L
• Coloris noir

Caractéristiques
Capacité : 15 L
Couleur : Noir"
BOUEND17-KE17LB,Enduro,Bouilloire Enduro 1.7 litres electrique noir Inox ke17l,petit,Préparation,13800,bouilloire,jour,"1,7 L",Capacité: 17 L | Couleur: Noir | Garantie: 12 mois,images/BOUEND17-KE17LB-1.png,images/BOUEND17-KE17LB-1.png,oui,"Cette bouilloire électrique vous permet de faire chauffer de l'eau selon vos besoins.

Points forts
• Capacité de 17 L
• Coloris noir et inox

Caractéristiques
Capacité : 17 L
Couleur : Noir"
BOUGRE00-GREENB,Cac,Bouilloire green 1.8 litres electrique Inox ca821105,petit,Préparation,12000,bouilloire,jour,"1,8 L",Capacité: 8 L | Couleur: Inox | Garantie: 12 mois,images/BOUGRE00-GREENB-1.png,images/BOUGRE00-GREENB-1.png,oui,"Cette bouilloire électrique chauffe l'eau pour la préparation de vos boissons chaudes.

Points forts
• Capacité de 1.8 litres
• Fonctionnement électrique
• Finition en Inox

Caractéristiques
Capacité : 1.8 litres
Type : Électrique
Couleur : Inox"
BOUROY15-SSK17L,Autre Marque,Bouilloire royalty electrique 1.7 litres 1500 W ssk1.7l,petit,Préparation,12000,bouilloire,jour,1.7 L,Capacité: 1.7 L | Garantie: 12 mois,images/BOUROY15-SSK17L-1.jpg,images/BOUROY15-SSK17L-1.jpg;images/BOUROY15-SSK17L-4.png;images/BOUROY15-SSK17L-2.png;images/BOUROY15-SSK17L-3.png,oui,"Cette bouilloire électrique est pratique pour chauffer rapidement de l'eau pour le thé ou le café.

Points forts
• Capacité de 1.7 Litres
• Puissance de 1500 W
• Élément chauffant dissimulé
• Rotation 360° et arrêt automatique
• Boîtier en acier inoxydable

Caractéristiques
Puissance : 1500 W
Capacité : 1.7 Litres
Matériau : Acier inoxydable
Sécurité et manipulation : Arrêt automatique et rotation 360°"
BOUSMA24-STPE9S,Smart Technology,Bouilloire Smart Technology electrics 1.8l gris stpe249s,petit,Préparation,12000,bouilloire,jour,1.8 L,Capacité: 1.8 L | Couleur: Gris | Garantie: 12 mois,images/BOUSMA24-STPE9S-1.jpg,images/BOUSMA24-STPE9S-1.jpg,oui,"Cette bouilloire électrique de 1.8 litres est idéale pour préparer vos boissons chaudes facilement à la maison.

Points forts
• Capacité de 1.8 L
• Puissance de 1500 Watts
• Corps en acier inoxydable
• Rotation de la base à 360 degrés

Caractéristiques
Type de produit : Bouilloire électrique
Référence : STPE-249S
Capacité : 1.8 L
Puissance : 1500 Watts
Tension : 220-240V
Fréquence : 50/60 Hz
Couleur : Gris
Matériau : Acier inoxydable"
BOUYAK23-YKS231,Yaki,Bouilloire yaki 2.5 litres electrique Inox yks2311,petit,Préparation,12000,bouilloire,jour,"2,5 L",Capacité: 5 L | Couleur: Inox | Garantie: 12 mois,images/BOUYAK23-YKS231-1.png,images/BOUYAK23-YKS231-1.png;images/BOUYAK23-YKS231-2.png,oui,"Cette bouilloire électrique en inox associe un design moderne à une utilisation pratique au quotidien pour faire chauffer votre eau rapidement.

Points forts
• Capacité de 2.5 litres
• Puissance de 2000 Watts
• Arrêt automatique de sécurité
• Socle d'alimentation sans fil à 360°
• Filtre amovible et lavable

Caractéristiques
Capacité : 2.5 litres
Puissance : 2000 W
Couleur : Inox"
PREDEC08-JC008B,Decakila,Extracteur de jus Decakila 4pieces kejc008b,petit,Préparation,18000,blender,jour,,Garantie: 12 mois,images/PREDEC08-JC008B-1.png,images/PREDEC08-JC008B-1.png;images/PREDEC08-JC008B-2.png;images/PREDEC08-JC008B-3.png,oui,"Cet extracteur de jus de la marque Decakila est conçu pour préparer vos boissons fraîches à la maison.

Points forts
• Appareil composé de 4 pièces"
EXTWIN10-ST1040,Jus,Extracteur de jus winning star noir st1040,petit,Préparation,18000,blender,jour,,Couleur: Noir | Garantie: 12 mois,images/EXTWIN10-ST1040-1.png,images/EXTWIN10-ST1040-1.png;images/EXTWIN10-ST1040-2.png,oui,"Cet extracteur de jus de couleur noire vous permet de réaliser vos jus de fruits et de légumes frais.

Points forts
• Coloris noir

Caractéristiques
Couleur : Noir"
EXTWIN10-ST1000,Jus,Extracteur de jus winning star rouge st1000,petit,Préparation,18000,blender,jour,,Couleur: Rouge | Garantie: 12 mois,images/EXTWIN10-ST1000-2.png,images/EXTWIN10-ST1000-2.png;images/EXTWIN10-ST1000-3.png;images/EXTWIN10-ST1000-1.png;images/EXTWIN10-ST1000-4.png,oui,"Cet extracteur de jus de couleur rouge est adapté pour la préparation de vos boissons maison.

Points forts
• Coloris rouge

Caractéristiques
Couleur : Rouge"
EXTEND60-JE600M,Enduro,Extracteur jus Enduro 2vitesses 400 W Inox je600mlx,petit,Préparation,18000,blender,jour,400 W,Capacité: 400 W | Couleur: Inox | Garantie: 12 mois,images/EXTEND60-JE600M-1.png,images/EXTEND60-JE600M-1.png;images/EXTEND60-JE600M-2.png,oui,"Cet extracteur de jus en inox dispose de deux vitesses pour s'adapter à vos préparations de jus.

Points forts
• Fonctionne sur 2 vitesses
• Finition en inox

Caractéristiques
Puissance : 400 W
Couleur : Inox"
EXTROC28-RJE281,Roch,Extracteur jus Roch rje2819d,petit,Préparation,18000,blender,jour,,Garantie: 12 mois,images/EXTROC28-RJE281-2.png,images/EXTROC28-RJE281-2.png;images/EXTROC28-RJE281-1.png,oui,"Cet extracteur de jus Roch est un appareil adapté pour extraire le jus de vos fruits et légumes.

Points forts
• Puissance de 1000 Watts

Caractéristiques
Puissance : 1000 W"
GRICRE80-K800A1,Autre Marque,Grille pain crest blanc 3tk 800a1,petit,Préparation,12000,cuisine,jour,,Couleur: Blanc | Garantie: 12 mois,images/GRICRE80-K800A1-1.jpg,images/GRICRE80-K800A1-1.jpg;images/GRICRE80-K800A1-2.jpg;images/GRICRE80-K800A1-3.jpg,oui,"Ce grille-pain blanc convient pour préparer vos tartines selon vos envies. Il dispose de plusieurs fonctionnalités pratiques pour la cuisson du pain.

Points forts
• Puissance de 800 W
• 6 niveaux de brunissage
• Centrage variable des tranches de pain
• Fonctions décongélation et réchauffage

Caractéristiques
Puissance : 800 W
Couleur : Blanc
Niveaux de brunissage : 6"
GRIDEC08-KETS08,Decakila,Grille pain Decakila 750 W noir kets008b,petit,Préparation,14000,cuisine,jour,750 W,Capacité: 750 W | Couleur: Noir | Garantie: 12 mois,images/GRIDEC08-KETS08-1.png,images/GRIDEC08-KETS08-1.png,oui,"Ce grille-pain noir de la marque Decakila est conçu pour préparer vos tranches de pain au quotidien.

Points forts
• Puissance de 750 W
• Coloris noir

Caractéristiques
Puissance : 750 W
Couleur : Noir"
GRIDEC01-KETS01,Decakila,Grille pain Decakila 800 W blanc kets001w,petit,Préparation,15000,cuisine,jour,800 W,Capacité: 800 W | Couleur: Blanc | Garantie: 12 mois,images/GRIDEC01-KETS01-1.png,images/GRIDEC01-KETS01-1.png,oui,"Ce grille-pain blanc de la marque Decakila est idéal pour vos petits-déjeuners.

Points forts
• Puissance de 800 W
• Coloris blanc

Caractéristiques
Puissance : 800 W
Couleur : Blanc"
GRIEND2L-TT2LWX,Enduro,Grille pain Enduro 1400 W noir tt2lwx,petit,Préparation,22000,cuisine,jour,1400 W,Capacité: 1400 W | Couleur: Noir | Garantie: 12 mois,images/GRIEND2L-TT2LWX-1.png,images/GRIEND2L-TT2LWX-1.png,oui,"Ce grille-pain noir de la marque Enduro permet de griller vos tranches de pain facilement.

Points forts
• Puissance de 1400 W
• Coloris noir

Caractéristiques
Puissance : 1400 W
Couleur : Noir"
GRIEND4T-TT4SLB,Enduro,Grille pain Enduro 1400 W noir tt4slb,petit,Préparation,22000,cuisine,jour,1400 W,Capacité: 1400 W | Couleur: Noir | Garantie: 12 mois,images/GRIEND4T-TT4SLB-2.png,images/GRIEND4T-TT4SLB-2.png;images/GRIEND4T-TT4SLB-1.png,oui,"Ce grille-pain noir de la marque Enduro convient pour griller votre pain au quotidien.

Points forts
• Puissance de 1400 W
• Coloris noir

Caractéristiques
Puissance : 1400 W
Couleur : Noir"
GRIWIN93-ST9360,Pain,Grille pain winning star blanc st9360,petit,Préparation,12000,cuisine,jour,,Couleur: Blanc | Garantie: 12 mois,images/GRIWIN93-ST9360-1.png,images/GRIWIN93-ST9360-1.png;images/GRIWIN93-ST9360-4.png;images/GRIWIN93-ST9360-2.png;images/GRIWIN93-ST9360-5.png;images/GRIWIN93-ST9360-3.png,oui,"Ce grille-pain blanc est conçu pour préparer vos tartines à la maison.

Points forts
• Coloris blanc

Caractéristiques
Couleur : Blanc"
HACDEC29-KEMG02,Decakila,Hachoire a viande Decakila sans fil kemg029b,petit,Préparation,18000,blender,jour,,Garantie: 12 mois,images/HACDEC29-KEMG02-2.png,images/HACDEC29-KEMG02-2.png;images/HACDEC29-KEMG02-1.png,oui,"Ce hachoir à viande sans fil Decakila est conçu pour la préparation de vos viandes.

Points forts
• Fonctionnement sans fil"
HACEND50-MC5000,Enduro,Hachoire a viande Enduro 2 litres electrique mc500,petit,Préparation,18000,blender,jour,2 L,Capacité: 2 L | Garantie: 12 mois,images/HACEND50-MC5000-1.png,images/HACEND50-MC5000-1.png,oui,"Ce hachoir électrique Enduro d'une capacité de 2 litres simplifie la préparation de vos ingrédients au quotidien.

Points forts
• Puissance de 500 W
• Capacité du bol de 2 litres
• Double lame en inox SUS420
• 2 vitesses disponibles
• Protection de sécurité intégrée

Caractéristiques
Type : Hachoir électrique
Puissance : 500 W
Tension : 220–240V / 50–60Hz
Capacité bol : 2 Litres
Capacité utile : 1 Litre
Matériau bol : Verre
Vitesses : 2
Corps : Plastique + inox"
HACYAK30-YM30S0,Viande,Hachoire a viande yaki 3 litres electrique ym30s03,petit,Préparation,18000,blender,jour,3 L,Capacité: 3 L | Garantie: 12 mois,images/HACYAK30-YM30S0-2.png,images/HACYAK30-YM30S0-2.png;images/HACYAK30-YM30S0-1.png,oui,"Ce hachoir à viande électrique d'une capacité de 3 litres convient pour vos préparations culinaires.

Points forts
• Capacité de 3 litres

Caractéristiques
Capacité : 3 L"
MACEND10-CM1093,Enduro,Machine à café Enduro 0.6l 600 W noir cm1093pb,petit,Préparation,12800,bouilloire,jour,"0,6 L",Couleur: Noir | Garantie: 12 mois,images/MACEND10-CM1093-1.png,images/MACEND10-CM1093-1.png;images/MACEND10-CM1093-2.png,oui,"Cette machine à café Enduro de 600 W et de couleur noire est adaptée pour la préparation de vos boissons chaudes.

Points forts
• Puissance de 600 W
• Capacité de 0,6 L
• Coloris noir

Caractéristiques
Capacité : 0.6 L
Puissance : 600 W
Couleur : Noir"
MACMAX54-SDDMW5,Maximus,Machine à café maximus 4 en 1 capsule noir blanc sddmw542,petit,Préparation,12000,bouilloire,jour,,Couleur: Blanc | Garantie: 12 mois,images/MACMAX54-SDDMW5-2.png,images/MACMAX54-SDDMW5-2.png;images/MACMAX54-SDDMW5-3.png;images/MACMAX54-SDDMW5-1.png,oui,"Cette machine à café Maximus 4 en 1 est conçue pour l'utilisation avec des capsules.

Points forts
• Fonction 4 en 1
• Compatible capsules
• Coloris blanc et noir

Caractéristiques
Couleur : Blanc"
MACNES90-ENV90Y,Autre Marque,Machine à café nespresso delonghi vertuo gold env90y,petit,Préparation,12000,bouilloire,jour,,Garantie: 12 mois,images/MACNES90-ENV90Y-1.jpg,images/MACNES90-ENV90Y-1.jpg;images/MACNES90-ENV90Y-4.png;images/MACNES90-ENV90Y-2.png;images/MACNES90-ENV90Y-5.png;images/MACNES90-ENV90Y-3.png,oui,"Cette machine à café Nespresso DeLonghi Vertuo Gold permet de préparer vos cafés au quotidien.

Points forts
• Modèle Vertuo Gold"
MACNES90-ENV90B,Autre Marque,Machine à café nespresso delonghi vertuo noir env90b,petit,Préparation,12000,bouilloire,jour,,Couleur: Noir | Garantie: 12 mois,images/MACNES90-ENV90B-3.png,images/MACNES90-ENV90B-3.png;images/MACNES90-ENV90B-1.jpg;images/MACNES90-ENV90B-4.png;images/MACNES90-ENV90B-2.png;images/MACNES90-ENV90B-5.png,oui,"Cette machine à café Nespresso Vertuo DeLonghi est conçue pour la préparation de vos boissons chaudes au quotidien. Elle trouve facilement sa place dans votre cuisine.

Points forts
• Coloris noir élégant
• Compatible avec le système Nespresso Vertuo

Caractéristiques
Couleur : Noir"
MACNES80-EB80BN,Nespresso,Machine à café nespresso inissia noir en80.b,petit,Préparation,12000,bouilloire,jour,,Couleur: Noir | Garantie: 12 mois,images/MACNES80-EB80BN-2.png,images/MACNES80-EB80BN-2.png;images/MACNES80-EB80BN-3.png;images/MACNES80-EB80BN-1.png;images/MACNES80-EB80BN-4.png,oui,"Cette machine à café Nespresso Inissia est idéale pour la préparation rapide de vos cafés à la maison.

Points forts
• Design compact en coloris noir
• Utilisation simple pour le café quotidien

Caractéristiques
Couleur : Noir"
MACNES85-EN85RR,Nespresso,Machine à café nespresso mini rouge en85.r,petit,Préparation,94000,bouilloire,jour,,Couleur: Rouge | Garantie: 12 mois,images/MACNES85-EN85RR-3.png,images/MACNES85-EN85RR-3.png;images/MACNES85-EN85RR-1.jpg;images/MACNES85-EN85RR-4.png;images/MACNES85-EN85RR-2.png;images/MACNES85-EN85RR-5.png,oui,"Cette machine à café Nespresso Mini vous permet de préparer vos boissons chaudes préférées avec un format adapté aux espaces restreints.

Points forts
• Coloris rouge
• Format mini

Caractéristiques
Couleur : Rouge"
MACSMA52-STPE50,Smart Technology,Machine à café Smart Technology 0.6 litres stpe5206u,petit,Préparation,12000,bouilloire,jour,"0,6 L",Capacité: 6 L | Garantie: 12 mois,images/MACSMA52-STPE50-1.png,images/MACSMA52-STPE50-1.png,oui,"Cette machine à café Smart Technology est conçue pour la préparation de vos boissons chaudes.

Points forts
• Capacité de 6 L

Caractéristiques
Capacité : 6 L"
MACSMA52-STPE52,Smart Technology,Machine à café Smart Technology 1.2 litres stpe5212u,petit,Préparation,12000,bouilloire,jour,"1,2 L",Capacité: 2 L | Garantie: 12 mois,images/MACSMA52-STPE52-1.png,images/MACSMA52-STPE52-1.png,oui,"Cette machine à café Smart Technology vous accompagne dans la préparation de vos cafés et boissons chaudes.

Points forts
• Capacité de 2 L

Caractéristiques
Capacité : 2 L"
MACHIS15-ICM150,Hisense,Machine à glace Hisense 15 kg noir Inox hicm1504,petit,Préparation,60000,frigo,jour,15 kg,Capacité: 15 kg | Couleur: Noir | Garantie: 12 mois,images/MACHIS15-ICM150-1.png,images/MACHIS15-ICM150-1.png;images/MACHIS15-ICM150-4.png;images/MACHIS15-ICM150-2.png;images/MACHIS15-ICM150-5.png;images/MACHIS15-ICM150-3.png,oui,"Cette machine à glace Hisense est idéale pour produire des glaçons selon vos besoins pour vos boissons.

Points forts
• Capacité de production de 15 kg
• Finition noir et inox

Caractéristiques
Capacité : 15 kg
Couleur : Noir Inox"
MIXDEC27-KEMX02,Decakila,Mixeur a main Decakila 120 W kemx027w,petit,Préparation,15000,brasseur,jour,120 W,Capacité: 120 W | Garantie: 12 mois,images/MIXDEC27-KEMX02-1.jpg,images/MIXDEC27-KEMX02-1.jpg;images/MIXDEC27-KEMX02-2.png,oui,"Ce mixeur à main Decakila est conçu pour vos préparations culinaires du quotidien. Il permet de battre et de pétrir facilement vos pâtes grâce à ses accessoires adaptés.

Points forts
• Puissance de 200 W
• 6 vitesses avec fonction turbo
• Livré avec batteurs et crochets en acier

Caractéristiques
Puissance : 200 W
Tension : 220-240 V ~ 50/60 Hz
Vitesses : 6 vitesses avec turbo
Accessoires : Batteurs et crochet en acier"
MIXYAK25-YMH252,Yaki,Mixeur a main yaki 350 W electrique ymh25227,petit,Préparation,22000,brasseur,jour,350 W,Capacité: 350 W | Garantie: 12 mois,images/MIXYAK25-YMH252-1.png,images/MIXYAK25-YMH252-1.png,oui,"Ce mixeur à main électrique Yaki de 350 W est un outil pratique pour vos préparations culinaires en cuisine.

Points forts
• Puissance de 350 W
• Modèle électrique

Caractéristiques
Puissance : 350 W"
MIXAST06-BL06NB,Astech,Mixeur Astech 1.5 litres 2 en 1 600 W bl06nbk,petit,Préparation,30000,brasseur,jour,"1,5 L",Capacité: 1600 W | Garantie: 12 mois,images/MIXAST06-BL06NB-1.png,images/MIXAST06-BL06NB-1.png;images/MIXAST06-BL06NB-2.png,oui,"Ce mixeur 2 en 1 Astech d'une capacité de 1,5 litre dispose d'une puissance importante pour vos préparations de boissons et mélanges.

Points forts
• Capacité de 1,5 litres
• Modèle 2 en 1
• Puissance de 1600 W

Caractéristiques
Capacité : 1,5 litres
Puissance : 1600 W"
BLEDEC22-KMJB02,Decakila,Mixeur Decakila 0.5 litres kmjb022w,petit,Préparation,16000,brasseur,jour,"0,5 L",Capacité: 022 W | Garantie: 12 mois,images/BLEDEC22-KMJB02-2.png,images/BLEDEC22-KMJB02-2.png;images/BLEDEC22-KMJB02-3.png;images/BLEDEC22-KMJB02-1.jpg,oui,"Ce mixeur sur socle sans fil Decakila vous permet de mixer vos préparations sans être gêné par un cordon d'alimentation.

Points forts
• Fonctionnement sans fil pratique
• Capacité de 500 ml

Caractéristiques
Capacité : 500 ml
Type : Sans fil sur socle"
MIXDEC08-KMMG08,Decakila,Mixeur Decakila 300ml kmmg008g,petit,Préparation,14000,brasseur,jour,,Garantie: 12 mois,images/MIXDEC08-KMMG08-2.png,images/MIXDEC08-KMMG08-2.png;images/MIXDEC08-KMMG08-1.jpg,oui,"Ce mixeur Decakila est équipé d'un bol hachoir en verre et de lames en acier inoxydable pour hacher vos ingrédients facilement selon vos besoins.

Points forts
• Capacité de 0,3 L avec bol hachoir en verre
• Lame en acier inoxydable de type S
• Commande simple par pression avec un bouton

Caractéristiques
Puissance : 30 W
Tension : DC 3,7 V
Volume de la batterie : 1 500 mAh
Capacité : 0,3 L
Accessoires : Bol hachoir en verre, 3 lames en acier inoxydable"
BLEDEC04-JB043W,Decakila,"Mixeur Decakila stand 1,5l kejb043w",petit,Préparation,24000,brasseur,jour,"1,5 L",Capacité: 043 W | Garantie: 12 mois,images/BLEDEC04-JB043W-1.jpg,images/BLEDEC04-JB043W-1.jpg;images/BLEDEC04-JB043W-2.png,oui,"Ce mixeur sur socle Decakila d'une capacité de 1,5 L est idéal pour vos préparations de boissons et mélanges au quotidien.

Points forts
• Capacité de 1,5 L
• Modèle sur socle

Caractéristiques
Capacité : 1,5 L"
BLEDEC44-KEJB04,Decakila,Mixeur Decakila stand 1.5l 500 W kejb044b,petit,Préparation,26000,brasseur,jour,"1,5 L",Capacité: 500 W | Garantie: 12 mois,images/BLEDEC44-KEJB04-1.png,images/BLEDEC44-KEJB04-1.png;images/BLEDEC44-KEJB04-2.png;images/BLEDEC44-KEJB04-3.png,oui,"Ce mixeur sur socle de la marque Decakila est conçu pour vos préparations culinaires quotidiennes. Il dispose d'une puissance adaptée pour mélanger vos ingrédients.

Points forts
• Puissance de 500 W
• Appareil de type mixeur sur socle

Caractéristiques
Puissance : 500 W"
BLEDEC23-KEMG02,Decakila,Mixeur Decakila stand 1.5l 6 en 1 kemg023w,petit,Préparation,45000,brasseur,jour,"1,5 L",Capacité: 023 W | Garantie: 12 mois,images/BLEDEC23-KEMG02-2.png,images/BLEDEC23-KEMG02-2.png;images/BLEDEC23-KEMG02-3.png;images/BLEDEC23-KEMG02-1.png,oui,"Le mixeur sur socle 6 en 1 Decakila vous accompagne dans diverses préparations culinaires à la maison.

Points forts
• Modèle polyvalent 6 en 1
• Capacité de 1,5 l

Caractéristiques
Capacité : 1,5 l
Puissance : 023 W"
BLEDEC43-KEJB44,Decakila,Mixeur Decakila stand 1.5l kejb043b,petit,Préparation,24000,brasseur,jour,"1,5 L",Garantie: 12 mois,images/BLEDEC43-KEJB44-1.png,images/BLEDEC43-KEJB44-1.png;images/BLEDEC43-KEJB44-2.png;images/BLEDEC43-KEJB44-3.png,oui,"Ce mixeur sur socle Decakila est équipé d'un moteur puissant et d'un bol en verre pour réussir vos mélanges au quotidien.

Points forts
• Moteur puissant de 1 000 W
• Bol en verre de 1,5 L pour les grandes quantités
• Lames en acier inoxydable durables et précises

Caractéristiques
Modèle : KEJB043B
Puissance : 1 000 W
Capacité du bol : 1,5 L
Matériau du bol : Verre
Lames : Acier inoxydable"
MIXDES20-MIX203,Deska,Mixeur Deska 1 litres electrique 2en1 noir mix2033xb,petit,Préparation,24000,brasseur,jour,1 L,Capacité: 1 L | Couleur: Noir | Garantie: 12 mois,images/MIXDES20-MIX203-1.png,images/MIXDES20-MIX203-1.png,oui,"Le mixeur électrique Deska 2 en 1 de couleur noire est conçu pour vos préparations culinaires de tous les jours.

Points forts
• Modèle 2 en 1
• Capacité de 1 litre
• Coloris noir

Caractéristiques
Capacité : 1 L
Couleur : Noir
Type : Électrique 2 en 1"
BLELEF28-LF2815,Lefon,Mixeur lefon bleu blanc lf2815,petit,Préparation,22000,brasseur,jour,,Couleur: Blanc | Garantie: 12 mois,images/BLELEF28-LF2815-1.jpg,images/BLELEF28-LF2815-1.jpg,oui,"Le mixeur Lefon est une aide pratique pour la cuisine, doté de deux vitesses et de pieds antidérapants pour plus de stabilité.

Points forts
• Moteur puissant à 2 vitesses
• Arbre métallique pour plus de fiabilité
• Couvercle résistant aux fuites avec tasse à mesurer
• Pieds en caoutchouc antidérapants

Caractéristiques
Référence : LF-2815
Vitesses : 2
Couleur : Blanc et bleu
Capacité du pot : 5 tasses"
MIXROC11-RBL115,Roch,Mixeur Roch 1.5ltres 2en1 rbl115,petit,Préparation,18000,brasseur,jour,"1,5 L",Garantie: 12 mois,images/MIXROC11-RBL115-1.png,images/MIXROC11-RBL115-1.png,oui,"Ce mixeur 2 en 1 de la marque Roch est idéal pour vos préparations culinaires et vos mélanges au quotidien.

Points forts
• Modèle 2 en 1
• Capacité de 1,5 litre

Caractéristiques
Capacité : 1,5 l
Type : 2 en 1"
MIXEUR-ROCH-1-75LITRES-2-EN-1-NOIR-RBL205D,Roch,Mixeur Roch 1.75 litres 2 en 1 noir rbl205d,petit,Préparation,32000,brasseur,jour,"1,75 L",Capacité: 75 L | Couleur: Noir | Garantie: 12 mois,images/MIXEUR-ROCH-1-75LITRES-2-EN-1-NOIR-RBL205D-1.png,images/MIXEUR-ROCH-1-75LITRES-2-EN-1-NOIR-RBL205D-1.png;images/MIXEUR-ROCH-1-75LITRES-2-EN-1-NOIR-RBL205D-2.png,oui,"Ce mixeur Roch 2 en 1 de couleur noire dispose d'une grande capacité de 1,75 L. Il convient pour la préparation de smoothies, jus, sauces et épices.

Points forts
• Grande capacité de 1,75 L
• Moteur puissant de 300 Watts
• 2 vitesses pour un contrôle optimal
• Fonction Blender et Moulin 2-en-1
• Lames en acier inoxydable haute performance

Caractéristiques
Capacité : 75 L
Couleur : Noir
Puissance : 300 Watts
Vitesses : 2"
MIXSIL15-SM1531,Autre Marque,Mixeur siltal 4.5 litres 3fonctions sm1531bm,petit,Préparation,45000,brasseur,jour,"4,5 L",Capacité: 5 L | Garantie: 12 mois,images/MIXSIL15-SM1531-1.png,images/MIXSIL15-SM1531-1.png;images/MIXSIL15-SM1531-2.png;images/MIXSIL15-SM1531-3.png,oui,"Ce mixeur Siltal d'une capacité de 5 L est conçu pour vos préparations culinaires.

Points forts
• Capacité de 5 L

Caractéristiques
Capacité : 5 L"
BLESIL99-SC999S,Silvers,Mixeur silvers griest 2 litres 2en1 blanc sc999,petit,Préparation,28000,brasseur,jour,2 L,Capacité: 2 L | Couleur: Blanc | Garantie: 12 mois,images/BLESIL99-SC999S-1.png,images/BLESIL99-SC999S-1.png,oui,"Ce mixeur Silvers de couleur blanche offre une capacité de 2 L pour vos préparations.

Points forts
• Capacité de 2 L

Caractéristiques
Capacité : 2 L
Couleur : Blanc"
BLESIL99-SC9904,Silvers,Mixeur silvers griest 2 litres 2en1 noir sc9904,petit,Préparation,28000,brasseur,jour,2 L,Capacité: 2 L | Couleur: Noir | Garantie: 12 mois,images/BLESIL99-SC9904-1.png,images/BLESIL99-SC9904-1.png,oui,"Ce mixeur Silvers de couleur noire dispose d'une capacité de 2 L.

Points forts
• Capacité de 2 L

Caractéristiques
Capacité : 2 L
Couleur : Noir"
BLESIL15-SC1589,Silvers,Mixeur silvers griest 2 litres 2en1 rouge noir sc1589,petit,Préparation,28000,brasseur,jour,2 L,Capacité: 2 L | Couleur: Noir | Garantie: 12 mois,images/BLESIL15-SC1589-1.png,images/BLESIL15-SC1589-1.png,oui,"Ce mixeur Silvers bicolore rouge et noir possède une capacité de 2 L.

Points forts
• Capacité de 2 L

Caractéristiques
Capacité : 2 L
Couleur : Noir"
BLESMA10-STPB20,Smart Technology,"Mixeur Smart Technology 1,5l noir stpe1020b",petit,Préparation,27000,brasseur,jour,"1,5 L",Couleur: Noir | Garantie: 12 mois,images/BLESMA10-STPB20-1.jpg,images/BLESMA10-STPB20-1.jpg,oui,"Ce blender Smart Technology noir d'une capacité de 1,5 litre est doté d'une puissance de 400 W. Il convient pour vos préparations quotidiennes.

Points forts
• Puissance de 400 W
• Capacité de 1,5 litre
• 2 vitesses avec fonction d'impulsion
• Boitier démontable pour faciliter le nettoyage
• Lame croisée en acier inoxydable

Caractéristiques
Type de produit : Blender
Modèle : STPE-1020B
Couleur : Noir
Puissance : 400 w
Capacité : 1.5 Litre
Tension : 220-230 v
Fréquence : 50-60 Hz
Vitesses : 2"
BLESMA12-STPE12,Smart Technology,"Mixeur Smart Technology 1,5l stpe1220",petit,Préparation,28000,brasseur,jour,"1,5 L",Garantie: 12 mois,images/BLESMA12-STPE12-1.jpg,images/BLESMA12-STPE12-1.jpg;images/BLESMA12-STPE12-2.jpg,oui,"Ce blender multifonctions de 1,5 litre vous accompagne dans la préparation de vos mélanges et recettes au quotidien. Il dispose de deux vitesses et de lames en acier inoxydable pour un mixage efficace.

Points forts
• Capacité de 1,5 litre pour vos préparations
• Lames en acier inoxydable résistantes
• Boitier démontable pour faciliter le nettoyage
• Pieds antidérapants pour plus de stabilité
• Couvercle anti-éclaboussures

Caractéristiques
Type de produit : Blender Multifonctions
Modèle : STPE-1220
Puissance : 500 W
Capacité : 1,5 Litre
Tension : 220-240 V
Fréquence : 50-60 Hz
Vitesses : 2 Vitesses
Poids : 2,2 kg"
BLESMA10-STPW20,Smart Technology,Mixeur Smart Technology 1.5 litres blanc stpe1020w,petit,Préparation,27000,brasseur,jour,"1,5 L",Capacité: 1020 W | Couleur: Blanc | Garantie: 12 mois,images/BLESMA10-STPW20-1.jpg,images/BLESMA10-STPW20-1.jpg;images/BLESMA10-STPW20-2.jpg,oui,"Ce blender blanc de 1,5 litre est conçu pour vos préparations culinaires de tous les jours. Il est équipé de deux vitesses et d'une fonction d'impulsion pour ajuster le mixage.

Points forts
• Capacité de 1,5 litre
• Deux vitesses avec fonction d'impulsion
• Lame croisée en acier inoxydable
• Boitier démontable pour un nettoyage facile
• Pieds anti-dérapant et couvercle anti-éclaboussures

Caractéristiques
Type de produit : Blender
Modèle : STPE-1020W
Couleur : Blanc
Puissance : 400 W
Capacité : 1,5 Litre
Tension : 220-230 V
Fréquence : 50-60 Hz
Vitesses : 2 Vitesses avec fonction d'impulsion
Poids : 2,2 kg"
BLESMA10-STPR20,Smart Technology,Mixeur Smart Technology 1.5 litres gris stpe1020g,petit,Préparation,27000,brasseur,jour,"1,5 L",Capacité: 5 L | Couleur: Gris | Garantie: 12 mois,images/BLESMA10-STPR20-1.jpg,images/BLESMA10-STPR20-1.jpg,oui,"Ce blender de couleur grise offre une capacité de 1,5 litre pour vos besoins en cuisine. Il intègre deux vitesses avec une fonction d'impulsion pour des résultats adaptés.

Points forts
• Capacité de 1,5 litre
• Deux vitesses avec fonction d'impulsion
• Lame croisée en acier inoxydable
• Boitier démontable pour faciliter le nettoyage

Caractéristiques
Type de produit : Blender
Modèle : STPE-1020G
Couleur : Gris
Puissance : 400 W
Capacité : 1,5 Litre
Tension : 220-230 V
Fréquence : 50-60 Hz
Vitesses : 2 Vitesses avec fonction d'impulsion"
BLESMA10-STPG20,Smart Technology,Mixeur Smart Technology 1.5 litres vert stpe1020gr,petit,Préparation,27000,brasseur,jour,"1,5 L",Capacité: 5 L | Couleur: Vert | Garantie: 12 mois,images/BLESMA10-STPG20-1.jpg,images/BLESMA10-STPG20-1.jpg,oui,"Ce blender vert d'une capacité de 1,5 litre permet de réaliser vos mélanges du quotidien. Il est doté d'une lame croisée en acier inoxydable et de deux vitesses avec fonction d'impulsion.

Points forts
• Capacité de 1,5 litre
• Deux vitesses avec fonction d'impulsion
• Lame croisée en acier inoxydable
• Boitier démontable pour un nettoyage facile

Caractéristiques
Type de produit : Blender
Modèle : STPE-1020GR
Couleur : Vert
Puissance : 400 W
Capacité : 1,5 Litre
Tension : 220-230 V
Fréquence : 50-60 Hz
Vitesses : 2 Vitesses avec fonction d'impulsion"
MIXSMA80-STPE80,Smart Technology,Mixeur Smart Technology 1.5l multifonctions stpe-8030p,petit,Préparation,47300,brasseur,jour,"1,5 L",Garantie: 12 mois,images/MIXSMA80-STPE80-1.png,images/MIXSMA80-STPE80-1.png,oui,"Ce mixeur multifonctions de 1,5 litre est conçu pour vous assister dans vos préparations culinaires au quotidien.

Points forts
• Capacité de 1,5 litre
• Appareil multifonctions

Caractéristiques
Modèle : STPE-8030P
Capacité : 1,5 L"
BLESMA88-STPE88,Smart Technology,Mixeur Smart Technology 1.5ltres stpe8858,petit,Préparation,29000,brasseur,jour,"1,5 L",Garantie: 12 mois,images/BLESMA88-STPE88-3.jpg,images/BLESMA88-STPE88-3.jpg;images/BLESMA88-STPE88-1.jpg;images/BLESMA88-STPE88-2.jpg,oui,"Ce mixeur d'une capacité de 1,5 litre est adapté pour vos mélanges de tous les jours en cuisine.

Points forts
• Capacité de 1,5 litre

Caractéristiques
Modèle : STPE8858
Capacité : 1,5 L"
MIXSMA80-STPE82,Smart Technology,Mixeur Smart Technology 1.8 litres multifonctions stpe8032p,petit,Préparation,27000,brasseur,jour,"1,8 L",Capacité: 8 L | Garantie: 12 mois,images/MIXSMA80-STPE82-1.png,images/MIXSMA80-STPE82-1.png,oui,"Ce mixeur multifonctions de Smart Technology est conçu pour vos préparations culinaires quotidiennes. Il dispose d'une grande capacité pour vous accompagner dans vos recettes.

Points forts
• Capacité de 8 L

Caractéristiques
Capacité : 8 L"
MIXSMA80-STPE83,Smart Technology,Mixeur Smart Technology 2 litres multifonctions stpe-8031p,petit,Préparation,30300,brasseur,jour,2 L,Capacité: 2 L | Garantie: 12 mois,images/MIXSMA80-STPE83-1.png,images/MIXSMA80-STPE83-1.png,oui,"Ce mixeur multifonctions de Smart Technology est adapté à la préparation de vos mélanges et recettes au quotidien grâce à son bol de taille pratique.

Points forts
• Capacité de 2 L

Caractéristiques
Capacité : 2 L"
MIXSMA80-STPE8P,Smart Technology,Mixeur Smart Technology 2 litres multifonctions stpe-8033p,petit,Préparation,42000,brasseur,jour,2 L,Capacité: 2 L | Garantie: 12 mois,images/MIXSMA80-STPE8P-1.png,images/MIXSMA80-STPE8P-1.png,oui,"Ce mixeur multifonctions de Smart Technology facilite vos préparations culinaires de tous les jours avec sa capacité adaptée aux besoins de la maison.

Points forts
• Capacité de 2 L

Caractéristiques
Capacité : 2 L"
BLESMA10-STPE10,Smart Technology,Mixeur Smart Technology stpe1000,petit,Préparation,25000,brasseur,jour,,Garantie: 12 mois,images/BLESMA10-STPE10-1.jpg,images/BLESMA10-STPE10-1.jpg,oui,"Ce blender multifonctions Smart Technology de 500 W vous aide à réussir vos préparations grâce à ses lames en acier inoxydable et son contrôle de vitesse.

Points forts
• Puissance de 500 W avec touches de contrôle de vitesse
• Capacité de 1.5 Litre
• Lames en acier inoxydable intégratives
• Pieds antidérapants et boitier démontable pour un nettoyage facile

Caractéristiques
Type de produit : Blender Multifonctions
Puissance : 500 W
Capacité : 1.5 Litre
Tension : 220-240 V
Fréquence : 50-60 Hz"
ROBEND10-FPM100,Enduro,Robot de cuisine Enduro multifonction 1000 W fpm1000wx,petit,Préparation,65000,brasseur,jour,1000 W,Capacité: 1000 W | Garantie: 12 mois,images/ROBEND10-FPM100-1.png,images/ROBEND10-FPM100-1.png;images/ROBEND10-FPM100-2.png,oui,"Ce robot de cuisine multifonction Enduro est conçu pour vous assister dans la préparation de vos plats au quotidien.

Points forts
• Puissance de 1000 W

Caractéristiques
Puissance : 1000 W"
ROBSMA99-STPE99,Smart Technology,Robot de cuisine patissier Smart Technology stpe9999d,petit,Préparation,85000,brasseur,jour,,Garantie: 12 mois,images/ROBSMA99-STPE99-1.jpg,images/ROBSMA99-STPE99-1.jpg,oui,"Ce robot de cuisine pâtissier Smart Technology de 1000 W dispose d'une cuve amovible de 6 litres avec revêtement anti-adhésif pour simplifier vos cuissons et préparations.

Points forts
• Puissance de 1000 W avec cuve amovible de 6 L
• Revêtement intérieur anti-adhésif et maintien au chaud automatique
• Panier vapeur et couvercle en verre inclus
• Tableau de bord et bouton Marche/Arrêt

Caractéristiques
Type de produit : Appareil de cuisine
Puissance : 1000 W
Capacité de la cuve : 6 L
Revêtement intérieur : Anti-adhésif
Technologie : Mécanique
Coloris : Gris"
REGBIN20-2000VA,Autre Marque,Regulateur Binatone 2000va,petit,Régulateurs de tension,28400,bouilloire,jour,2000 VA,Garantie: 12 mois,images/REGBIN20-2000VA-2.jpg,images/REGBIN20-2000VA-2.jpg;images/REGBIN20-2000VA-1.jpg,oui,"Ce régulateur de tension aide à protéger vos appareils électriques du quotidien contre les fluctuations de courant.

Points forts
• Puissance de 2000 VA

Caractéristiques
Puissance : 2000 VA"
REGBIN50-DV5000,Binatone,Regulateur Binatone 5000va,petit,Régulateurs de tension,60000,bouilloire,jour,5000 VA,Garantie: 12 mois,images/REGBIN50-DV5000-1.png,images/REGBIN50-DV5000-1.png,oui,"Ce régulateur de tension automatique sécurise vos équipements électriques contre les risques liés aux variations de courant.

Points forts
• Régulation automatique de la tension
• Protection intégrée contre les court-circuits
• Puissance de 5000 VA

Caractéristiques
Puissance : 5000 VA
Particularité : Régulateur de tension automatique"
REGDES10-1000VA,Deska,Regulateur Deska davrc 1000va,petit,Régulateurs de tension,32000,bouilloire,jour,1000 VA,Garantie: 12 mois,images/REGDES10-1000VA-1.png,images/REGDES10-1000VA-1.png,oui,"Ce régulateur de tension protège vos appareils électriques contre les variations de courant.

Points forts
• Capacité de 1000 VA

Caractéristiques
Capacité : 1000 VA"
REGDES15-1500VA,Deska,Regulateur Deska davrc 1500va,petit,Régulateurs de tension,32000,bouilloire,jour,1500 VA,Garantie: 12 mois,images/REGDES15-1500VA-1.jpg,images/REGDES15-1500VA-1.jpg,oui,"Ce régulateur de tension aide à stabiliser l'alimentation électrique de vos appareils.

Points forts
• Capacité de 1500 VA

Caractéristiques
Capacité : 1500 VA"
REGDES20-2000VA,Deska,Regulateur Deska davrc 2000va,petit,Régulateurs de tension,48000,bouilloire,jour,2000 VA,Garantie: 12 mois,images/REGDES20-2000VA-1.jpg,images/REGDES20-2000VA-1.jpg,oui,"Ce régulateur de tension protège vos équipements électriques contre les fluctuations du réseau.

Points forts
• Capacité de 2000 VA

Caractéristiques
Capacité : 2000 VA"
REGROC10-1000VA,Roch,Regulateur Roch rsb 1000va,petit,Régulateurs de tension,32000,bouilloire,jour,1000 VA,Garantie: 12 mois,images/REGROC10-1000VA-1.jpg,images/REGROC10-1000VA-1.jpg,oui,"Ce régulateur de tension stabilise l'alimentation électrique de vos appareils et dispose d'un affichage numérique pour suivre les tensions.

Points forts
• Capacité de 1000 VA
• Affichage numérique de la tension d'entrée et de sortie
• Port de chargement USB intégré

Caractéristiques
Modèle : RSB
Capacité : 1000 VA
Tension d'entrée : 140-260V
Fréquence : 50-60Hz
Tension de sortie nominale : 220V-240V"
REGSMA30-AVR300,Smart Technology,Regulateur Smart Technology avr 3000va,petit,Régulateurs de tension,48000,bouilloire,jour,3000 VA,Garantie: 12 mois,images/REGSMA30-AVR300-1.jpg,images/REGSMA30-AVR300-1.jpg,oui,"Ce régulateur de tension automatique protège vos appareils électriques contre les variations de courant. Il assure une alimentation stable et sécurisée.

Points forts
• Puissance de 3000 VA
• Affichage digital
• Protection contre les court-circuits
• Protection électromécanique contre les basses et hautes tensions

Caractéristiques
Type de produit : Régulateur
Modèle : AVR-3000Va
Puissance : 3000 VA
Affichage : Digital"
REGSMA50-AVR500,Smart Technology,Regulateur Smart Technology avr 5000va,petit,Régulateurs de tension,60000,bouilloire,jour,5000 VA,Garantie: 12 mois,images/REGSMA50-AVR500-1.jpg,images/REGSMA50-AVR500-1.jpg,oui,"Ce stabilisateur de tension automatique protège vos équipements contre les fluctuations électriques. Il garantit une sortie stable pour le bon fonctionnement de vos appareils.

Points forts
• Puissance de 5000 va
• Affichage digital
• Plage de tension d'entrée de 110 à 280V
• Poids léger de 1.5 kg

Caractéristiques
Type de produit : Stabilisateur
Modèle : AVR-5000va
Puissance : 5000 va
Affichage : Digital
Plage de tension d'entrée : 110 ~ 280V
Plage de tension de sortie : 220V
Fréquence : 50-60Hz
Poids : 1.5 kg"
DEFDEC20-GSTD20,Vapeur,Defroisseur a vapeur black decker manuel gstd2050,petit,Repassage,35000,fer,jour,,Type: Manuel | Garantie: 12 mois,images/DEFDEC20-GSTD20-3.png,images/DEFDEC20-GSTD20-3.png;images/DEFDEC20-GSTD20-1.png;images/DEFDEC20-GSTD20-4.png;images/DEFDEC20-GSTD20-2.png,oui,"Ce défroisseur à vapeur manuel est conçu pour l'entretien de vos vêtements. Il s'utilise facilement au quotidien.

Points forts
• Modèle manuel

Caractéristiques
Type : Manuel"
DEFDEC20-GSTM20,Vapeur,Defroisseur a vapeur black decker manuel gstm2050,petit,Repassage,35000,fer,jour,,Type: Manuel | Garantie: 12 mois,images/DEFDEC20-GSTM20-2.png,images/DEFDEC20-GSTM20-2.png;images/DEFDEC20-GSTM20-5.png;images/DEFDEC20-GSTM20-3.png;images/DEFDEC20-GSTM20-1.png;images/DEFDEC20-GSTM20-4.png,oui,"Ce défroisseur à vapeur manuel permet de prendre soin de vos textiles. Il offre un usage pratique pour le repassage.

Points forts
• Modèle manuel

Caractéristiques
Type : Manuel"
FERAST35-IR3530,Astech,Fer à repasser Astech 220/240v ir3530he,petit,Repassage,12000,fer,jour,,Garantie: 12 mois,images/FERAST35-IR3530-1.png,images/FERAST35-IR3530-1.png;images/FERAST35-IR3530-2.png,oui,"Ce fer à repasser permet de lisser vos vêtements efficacement. Il fonctionne sur secteur standard.

Points forts
• Tension 220/240v

Caractéristiques
Tension : 220/240v"
FERDES23-FR2366,Deska,Fer à repasser Deska bleu fr2366ri,petit,Repassage,11000,fer,jour,,Couleur: Bleu | Garantie: 12 mois,images/FERDES23-FR2366-1.jpg,images/FERDES23-FR2366-1.jpg,oui,"Ce fer à repasser à vapeur de couleur bleue permet un repassage classique et vertical. Il est équipé d'un contrôle de thermostat et d'une semelle antiadhésive.

Points forts
• Vapeur en continue et vapeur verticale
• Semelle antiadhésive
• Protection contre la surchauffe
• Contrôle du thermostat avec indicateur de température

Caractéristiques
Type de produit : Fer à repasser à vapeur
Modèle : FR2366-RI
Couleur : Bleu
Tension : 220-240V
Fréquence : 50/60Hz
Puissance : 1100-1300 W
Poids : 1.00 Kg"
FEREND60-SII600,Enduro,Fer à repasser Enduro 1800 W bleu sii1600w,petit,Repassage,18000,fer,jour,1800 W,Capacité: 1800 W | Couleur: Bleu | Garantie: 12 mois,images/FEREND60-SII600-1.png,images/FEREND60-SII600-1.png;images/FEREND60-SII600-2.png,oui,"Ce fer à repasser Enduro est conçu pour le repassage de votre linge au quotidien. Il dispose d'une puissance de 1800 W.

Points forts
• Puissance de 1800 W
• Coloris bleu

Caractéristiques
Puissance : 1800 W
Couleur : Bleu"
FEREND22-SI2200,Enduro,Fer à repasser Enduro 2200 W gris si2200w,petit,Repassage,19000,fer,jour,2200 W,Capacité: 2200 W | Couleur: Gris | Garantie: 12 mois,images/FEREND22-SI2200-1.png,images/FEREND22-SI2200-1.png;images/FEREND22-SI2200-2.png,oui,"Ce fer à repasser Enduro vous accompagne dans l'entretien de vos vêtements. Il offre une puissance de 2200 W.

Points forts
• Puissance de 2200 W
• Coloris gris

Caractéristiques
Puissance : 2200 W
Couleur : Gris"
FEREND24-SI2400,Enduro,Fer à repasser Enduro 2200 W vert si2400w,petit,Repassage,24500,fer,jour,2200 W,Capacité: 2200 W | Couleur: Vert | Garantie: 12 mois,images/FEREND24-SI2400-1.png,images/FEREND24-SI2400-1.png;images/FEREND24-SI2400-2.png,oui,"Ce fer à repasser Enduro permet de lisser efficacement votre linge. Il est doté d'une puissance de 2200 W.

Points forts
• Puissance de 2200 W
• Coloris vert

Caractéristiques
Puissance : 2200 W
Couleur : Vert"
FERSMA51-5101ST,Smart Technology,Fer à repasser Smart Technology stpfr5101,petit,Repassage,14500,fer,jour,,Garantie: 12 mois,images/FERSMA51-5101ST-1.png,images/FERSMA51-5101ST-1.png,oui,"Ce fer à repasser Smart Technology est conçu pour faciliter le repassage de vos vêtements au quotidien.

Points forts
• Modèle Smart Technology stpfr5101"
FERSMA51-5102ST,Smart Technology,Fer à repasser Smart Technology stpfr5102,petit,Repassage,12500,fer,jour,,Garantie: 12 mois,images/FERSMA51-5102ST-1.png,images/FERSMA51-5102ST-1.png,oui,"Ce fer à repasser Smart Technology permet de prendre soin de votre linge au quotidien.

Points forts
• Modèle Smart Technology stpfr5102"
FERSMA51-5103ST,Smart Technology,Fer à repasser Smart Technology stpfr5103,petit,Repassage,12000,fer,jour,,Garantie: 12 mois,images/FERSMA51-5103ST-1.png,images/FERSMA51-5103ST-1.png,oui,"Ce fer à repasser Smart Technology est adapté pour le repassage de vos habits.

Points forts
• Modèle Smart Technology stpfr5103"
TVAMA32-SMARTTV,Amaz,"Téléviseur Amaz 32 "" Smart Android am32ft1002s",tv,Téléviseurs,62300,tv,jour,"32""","Type: LED | Taille: 32 pouces | Fonctions: Smart, Android TV | Garantie: 12 mois",images/TVAMA32-SMARTTV-1.jpg,images/TVAMA32-SMARTTV-1.jpg,oui,"Ce téléviseur LED Amaz de 32 pouces intègre Android TV pour vous permettre de profiter de vos contenus connectés et applications directement sur grand écran.

Points forts
• Fonction Smart Android TV intégrée
• Connectivité Wi-Fi et Bluetooth
• Ports HDMI et USB disponibles
• Accès à YouTube et Netflix

Caractéristiques
Type d'écran : LED
Taille : 32 pouces
Résolution en cm : 80 cm
Système : Android TV
Connectique : HDMI, USB
Connectivité : Wi-Fi, Bluetooth
Applications : YouTube, Netflix"
TVAMA42-FT10021,Amaz,"Téléviseur Amaz 42 "" LED amft1002",tv,Téléviseurs,102000,tv,jour,"42""",Type: LED | Taille: 42 pouces | Garantie: 12 mois,images/TVAMA42-FT10021-1.png,images/TVAMA42-FT10021-1.png,oui,"Ce téléviseur LED Amaz de 42 pouces dispose d'une connectique pratique pour brancher vos différents appareils multimédias.

Points forts
• Écran LED de 42 pouces
• Ports HDMI et USB intégrés

Caractéristiques
Type d'écran : LED
Taille : 42 pouces
Dimension : 106 cm
Connectique : HDMI, USB"
TVAMA43-43POUCE,Amaz,"Téléviseur Amaz 43 "" Smart + 2 telecommandes + voice controle am43ft1002sv",tv,Téléviseurs,104000,tv,jour,"43""",Type: LED | Taille: 43 pouces | Fonctions: Smart | Garantie: 12 mois,images/TVAMA43-43POUCE-1.jpg,images/TVAMA43-43POUCE-1.jpg;images/TVAMA43-43POUCE-2.png,oui,"Découvrez ce téléviseur LED Amaz de 43 pouces doté de fonctions Smart et livré avec deux télécommandes ainsi qu'un contrôle vocal.

Points forts
• Taille d'écran de 43 pouces
• Fonction Smart TV
• Livmé avec 2 télécommandes
• Fonction contrôle vocal

Caractéristiques
Type d'écran : LED
Taille : 43 pouces
Fonctions : Smart, Contrôle vocal
Accessoires : 2 télécommandes"
TVAMA43-AM43FT1,Amaz,"Téléviseur Amaz 43 "" Smart Android am43ft1002s",tv,Téléviseurs,107000,tv,jour,"43""","Type: LED | Taille: 43 pouces | Fonctions: Smart, Android TV | Garantie: 12 mois",images/TVAMA43-AM43FT1-2.png,images/TVAMA43-AM43FT1-2.png;images/TVAMA43-AM43FT1-1.jpg,oui,"Ce téléviseur LED Amaz de 43 pouces propose les fonctionnalités Smart et Android TV pour un accès simplifié à vos programmes.

Points forts
• Écran LED de 43 pouces
• Système Android TV
• Fonction Smart TV

Caractéristiques
Type d'écran : LED
Taille : 43 pouces
Fonctions : Smart, Android TV"
TVAMA55-SMARTTV,Amaz,"Téléviseur Amaz 55 "" LED Smart Android",tv,Téléviseurs,187000,tv,jour,"55""","Type: LED | Taille: 55 pouces | Fonctions: Smart, Android TV | Garantie: 12 mois",images/TVAMA55-SMARTTV-1.jpg,images/TVAMA55-SMARTTV-1.jpg,oui,"Profitez d'un grand écran LED de 55 pouces avec ce téléviseur Amaz Smart Android, idéal pour visionner vos vidéos et applications préférées.

Points forts
• Grand écran LED de 55 pouces
• Android TV et fonctions Smart
• Connexions Wi-Fi et Bluetooth
• Accès direct à Netflix et YouTube

Caractéristiques
Type d'écran : LED
Taille : 55 pouces
Système : Android TV
Connectique : HDMI, USB
Connectivité : Wi-Fi, Bluetooth
Applications : YouTube, Netflix"
TVAMA65-65POUCE,Amaz,"Téléviseur Amaz 65 "" Smart + 2 telecommandes + voice controle am65ft1002sv",tv,Téléviseurs,244800,tv,jour,"65""",Type: LED | Taille: 65 pouces | Fonctions: Smart | Garantie: 12 mois,images/TVAMA65-65POUCE-1.jpg,images/TVAMA65-65POUCE-1.jpg;images/TVAMA65-65POUCE-2.jpg,oui,"Ce grand téléviseur LED Amaz de 65 pouces intègre des fonctions Smart ainsi qu'un contrôle vocal et est fourni avec deux télécommandes.

Points forts
• Immense écran LED de 65 pouces
• Fonction Smart TV
• Contrôle vocal inclus
• Livré avec 2 télécommandes

Caractéristiques
Type d'écran : LED
Taille : 65 pouces
Fonctions : Smart, Contrôle vocal
Accessoires : 2 télécommandes"
TVAST32-32GT302,Astech,"Téléviseur Astech 32 "" Smart google tv 32gt3027h/32gt3022a",tv,Téléviseurs,76000,tv,jour,"32""","Type: LED | Taille: 32 pouces | Fonctions: Smart, Google TV | Garantie: 12 mois",images/TVAST32-32GT302-1.jpg,images/TVAST32-32GT302-1.jpg,oui,"Ce televiseur connecte de 32 pouces fonctionne sous Google TV et donne acces a vos divertissements preferes grace a sa connectivite.

Points forts
• Acces a Netflix, YouTube et Prime Video
• Resolution d'ecran Full HD
• Systeme Google TV sous Android version 14
• Stockage interne de 16 Go

Caractéristiques
Type : LED
Taille d'ecran : 32 pouces
Resolution : Full HD
Systeme : Google TV (Android 14)
Stockage : 16 GB
Connectique : 2 ports HDMI, 2 ports USB (2.0 et 3.0), 1 port
Fonctions : Smart, Netflix, YouTube, Prime Video, Google Cast, Dolby Audio, Bluetooth"
TVAST43-43GT302,Astech,"Téléviseur Astech 43 "" Smart google tv 43gt3027h/43gt3030hq",tv,Téléviseurs,128000,tv,jour,"43""","Type: LED | Taille: 43 pouces | Fonctions: Smart, Google TV | Garantie: 12 mois",images/TVAST43-43GT302-1.png,images/TVAST43-43GT302-1.png,oui,"Profitez de vos programmes favoris sur ce televiseur connecte de 43 pouces dote du systeme Google TV.

Points forts
• Acces direct a Netflix et YouTube
• Resolution d'ecran Full HD
• Fonctionnalite Chrome cast et Bluetooth integrees
• Deux telecommandes fournies

Caractéristiques
Type : LED
Taille d'ecran : 43 pouces
Resolution : Full HD
Systeme : Google TV (Android 14)
Stockage : 16 GB
Connectique : 2 ports HDMI, 2 ports USB
Fonctions : Smart, Netflix, YouTube, Prime Video, Chrome cast, Bluetooth, Dolby"
TVAST50-50GT302,Astech,"Téléviseur Astech 50 "" Smart google tv 50gt3027h",tv,Téléviseurs,208000,tv,jour,"50""","Type: LED | Taille: 50 pouces | Fonctions: Smart, Google TV | Garantie: 12 mois",images/TVAST50-50GT302-1.jpg,images/TVAST50-50GT302-1.jpg,oui,"Ce televiseur intelligent de 50 pouces offre une belle qualite d'affichage et un acces simplifie aux contenus en ligne.

Points forts
• Affichage Full HD 1920x1080 pixels
• Technologie de mise en miroir d'ecran mobile
• Connectivite Wi-Fi et Ethernet integree

Caractéristiques
Type : LED
Taille d'ecran : 50 pouces (127 cm)
Resolution : Full HD 1920x1080 pixels
Connectique : 2 x ports HDMI, 1 x port USB, 1 x port video composante
Connectivite : Wi-Fi et Ethernet
Audio : Dolby Digital Plus"
TVAST55-55GX359,Astech,"Téléviseur Astech 55 "" QLED Smart Android + soundbar 4K 55gx350qd",tv,Téléviseurs,310000,tv,jour,"55""","Type: QLED | Taille: 55 pouces | Fonctions: Smart, Android TV | Résolution: 4K UHD | Garantie: 12 mois",images/TVAST55-55GX359-1.png,images/TVAST55-55GX359-1.png,oui,"Decouvrez un ecran QLED de 55 pouces avec une definition 4K UHD pour des images nettes et detaillees.

Points forts
• Technologie QLED avec resolution 4K
• Mise en miroir d'ecran mobile
• Wi-Fi et Ethernet integres

Caractéristiques
Type : QLED
Taille d'ecran : 55 pouces
Resolution : 4K UHD
Connectique : 2 x ports HDMI, 1 x port USB, 1 x port video composante
Connectivite : Wi-Fi et Ethernet
Audio : Dolby Digital Plus"
TVAST55-65GT302,Astech,"Téléviseur Astech 55 "" Smart QLED google tv 55gt3022r",tv,Téléviseurs,235000,tv,jour,"55""","Type: QLED | Taille: 55 pouces | Fonctions: Smart, Google TV | Garantie: 12 mois",images/TVAST55-65GT302-1.png,images/TVAST55-65GT302-1.png,oui,"Ce televiseur QLED de 55 pouces associe une belle qualite d'image a l'interface connectee Google TV.

Points forts
• Technologie QLED avec resolution 4K
• Systeme Google TV sous Android version 14
• Stockage de 16 Go pour les applications

Caractéristiques
Type : QLED
Taille d'ecran : 55 pouces
Resolution : 4K et Full HD
Systeme : Google TV (Android 14)
Stockage : 16 GB
Dimensions : Hauteur : 78 cm, Largeur : 123 cm, Diametre : 142 cm
Connectique : 2 ports HDMI, 2 ports USB (2.0 et 3.0), 1 port RJ45
Fonctions : Smart, Bluetooth, Netflix, YouTube, Prime Video, Chrome cast, Dolby"
TVAST65-65GT302,Astech,"Téléviseur Astech 65 "" Smart google tv 65gt3027h/65gt3030hq",tv,Téléviseurs,365000,tv,jour,"65""","Type: LED | Taille: 65 pouces | Fonctions: Smart, Google TV | Garantie: 12 mois",images/TVAST65-65GT302-1.jpg,images/TVAST65-65GT302-1.jpg,oui,"Grand televiseur de 65 pouces dote de fonctions connectees avancees pour toute la famille.

Points forts
• Grand ecran de 65 pouces
• Acces a Google TV et ses applications
• Mise a jour automatique du systeme

Caractéristiques
Type : LED
Taille d'ecran : 65 pouces
Resolution : 4K et Full HD
Systeme : Google TV (Android 14)
Stockage : 16 GB
Dimensions : Hauteur : 78 cm, Largeur : 123 cm, Diametre : 142 cm
Connectique : 2 ports HDMI, 2 ports USB (2.0 et 3.0), 1 port RJ45
Fonctions : Smart, Bluetooth, Netflix, YouTube, Prime Video, Chrome cast, Dolby"
TVAST75-75GT302,Astech,"Téléviseur Astech 75 "" Smart QLED google tv 75gt3022d/75gt3027h",tv,Téléviseurs,495000,tv,jour,"75""","Type: QLED | Taille: 75 pouces | Fonctions: Smart, Google TV | Garantie: 12 mois",images/TVAST75-75GT302-1.jpg,images/TVAST75-75GT302-1.jpg,oui,"Ce téléviseur Astech de 75 pouces intègre la technologie QLED et Google TV. Il convient pour profiter de vos contenus en streaming et de vos applications favorites.

Points forts
• Écran QLED de 75 pouces avec résolution 4K Ultra HD
• Système Google TV avec Android
• Accès à Netflix, YouTube et Prime Video
• Connectivité Bluetooth et Chromecast intégré

Caractéristiques
Type d'écran : QLED
Taille de l'écran : 75 pouces
Résolution : 4K Ultra HD
Fonctions : Smart, Google TV
Connectivité : Bluetooth, Chromecast
Applications : Netflix, YouTube, Prime Video"
TVAST85-85ZL501,Astech,"Téléviseur Astech 85 "" Smart QLED google tv 85gt6015h/85zt3030hq",tv,Téléviseurs,865000,tv,jour,"85""","Type: QLED | Taille: 85 pouces | Fonctions: Smart, Google TV | Garantie: 12 mois",images/TVAST85-85ZL501-1.png,images/TVAST85-85ZL501-1.png,oui,"Le téléviseur Astech de 85 pouces propose un grand écran QLED doté d'une résolution 4K. Il est conçu pour un visionnage de grande taille à la maison.

Points forts
• Grand écran QLED de 85 pouces
• Résolution 4K
• Système d'exploitation Android
• Connectivité HDMI et USB

Caractéristiques
Type d'écran : QLED
Taille de l'écran : 85 pouces
Résolution : 4K
Système d'exploitation : Android
Fonctions : Smart, Google TV
Connectivité : HDMI, USB"
TVCAC55-CAC55SM,Autre marque,"Téléviseur cac 55 "" Smart 4K UHD + bluetooth cac55",tv,Téléviseurs,187000,tv,jour,"55""",Type: LED | Taille: 55 pouces | Fonctions: Smart | Résolution: 4K UHD | Garantie: 12 mois,images/TVCAC55-CAC55SM-1.jpg,images/TVCAC55-CAC55SM-1.jpg,oui,"Ce téléviseur de 55 pouces propose une résolution 4K UHD et des fonctionnalités Smart avec Bluetooth. Il s'adapte à vos divertissements multimédias.

Points forts
• Taille de 55 pouces
• Résolution 4K UHD
• Fonctions Smart avec Bluetooth

Caractéristiques
Type d'écran : LED
Taille de l'écran : 55 pouces
Résolution : 4K UHD
Fonctions : Smart, Bluetooth"
TVCAC65-CAC65SM,Autre marque,"Téléviseur cac 65 "" Smart 4K UHD + bluetooth cac65",tv,Téléviseurs,256000,tv,jour,"65""",Type: LED | Taille: 65 pouces | Fonctions: Smart | Résolution: 4K UHD | Garantie: 12 mois,images/TVCAC65-CAC65SM-1.jpg,images/TVCAC65-CAC65SM-1.jpg,oui,"Ce téléviseur de 65 pouces dispose d'une résolution 4K UHD et de fonctions Smart connectées avec Bluetooth. Il convient pour le visionnage de films et séries.

Points forts
• Grand écran de 65 pouces
• Résolution 4K UHD
• Fonctions Smart et Bluetooth

Caractéristiques
Type d'écran : LED
Taille de l'écran : 65 pouces
Résolution : 4K UHD
Fonctions : Smart, Bluetooth"
TVDES43-43GT90E,Deska,"Téléviseur Deska 43 "" Smart anti casse 43tg90e",tv,Téléviseurs,122000,tv,jour,"43""",Type: LED | Taille: 43 pouces | Fonctions: Smart | Garantie: 12 mois,images/TVDES43-43GT90E-1.jpg,images/TVDES43-43GT90E-1.jpg,oui,"Ce téléviseur Deska de 43 pouces intègre des fonctions Smart. Il est adapté pour équiper une pièce avec un format intermédiaire.

Points forts
• Taille de 43 pouces
• Fonctions Smart

Caractéristiques
Type d'écran : LED
Taille de l'écran : 43 pouces
Fonctions : Smart"
TVDES43-43LE101,Deska,"Téléviseur Deska 43 "" Smart google tv 43le100cn",tv,Téléviseurs,115400,tv,jour,"43""","Type: LED | Taille: 43 pouces | Fonctions: Smart, Google TV | Garantie: 12 mois",images/TVDES43-43LE101-1.jpg,images/TVDES43-43LE101-1.jpg,oui,"Ce téléviseur Deska de 43 pouces intègre le système Google TV et des fonctions Smart. Il permet d'accéder facilement à vos contenus connectés.

Points forts
• Taille de 43 pouces
• Fonctions Smart et Google TV

Caractéristiques
Type d'écran : LED
Taille de l'écran : 43 pouces
Fonctions : Smart, Google TV"
TVDES50-50LE101,Deska,"Téléviseur Deska 50 "" Smart google tv 50le100cn",tv,Téléviseurs,153800,tv,jour,"50""","Type: LED | Taille: 50 pouces | Fonctions: Smart, Google TV | Garantie: 12 mois",images/TVDES50-50LE101-1.jpg,images/TVDES50-50LE101-1.jpg,oui,"Ce téléviseur LED de 50 pouces intègre les fonctions Smart et Google TV pour vous divertir au quotidien.

Points forts
• Taille d'écran de 50 pouces
• Technologie d'affichage LED
• Fonctions Smart et Google TV intégrées

Caractéristiques
Type : LED
Taille : 50 pouces
Fonctions : Smart, Google TV"
TVDES55-55LE101,Deska,"Téléviseur Deska 55 "" Smart google tv 4K 55le100cn",tv,Téléviseurs,192000,tv,jour,"55""","Type: LED | Taille: 55 pouces | Fonctions: Smart, Google TV | Résolution: 4K UHD | Garantie: 12 mois",images/TVDES55-55LE101-1.jpg,images/TVDES55-55LE101-1.jpg,oui,"Profitez d'images détaillées sur ce téléviseur LED de 55 pouces avec résolution 4K UHD, Google TV et fonctions connectées.

Points forts
• Grand écran de 55 pouces
• Résolution 4K UHD
• Fonctions Smart et Google TV

Caractéristiques
Type : LED
Taille : 55 pouces
Résolution : 4K UHD
Fonctions : Smart, Google TV"
TVDES65-65TG90E,Deska,"Téléviseur Deska 65 "" Smart incassable 65tg90e",tv,Téléviseurs,307000,tv,jour,"65""",Type: LED | Taille: 65 pouces | Fonctions: Smart | Garantie: 12 mois,images/TVDES65-65TG90E-1.webp,images/TVDES65-65TG90E-1.webp,oui,"Ce téléviseur LED de 65 pouces propose des fonctions Smart pour accéder facilement à vos contenus.

Points forts
• Écran spacieux de 65 pouces
• Technologie LED
• Fonction Smart TV

Caractéristiques
Type : LED
Taille : 65 pouces
Fonctions : Smart"
TVDES75-75LE101,Deska,"Téléviseur Deska 75 "" Smart google tv 4K 75le100cn",tv,Téléviseurs,379500,tv,jour,"75""","Type: LED | Taille: 75 pouces | Fonctions: Smart, Google TV | Résolution: 4K UHD | Garantie: 12 mois",images/TVDES75-75LE101-1.jpg,images/TVDES75-75LE101-1.jpg,oui,"Immergez-vous dans vos programmes avec ce très grand téléviseur LED de 75 pouces doté de la résolution 4K UHD et de Google TV.

Points forts
• Grand format de 75 pouces
• Résolution 4K UHD
• Google TV et fonctions Smart

Caractéristiques
Type : LED
Taille : 75 pouces
Résolution : 4K UHD
Fonctions : Smart, Google TV"
TVELA55-TS5502S,Elactron,"Téléviseur Elactron 55 "" google tv 4K ts5502s",tv,Téléviseurs,187000,tv,jour,"55""",Type: LED | Taille: 55 pouces | Fonctions: Google TV | Résolution: 4K UHD | Garantie: 12 mois,images/TVELA55-TS5502S-1.png,images/TVELA55-TS5502S-1.png,oui,"Ce téléviseur LED de 55 pouces associe la résolution 4K UHD à l'interface Google TV pour vos loisirs numériques.

Points forts
• Écran de 55 pouces
• Résolution 4K UHD
• Interface Google TV

Caractéristiques
Type : LED
Taille : 55 pouces
Résolution : 4K UHD
Fonctions : Google TV"
TVELA85-LA85S01,Elactron,"Téléviseur Elactron 85 "" QLED Smart Android ts8531as",tv,Téléviseurs,943000,tv,jour,"85""","Type: QLED | Taille: 85 pouces | Fonctions: Smart, Android TV | Garantie: 12 mois",images/TVELA85-LA85S01-1.jpg,images/TVELA85-LA85S01-1.jpg,oui,"Ce téléviseur QLED de 85 pouces offre une image Ultra HD 4K et intègre le système d'exploitation Android avec connectivité sans fil.

Points forts
• Immense écran QLED de 85 pouces
• Résolution Ultra HD 4K
• Système Android avec WiFi et Bluetooth

Caractéristiques
Type Produit : Téléviseur Smart
Type d'écran : QLED
Taille : 85 pouces
Résolution : Ultra HD 4K
Système d'exploitation : Android
Connectivité : WiFi + Bluetooth"
TVFIN65-65UQR65,Finix,"Téléviseur Finix 65 "" Smart Android 4K 65uqr684s",tv,Téléviseurs,267000,tv,jour,"65""","Type: LED | Taille: 65 pouces | Fonctions: Smart, Android TV | Résolution: 4K UHD | Garantie: 12 mois",images/TVFIN65-65UQR65-3.png,images/TVFIN65-65UQR65-3.png;images/TVFIN65-65UQR65-1.png;images/TVFIN65-65UQR65-2.png,oui,"Ce téléviseur Finix de 65 pouces offre une image en résolution 4K UHD. Il intègre les fonctions Smart et Android TV pour vos programmes.

Points forts
• Grand écran de 65 pouces
• Résolution 4K UHD
• Fonctions Smart et Android TV
• Technologie d'affichage LED

Caractéristiques
Type : LED
Taille : 65 pouces
Résolution : 4K UHD
Fonctions : Smart, Android TV"
TVFIN75-UQR684S,Finix,"Téléviseur Finix 75 "" Smart Android 4K 75uqr684s",tv,Téléviseurs,437000,tv,jour,"75""","Type: LED | Taille: 75 pouces | Fonctions: Smart, Android TV | Résolution: 4K UHD | Garantie: 12 mois",images/TVFIN75-UQR684S-1.png,images/TVFIN75-UQR684S-1.png;images/TVFIN75-UQR684S-2.png,oui,"Profitez d'un grand affichage avec ce téléviseur Finix de 75 pouces. Il dispose de la résolution 4K UHD et des fonctionnalités Android TV.

Points forts
• Grand écran de 75 pouces
• Résolution 4K UHD
• Fonctions Smart et Android TV
• Technologie d'affichage LED

Caractéristiques
Type : LED
Taille : 75 pouces
Résolution : 4K UHD
Fonctions : Smart, Android TV"
TVHIS100-100Q7Q,Hisense,"Téléviseur Hisense 100 "" Smart 4K QLED vidaa quantum dot 100q7q",tv,Téléviseurs,1552000,tv,jour,"100""",Type: QLED | Taille: 100 pouces | Fonctions: Smart | Résolution: 4K UHD | Garantie: 12 mois,images/TVHIS100-100Q7Q-1.png,images/TVHIS100-100Q7Q-1.png;images/TVHIS100-100Q7Q-4.png;images/TVHIS100-100Q7Q-2.png;images/TVHIS100-100Q7Q-3.png,oui,"Ce téléviseur Hisense de 100 pouces utilise la technologie QLED avec la résolution 4K UHD et des fonctions Smart.

Points forts
• Écran géant de 100 pouces
• Technologie QLED quantum dot
• Résolution 4K UHD
• Fonctions Smart

Caractéristiques
Type : QLED
Taille : 100 pouces
Résolution : 4K UHD
Fonctions : Smart"
TVHIS100-U1007K,Hisense,"Téléviseur Hisense 100 "" Smart vida uled quantum dot 4K 100u7k",tv,Téléviseurs,1927000,tv,jour,"100""",Type: LED | Taille: 100 pouces | Fonctions: Smart | Résolution: 4K UHD | Garantie: 12 mois,images/TVHIS100-U1007K-2.png,images/TVHIS100-U1007K-2.png;images/TVHIS100-U1007K-3.png;images/TVHIS100-U1007K-1.png;images/TVHIS100-U1007K-4.png,oui,"Ce téléviseur Smart TV Hisense de 100 pouces combine la technologie Quantum Dot et la résolution 4K UHD avec le système Vidaa U 7.0.

Points forts
• Écran géant de 100 pouces
• Système d'exploitation Vidaa u 7.0 avec applications
• Compatibilité Dolby Vision et Dolby Atmos
• Connectivité Bluetooth intégrée

Caractéristiques
Type de produit : Téléviseur Smart TV (Laser TV)
Ecran : 100 pouces (254 Cm)
Système d'exploitation : Vidaa u 7.0
Image : Dolby vision
Audio : Dolby atmos
Bluetooth : Oui"
TVHIS11-116UXUL,Hisense,"Téléviseur Hisense 116 "" uled quantum dot 4K egb-mini-LED ai 116ux",tv,Téléviseurs,12352000,tv,jour,"116""",Type: LED | Taille: 116 pouces | Résolution: 4K UHD | Garantie: 12 mois,images/TVHIS11-116UXUL-2.png,images/TVHIS11-116UXUL-2.png;images/TVHIS11-116UXUL-5.png;images/TVHIS11-116UXUL-3.png;images/TVHIS11-116UXUL-1.png;images/TVHIS11-116UXUL-4.png,oui,"Ce téléviseur Hisense de 116 pouces propose un affichage ULED Quantum Dot en résolution 4K UHD avec mini-LED et IA.

Points forts
• Écran très grand format de 116 pouces
• Résolution 4K UHD
• Technologie ULED Quantum Dot et mini-LED
• Type LED

Caractéristiques
Type : LED
Taille : 116 pouces
Résolution : 4K UHD"
TVHIS32-32A5200,Hisense,"Téléviseur Hisense 32 "" LED 32a5200fs",tv,Téléviseurs,67000,tv,jour,"32""",Type: LED | Taille: 32 pouces | Garantie: 12 mois,images/TVHIS32-32A5200-1.jpg,images/TVHIS32-32A5200-1.jpg,oui,"Ce téléviseur LED Hisense de 32 pouces offre une résolution adaptée pour vos programmes quotidiens et dispose de plusieurs connectiques.

Points forts
• Écran de 32 pouces
• Résolution de 1366x768 pixels
• Deux ports HDMI et un port USB
• Poids léger de 4.4 kg

Caractéristiques
Type : LED
Taille écran : 32 pouces (81 cm)
Résolution : 1366x768 Pixels
Haut-parleurs : 2x7 Watts
HDMI : x2
USB : x1
Poids : 4.4 kg"
TVHIS32-B6700SM,Hisense,"Téléviseur Hisense 32 "" LED Smart vidaa a4 32a4gs/32a4k",tv,Téléviseurs,72500,tv,jour,"32""",Type: LED | Taille: 32 pouces | Fonctions: Smart | Résolution: 4K UHD | Garantie: 12 mois,images/TVHIS32-B6700SM-1.jpg,images/TVHIS32-B6700SM-1.jpg,oui,"Ce téléviseur LED de 32 pouces est idéal pour visionner vos films, vidéos et matchs avec de belles couleurs et un maximum de détails.

Points forts
• Ecran de 32 pouces soit 82 cm
• Résolution de 1366 x 768 pixels
• Fonction Smart TV

Caractéristiques
Type d'écran : LED
Taille de l'écran : 32 pouces (82 cm)
Fonctions : Smart
Résolution : 4K UHD
Résolution d'affichage : 1366 x 768 pixels"
TVHIS40-LED40A4,Hisense,"Téléviseur Hisense 40 "" LED Smart vidaa 40a4k",tv,Téléviseurs,105500,tv,jour,"40""",Type: LED | Taille: 40 pouces | Fonctions: Smart | Résolution: 4K UHD | Garantie: 12 mois,images/TVHIS40-LED40A4-2.png,images/TVHIS40-LED40A4-2.png;images/TVHIS40-LED40A4-5.png;images/TVHIS40-LED40A4-3.png;images/TVHIS40-LED40A4-1.jpg;images/TVHIS40-LED40A4-4.png,oui,"Profitez de vos programmes préférés sur ce téléviseur LED intelligent de 40 pouces doté d'un écran sans bord.

Points forts
• Ecran sans bord de 40 pouces
• Résolution Full HD
• Connectique HDMI et USB intégrée

Caractéristiques
Type d'écran : LED
Taille de l'écran : 40 pouces (100 cm)
Fonctions : Smart
Résolution : 4K UHD
Résolution d'écran : Full HD
Technologie d'affichage : Direct LED
Ports HDMI : 2
Ports USB : 2
Tuner : DVB-T2/C/S2
Fréquence dalle : 50 Hz/60 Hz
Ecran sans bord : Oui"
TVHIS40-40A4QLE,Hisense,"Téléviseur Hisense 40 "" LED Smart vidaa 40a4q",tv,Téléviseurs,120000,tv,jour,"40""",Type: LED | Taille: 40 pouces | Fonctions: Smart | Garantie: 12 mois,images/TVHIS40-40A4QLE-1.png,images/TVHIS40-40A4QLE-1.png;images/TVHIS40-40A4QLE-4.png;images/TVHIS40-40A4QLE-2.png;images/TVHIS40-40A4QLE-3.png,oui,"Ce téléviseur LED intelligent de 40 pouces s'intègre facilement dans votre salon pour vos moments de divertissement.

Points forts
• Ecran de 40 pouces
• Fonctionnalité Smart TV

Caractéristiques
Type d'écran : LED
Taille de l'écran : 40 pouces
Fonctions : Smart"
TVHIS43-434GS00,Hisense,"Téléviseur Hisense 43 "" LED Smart vidaa 4K 43a4q",tv,Téléviseurs,125000,tv,jour,"43""",Type: LED | Taille: 43 pouces | Fonctions: Smart | Résolution: 4K UHD | Garantie: 12 mois,images/TVHIS43-434GS00-1.jpg,images/TVHIS43-434GS00-1.jpg,oui,"Ce téléviseur LED Smart de 43 pouces vous offre un accès direct à vos applications de streaming et chaînes numériques.

Points forts
• Système opérationnel VIDAA Smart
• Accès direct à Netflix et YouTube
• Connectivité Wi-Fi Direct

Caractéristiques
Type d'écran : LED
Taille de l'écran : 43 pouces
Fonctions : Smart
Résolution : 4K UHD
Système d'exploitation : VIDAA Smart
Wi-Fi : Wi-Fi Direct
Ports HDMI : 3
Ports USB 2.0 : 2
Diffusion numérique : DVB-T2
Amélioration audio : DTS
Puissance audio : 7W x2"
TVHIS50-50A4QLE,Hisense,"Téléviseur Hisense 50 "" LED Smart vida UHD 50a4q",tv,Téléviseurs,161500,tv,jour,"50""",Type: LED | Taille: 50 pouces | Fonctions: Smart | Résolution: 4K UHD | Garantie: 12 mois,images/TVHIS50-50A4QLE-3.png,images/TVHIS50-50A4QLE-3.png;images/TVHIS50-50A4QLE-1.jpg;images/TVHIS50-50A4QLE-4.png;images/TVHIS50-50A4QLE-2.png;images/TVHIS50-50A4QLE-5.png,oui,"Ce téléviseur LED de 50 pouces avec écran sans bord vous permet de profiter de vos applications et contenus multimédias en Full HD.

Points forts
• Grand écran de 50 pouces sans bord
• Accès aux applications Netflix, Youtube et Prime Video
• Compatible Dolby Audio

Caractéristiques
Type d'écran : LED
Taille de l'écran : 50 pouces
Fonctions : Smart
Résolution : 4K UHD
Résolution d'affichage : Full HD
Technologie d'affichage : Direct LED
Classe énergétique SDR : F
Alimentation : 240V – 50Hz/60Hz
Fréquence : 50 Hz/60 Hz
Ports HDMI : 2
Ports USB : 2
Tuner : DVB-T2/C/S2
Ecran sans bord : Oui"
TVHIS50-50A6KUH,Hisense,"Téléviseur Hisense 50 "" LED Smart vida UHD 50a6n",tv,Téléviseurs,192000,tv,jour,"50""",Type: LED | Taille: 50 pouces | Fonctions: Smart | Résolution: 4K UHD | Garantie: 12 mois,images/TVHIS50-50A6KUH-1.jpg,images/TVHIS50-50A6KUH-1.jpg;images/TVHIS50-50A6KUH-4.jpg;images/TVHIS50-50A6KUH-2.jpg;images/TVHIS50-50A6KUH-5.jpg;images/TVHIS50-50A6KUH-3.jpg,oui,"Ce téléviseur LED 4K de 50 pouces offre une image nette et détaillée pour tous vos contenus multimédias.

Points forts
• Résolution 4K UHD
• Rétroéclairage LED direct
• Plusieurs ports HDMI et USB

Caractéristiques
Type d'écran : LED
Taille de l'écran : 50 pouces (126 cm)
Fonctions : Smart
Résolution : 4K UHD
Résolution horizontale x verticale : 3840X2160
Technologie d'affichage : LCD/LED
Source de rétroéclairage : LED directe
Fréquence de rafraîchissement : 60 Hz
Luminosité : 300
Rapport de contraste : 5000:1
Angle de vision : 178/178 degrés
Ports HDMI : 3
Ports USB 2.0 : 2
Sortie audio numérique optique : 1"
TVHIS55-VI55A6H,Hisense,"Téléviseur Hisense 55 "" Smart QLED UHD 4K 55q6q",tv,Téléviseurs,232000,tv,jour,"55""",Type: QLED | Taille: 55 pouces | Fonctions: Smart | Résolution: 4K UHD | Garantie: 12 mois,images/TVHIS55-VI55A6H-1.jpg,images/TVHIS55-VI55A6H-1.jpg;images/TVHIS55-VI55A6H-2.jpg,oui,"Ce téléviseur intelligent de 55 pouces offre une résolution 4K UHD pour vos programmes. Il intègre Google TV et des technologies d'image avancées.

Points forts
• Résolution 4K UHD de 3840x2160 pixels
• Assistant Google et télécommande vocale intégrés
• Compatibilité Dolby Vision HDR et HDR10
• Système audio avec technologie DTS Virtual:X

Caractéristiques
Type d'écran : LCD QLED
Taille de l'écran : 55 pouces
Smart TV : Oui
Résolution : 3840x2160p
Format d'affichage : 16:9
Fréquence de rafraîchissement : 60 Hz
Puissance audio : 8 W x 2
Connectique HDMI : 3 ports
Connectique USB : 2 ports (2.0)
Ethernet : Oui"
TVHIS58-58A6KHI,Hisense,"Téléviseur Hisense 58 "" LED UHD 4K Smart vidaa 58a6n",tv,Téléviseurs,301500,tv,jour,"58""",Type: LED | Taille: 58 pouces | Fonctions: Smart | Résolution: 4K UHD | Garantie: 12 mois,images/TVHIS58-58A6KHI-1.jpg,images/TVHIS58-58A6KHI-1.jpg;images/TVHIS58-58A6KHI-4.png;images/TVHIS58-58A6KHI-2.png;images/TVHIS58-58A6KHI-5.png;images/TVHIS58-58A6KHI-3.png,oui,"Profitez d'un grand écran 4K Ultra HD de 58 pouces avec ce téléviseur intelligent. Il intègre des fonctionnalités connectées et un son enveloppant.

Points forts
• Affichage 4K Ultra HD
• Compatibilité HDR étendue avec Dolby Vision et HDR10+
• Mode Jeu Auto ALLM intégré
• Wi-Fi double bande et Airplay 2

Caractéristiques
Type d'écran : LED
Taille de l'écran : 58 pouces
Smart TV : Oui
Résolution : 4K Ultra HD
Effet surround : Oui
Connectique HDMI : 3 ports
Connectique USB : 2 ports"
TVHIS65-65A6HLD,Hisense,"Téléviseur Hisense 65 "" LED Smart UHD 4K vidaa QLED quantum dot 65q6q",tv,Téléviseurs,320600,tv,jour,"65""",Type: QLED | Taille: 65 pouces | Fonctions: Smart | Résolution: 4K UHD | Garantie: 12 mois,images/TVHIS65-65A6HLD-2.jpg,images/TVHIS65-65A6HLD-2.jpg;images/TVHIS65-65A6HLD-5.jpg;images/TVHIS65-65A6HLD-3.jpg;images/TVHIS65-65A6HLD-1.jpg;images/TVHIS65-65A6HLD-4.jpg,oui,"Ce téléviseur 65 pouces combine une image 4K UHD détaillée et un système intelligent complet. Il convient pour le divertissement à domicile.

Points forts
• Grand écran plat de 65 pouces
• Résolution 4K avec traitement HDR varié
• Wi-Fi double bande et Bluetooth intégrés
• Fonctions de contrôle parental et réduction de bruit

Caractéristiques
Type d'écran : LCD à rétroéclairage LED QLED
Taille de l'écran : 65 pouces
Smart TV : Oui
Résolution : 3840x2160
Format d'affichage : 16:9
Temps de réponse : 8 ms
Connectique HDMI : Oui
Connectique USB : 2 ports (USB 2.0)
Ethernet : Oui"
TVHIS65-65A6QQL,Hisense,"Téléviseur Hisense 65 "" LED Smart vidaa QLED 4K 65a6q",tv,Téléviseurs,362000,tv,jour,"65""",Type: QLED | Taille: 65 pouces | Fonctions: Smart | Résolution: 4K UHD | Garantie: 12 mois,images/TVHIS65-65A6QQL-3.png,images/TVHIS65-65A6QQL-3.png;images/TVHIS65-65A6QQL-1.png;images/TVHIS65-65A6QQL-2.png,oui,"Découvrez ce téléviseur intelligent VIDAA de 65 pouces doté de technologies d'optimisation d'image et d'une commande vocale.

Points forts
• Système intelligent VIDAA avec commande vocale
• Upscaler IA 4K et mouvement fluide
• Mode Jeu PLUS 60 Hz avec barre de jeux
• Son Dolby Audio

Caractéristiques
Type d'écran : QLED
Taille de l'écran : 65 pouces
Smart TV : Oui
Résolution : 4K UHD
Dimensions : 145 x 83 cm"
TVHIS65-65U7HUL,Hisense,"Téléviseur Hisense 65 "" uled Smart vidaa quantum dot 4K 65u7n",tv,Téléviseurs,557000,tv,jour,"65""",Type: LED | Taille: 65 pouces | Fonctions: Smart | Résolution: 4K UHD | Garantie: 12 mois,images/TVHIS65-65U7HUL-1.jpg,images/TVHIS65-65U7HUL-1.jpg,oui,"Ce téléviseur ULED de 65 pouces offre des performances visuelles avancées avec un taux de rafraîchissement élevé pour vos contenus.

Points forts
• Technologie Quantum Dot et gradation locale
• Fréquence de 120 Hz avec Ultra-Mouvement
• Compatibilité Dolby Vision IQ et HDR 10+ adaptatif
• Mode de jeu Pro et télécommande vocale

Caractéristiques
Type d'écran : LED ULED
Taille de l'écran : 65 pouces
Smart TV : Oui
Résolution : 4K UHD"
TVHIS65-65MR6DE,Hisense,"Téléviseur Hisense 65 "" whiteboard Smart UHD 4K tactil 65mr6de",tv,Téléviseurs,301500,tv,jour,"65""",Type: LED | Taille: 65 pouces | Fonctions: Smart | Résolution: 4K UHD | Garantie: 12 mois,images/TVHIS65-65MR6DE-3.png,images/TVHIS65-65MR6DE-3.png;images/TVHIS65-65MR6DE-1.png;images/TVHIS65-65MR6DE-4.png;images/TVHIS65-65MR6DE-2.png;images/TVHIS65-65MR6DE-5.png,oui,"Cet écran interactif avancé de 65 pouces intègre une caméra 4K et des fonctionnalités tactiles pour vos présentations ou usages professionnels.

Points forts
• Écran tactile infrarouge jusqu'à 20 points
• Caméra 4K intégrée
• Verre antireflet de protection
• Système d'exploitation Android 13.0

Caractéristiques
Type d'écran : Tactile
Taille de l'écran : 65 pouces
Système d'exploitation : Android 13.0
Précision tactile : 90% (± 1 mm)
Bluetooth : BT5.1
Dimensions : 1488 x 935 x 122 mm"
TVHIS75-75A6QQ1,Hisense,"Téléviseur Hisense 75 "" LED Smart vidaa 4K UHD 75a6q",tv,Téléviseurs,477300,tv,jour,"75""",Type: LED | Taille: 75 pouces | Fonctions: Smart | Résolution: 4K UHD | Garantie: 12 mois,images/TVHIS75-75A6QQ1-3.png,images/TVHIS75-75A6QQ1-3.png;images/TVHIS75-75A6QQ1-1.png;images/TVHIS75-75A6QQ1-4.png;images/TVHIS75-75A6QQ1-2.png;images/TVHIS75-75A6QQ1-5.png,oui,"Ce téléviseur LED de 75 pouces offre une résolution 4K UHD pour vos programmes. Il intègre des fonctions connectées et un système audio adapté au divertissement à la maison.

Points forts
• Resolution Ultra HD 4K de 3840 x 2160 pixels
• Compatibilite avec les formats HDR10, HDR10+, HDR HLG et Dolby Vision
• Fonctions Smart TV avec Wi-Fi, Bluetooth et acces Internet
• Assistants vocaux Vidaa Voice et Alexa integres
• Systeme audio stereo de 30 W RMS

Caractéristiques
Type : LED
Taille de l'ecran : 75 pouces
Resolution : 4K UHD
Frequence : 50/60Hz
Puissance audio : 30 W RMS
Connectivite : Wi-Fi, Bluetooth
Classe energetique : E / G (HDR)"
TVHIS75-75U7SUL,Hisense,"Téléviseur Hisense 75 "" uled quantum Smart 4K vidaa 75u7s",tv,Téléviseurs,519000,tv,jour,"75""",Type: LED | Taille: 75 pouces | Fonctions: Smart | Résolution: 4K UHD | Garantie: 12 mois,images/TVHIS75-75U7SUL-1.jpg,images/TVHIS75-75U7SUL-1.jpg;images/TVHIS75-75U7SUL-4.png;images/TVHIS75-75U7SUL-2.png;images/TVHIS75-75U7SUL-3.png,oui,"Profitez de vos contenus sur ce téléviseur 75 pouces doté des technologies ULED et Quantum Dot. Il combine une image 4K UHD avec le système Smart Vidaa.

Points forts
• Technologie d'affichage ULED et Quantum Dot
• Resolution 4K UHD
• Compatibilité HDR10+ et Dolby Vision
• Audio Dolby Atmos
• Systeme d'exploitation VIDAA

Caractéristiques
Type : LED
Taille de l'ecran : 75 pouces
Technologie d'affichage : ULED, Quantum Dot
Resolution : 4K UHD
Dimensions : 1675 x 1040 x 88 mm
Connectivite : HDMI, USB, Wi-Fi, Bluetooth"
TVHIS75-75MR6DE,Hisense,"Téléviseur Hisense 75 "" whiteboard Smart UHD 4K tactil 75mr6de",tv,Téléviseurs,519000,tv,jour,"75""",Type: LED | Taille: 75 pouces | Fonctions: Smart | Résolution: 4K UHD | Garantie: 12 mois,images/TVHIS75-75MR6DE-1.png,images/TVHIS75-75MR6DE-1.png;images/TVHIS75-75MR6DE-4.png;images/TVHIS75-75MR6DE-2.png;images/TVHIS75-75MR6DE-5.png;images/TVHIS75-75MR6DE-3.png,oui,"Cet écran tactile commercial de 75 pouces est conçu pour un usage interactif. Il dispose d'une surface protégée et d'un affichage en résolution 4K UHD.

Points forts
• Ecran tactile infrarouge prenant en charge jusqu'a 20 points
• Verre antireflet pour la protection de la surface
• Commande vocale et prise en charge des applications
• Type de montage mural ou sur support avec roulette

Caractéristiques
Type : LED
Taille de l'ecran : 75 pouces
Resolution : 4K UHD
Type d'ecran : Commercial tactile
Dimensions : 171 x 12,6 x 106 cm
Courbure : Plat"
TVHIS75-75Q6NQL,Hisense,Téléviseur Hisense 75' LED Smart vidaa 4K QLED quantum dot 75q6q,tv,Téléviseurs,545000,tv,jour,"75""",Type: QLED | Taille: 75 pouces | Fonctions: Smart | Résolution: 4K UHD | Garantie: 12 mois,images/TVHIS75-75Q6NQL-2.png,images/TVHIS75-75Q6NQL-2.png;images/TVHIS75-75Q6NQL-3.png;images/TVHIS75-75Q6NQL-1.jpg,oui,"Ce téléviseur QLED de 75 pouces intègre la technologie Quantum Dot et le système Smart Vidaa pour un accès simplifié à vos contenus 4K UHD.

Points forts
• Technologie QLED 4K
• Systeme Smart VIDAA

Caractéristiques
Type : QLED
Taille de l'ecran : 75 pouces
Resolution : 4K UHD
Fonctions : Smart"
TVHIS85-85Q6NQL,Hisense,"Téléviseur Hisense 85 "" LED Smart vidaa 4K QLED quantum dot 85q6q/n",tv,Téléviseurs,946000,tv,jour,"85""",Type: QLED | Taille: 85 pouces | Fonctions: Smart | Résolution: 4K UHD | Garantie: 12 mois,images/TVHIS85-85Q6NQL-2.png,images/TVHIS85-85Q6NQL-2.png;images/TVHIS85-85Q6NQL-3.png;images/TVHIS85-85Q6NQL-1.jpg;images/TVHIS85-85Q6NQL-4.png,oui,"Grand téléviseur intelligent QLED de 85 pouces offrant une image en résolution 4K UHD. Il intègre des technologies d'optimisation d'image et des fonctions connectées.

Points forts
• Technologie Quantum Dot
• Convertisseur ascendant IA 4K
• Prise en charge de Dolby Vision et Dolby Atmos
• Mode de jeu PLUS et taux de rafraichissement eleve
• Controle vocal VIDAA

Caractéristiques
Type : QLED
Taille de l'ecran : 85 pouces
Resolution : 4K UHD
Fonctions : Smart
Taux de rafraichissement : 120 Hz"
TVHIS85-LE85U7H,Hisense,"Téléviseur Hisense 85 "" LED Smart vidaa 4K quantum dot 85u7h",tv,Téléviseurs,1030800,tv,jour,"85""",Type: LED | Taille: 85 pouces | Fonctions: Smart | Résolution: 4K UHD | Garantie: 12 mois,images/TVHIS85-LE85U7H-2.png,images/TVHIS85-LE85U7H-2.png;images/TVHIS85-LE85U7H-5.png;images/TVHIS85-LE85U7H-3.png;images/TVHIS85-LE85U7H-1.jpg;images/TVHIS85-LE85U7H-4.png,oui,"Ce téléviseur ULED de 85 pouces propose une résolution 4K UHD et un affichage grand format adapté aux grands espaces. Il intègre des technologies avancées de traitement d'image et de son.

Points forts
• Technologie ULED Quantum avec gradation locale
• Frequence de rafraichissement de 120 Hz
• Compatibilite Dolby Vision IQ et HDR 10+ adaptatif
• Mode de jeu Pro et telecommande vocale mains libres
• Rapport de contraste natif de 4000 : 1

Caractéristiques
Type : LED
Taille de l'ecran : 85 pouces
Resolution : 3840 x 2160
Frequence de rafraichissement : 120 Hz
Luminosite : 400 cd/m2
Rapport de contraste : 4000 : 1"
TVHIS85-85A6NLD,Hisense,"Téléviseur Hisense 85 "" LED Smart vidaa UHD 4K 85a6n",tv,Téléviseurs,770500,tv,jour,"85""",Type: LED | Taille: 85 pouces | Fonctions: Smart | Résolution: 4K UHD | Garantie: 12 mois,images/TVHIS85-85A6NLD-3.png,images/TVHIS85-85A6NLD-3.png;images/TVHIS85-85A6NLD-1.jpg;images/TVHIS85-85A6NLD-4.png;images/TVHIS85-85A6NLD-2.png;images/TVHIS85-85A6NLD-5.png,oui,"Ce téléviseur LED de 85 pouces offre une résolution 4K UHD pour un affichage détaillé. Il intègre des fonctions Smart et un processeur Quad Core.

Points forts
• Définition 4K UHD avec un niveau de détail élevé
• Compatible Dolby Vision et modes jeu VRR et ALLM
• Équipé de trois ports HDMI 2.1 et deux ports USB
• Puissance sonore de 2 x 15 Watts

Caractéristiques
Type : LED
Taille : 85 pouces
Résolution : 4K UHD
Fonctions : Smart
Processeur : Quad Core (x4)
Connectique HDMI : 3 x HDMI 2.1
Connectique USB : 2 x USB
Puissance sonore : 2 x 15 Watts"
TVHIS85-85U7SUL,Hisense,"Téléviseur Hisense 85 "" uled quantum Smart 4K vidaa 85u7s",tv,Téléviseurs,946000,tv,jour,"85""",Type: LED | Taille: 85 pouces | Fonctions: Smart | Résolution: 4K UHD | Garantie: 12 mois,images/TVHIS85-85U7SUL-2.png,images/TVHIS85-85U7SUL-2.png;images/TVHIS85-85U7SUL-3.png;images/TVHIS85-85U7SUL-1.jpg;images/TVHIS85-85U7SUL-4.png,oui,"Ce téléviseur ULED de 85 pouces propose une résolution 4K UHD pour vos programmes. Il dispose de fonctions Smart et d'un son immersif.

Points forts
• Grand écran ULED de 85 pouces soit 215 cm
• Résolution Ultra HD 4K de 3840 x 2160 pixels
• Effet Surround et compatibilité Dolby Atmos
• Prises USB multimédias incluant un port USB 3.0 et un port USB 2.0

Caractéristiques
Type : LED
Technologie : ULED
Taille : 85 pouces (215 cm)
Résolution : 3840 x 2160 (4K UHD)
Fonctions : Smart
Audio : Dolby Atmos, Effet Surround
Connectique USB : 1 x USB 3.0, 1 x USB 2.0"
TVHIS86-86MR6DE,Hisense,"Téléviseur Hisense 86 "" Smart whiteboard UHD 4K tactil 86wm6fea",tv,Téléviseurs,1373000,tv,jour,"86""",Type: LED | Taille: 86 pouces | Fonctions: Smart | Résolution: 4K UHD | Garantie: 12 mois,images/TVHIS86-86MR6DE-1.jpg,images/TVHIS86-86MR6DE-1.jpg;images/TVHIS86-86MR6DE-4.jpg;images/TVHIS86-86MR6DE-2.jpg;images/TVHIS86-86MR6DE-5.jpg;images/TVHIS86-86MR6DE-3.jpg,oui,"Cet écran tactile interactif de 86 pouces fonctionne sous Android 13.0. Il intègre des fonctions Smart et une résolution 4K UHD.

Points forts
• Grand écran de 86 pouces soit 218,44 cm
• Système d'exploitation Android 13.0 avec applications intégrées
• Résolution image UHD 4K
• Connectivité Bluetooth intégrée

Caractéristiques
Type : LED tactile
Taille : 86 pouces (218,44 cm)
Résolution : UHD 4K
Fonctions : Smart, Tactile
Système d'exploitation : Android 13.0
Connectivité : Bluetooth"
TVIBS32-IB003VO,Ibson,"Téléviseur Ibson 32 "" Smart + 2 telecommandes + voice control ib0032f25s",tv,Téléviseurs,61500,tv,jour,"32""",Type: LED | Taille: 32 pouces | Fonctions: Smart | Garantie: 12 mois,images/TVIBS32-IB003VO-2.jpg,images/TVIBS32-IB003VO-2.jpg;images/TVIBS32-IB003VO-1.jpg,oui,"Ce téléviseur LED de 32 pouces dispose de fonctions Smart. Il est fourni avec deux télécommandes et un contrôle vocal.

Points forts
• Écran LED de 32 pouces
• Fonctions Smart intégrées
• Livré avec deux télécommandes et contrôle vocal

Caractéristiques
Type : LED
Taille : 32 pouces
Fonctions : Smart, Voice control"
TVIBS32-IB0032F,Ibson,"Téléviseur Ibson 32 "" Smart Android + 2 telecommandes ib0032ftu1s/ib0032f25s",tv,Téléviseurs,68500,tv,jour,"32""","Type: LED | Taille: 32 pouces | Fonctions: Smart, Android TV | Garantie: 12 mois",images/TVIBS32-IB0032F-1.jpg,images/TVIBS32-IB0032F-1.jpg,oui,"Ce téléviseur LED de 32 pouces fonctionne sous Android TV et propose des fonctions Smart. Il est livré avec deux télécommandes.

Points forts
• Écran LED de 32 pouces
• Fonctions Smart et Android TV
• Fourni avec deux télécommandes

Caractéristiques
Type : LED
Taille : 32 pouces
Fonctions : Smart, Android TV"
TVIBS32-FT1002S,Ibson,"Téléviseur Ibson 32 "" Smart Android ib32f25s",tv,Téléviseurs,62300,tv,jour,"32""","Type: LED | Taille: 32 pouces | Fonctions: Smart, Android TV | Garantie: 12 mois",images/TVIBS32-FT1002S-1.png,images/TVIBS32-FT1002S-1.png,oui,"Ce téléviseur LED de 32 pouces au design frameless intègre Android TV et des fonctions Smart. Il prend en charge des applications multimédias.

Points forts
• Écran de 32 pouces avec design frameless
• Système Android TV avec accès à Netflix et YouTube
• Connectivité Bluetooth intégrée

Caractéristiques
Type : LED
Taille : 32 pouces (80 cm)
Résolution : HD
Fonctions : Smart, Android, Frameless
Connectivité : Bluetooth"
TVIBS43-IB0043V,Ibson,"Téléviseur Ibson 43 "" Smart + 2 telecommandes + voice controle ib0043fu1v/ib0043f25v",tv,Téléviseurs,102000,tv,jour,"43""",Type: LED | Taille: 43 pouces | Fonctions: Smart | Garantie: 12 mois,images/TVIBS43-IB0043V-1.png,images/TVIBS43-IB0043V-1.png,oui,"Ce téléviseur LED de 43 pouces intègre des fonctions Smart et un contrôle vocal. Il est livré avec deux télécommandes.

Points forts
• Taille d'écran de 43 pouces
• Fonction Smart TV
• Contrôle vocal inclus
• Livré avec deux télécommandes

Caractéristiques
Type d'écran : LED
Taille : 43 pouces
Fonctions : Smart, Contrôle vocal"
TVIBS43-IB0043F,Ibson,"Téléviseur Ibson 43 "" Smart Android + 2 telecommandes ib0043fu1s/ib0043f25s",tv,Téléviseurs,107000,tv,jour,"43""","Type: LED | Taille: 43 pouces | Fonctions: Smart, Android TV | Garantie: 12 mois",images/TVIBS43-IB0043F-3.png,images/TVIBS43-IB0043F-3.png;images/TVIBS43-IB0043F-1.jpg;images/TVIBS43-IB0043F-2.png,oui,"Ce téléviseur LED de 43 pouces fonctionne sous Android TV avec des fonctions Smart. Il est fourni avec deux télécommandes.

Points forts
• Taille d'écran de 43 pouces
• Système Android TV
• Fonction Smart
• Fourni avec deux télécommandes

Caractéristiques
Type d'écran : LED
Taille : 43 pouces
Fonctions : Smart, Android TV"
TVIBS43-IB0043T,Ibson,"Téléviseur Ibson 43 "" Smart Android ib0043f25s",tv,Téléviseurs,98500,tv,jour,"43""","Type: LED | Taille: 43 pouces | Fonctions: Smart, Android TV | Garantie: 12 mois",images/TVIBS43-IB0043T-1.jpg,images/TVIBS43-IB0043T-1.jpg,oui,"Découvrez ce téléviseur LED de 43 pouces doté des fonctionnalités Smart et du système Android TV.

Points forts
• Taille d'écran de 43 pouces
• Système Android TV
• Fonction Smart

Caractéristiques
Type d'écran : LED
Taille : 43 pouces
Fonctions : Smart, Android TV"
TVIBS65-IB0065V,Ibson,"Téléviseur Ibson 65 "" Smart + 2 telecommandes + voice controle ib0065f25v",tv,Téléviseurs,256000,tv,jour,"65""",Type: LED | Taille: 65 pouces | Fonctions: Smart | Garantie: 12 mois,images/TVIBS65-IB0065V-1.jpg,images/TVIBS65-IB0065V-1.jpg,oui,"Ce grand téléviseur LED de 65 pouces propose des fonctions Smart ainsi qu'un contrôle vocal. Deux télécommandes sont incluses.

Points forts
• Grand écran de 65 pouces
• Fonction Smart TV
• Contrôle vocal intégré
• Deux télécommandes fournies

Caractéristiques
Type d'écran : LED
Taille : 65 pouces
Fonctions : Smart, Contrôle vocal"
TVIBS65-SMARTTV,Ibson,"Téléviseur Ibson 65 "" Smart Android ib-0065f25v",tv,Téléviseurs,256000,tv,jour,"65""","Type: LED | Taille: 65 pouces | Fonctions: Smart, Android TV | Garantie: 12 mois",images/TVIBS65-SMARTTV-1.jpg,images/TVIBS65-SMARTTV-1.jpg,oui,"Ce téléviseur LED de 65 pouces intègre les fonctionnalités Smart et le système Android TV pour vos divertissements.

Points forts
• Grand écran de 65 pouces
• Système Android TV
• Fonction Smart

Caractéristiques
Type d'écran : LED
Taille : 65 pouces
Fonctions : Smart, Android TV"
TVIBS75-SMARTTV,Ibson,"Téléviseur Ibson 75 "" Smart Android + 2 telecommandes ib0075f25v",tv,Téléviseurs,405000,tv,jour,"75""","Type: LED | Taille: 75 pouces | Fonctions: Smart, Android TV | Garantie: 12 mois",images/TVIBS75-SMARTTV-1.jpg,images/TVIBS75-SMARTTV-1.jpg,oui,"Profitez d'un très grand écran LED de 75 pouces avec ce téléviseur Smart sous Android TV, livré avec deux télécommandes.

Points forts
• Très grand écran de 75 pouces
• Système Android TV
• Fonction Smart
• Deux télécommandes incluses

Caractéristiques
Type d'écran : LED
Taille : 75 pouces
Fonctions : Smart, Android TV"
TVIBS75-075A25V,Ibson,"Téléviseur Ibson 75 "" Smart Android ib-0075a25v",tv,Téléviseurs,408000,tv,jour,"75""","Type: LED | Taille: 75 pouces | Fonctions: Smart, Android TV | Garantie: 12 mois",images/TVIBS75-075A25V-1.png,images/TVIBS75-075A25V-1.png;images/TVIBS75-075A25V-2.png,oui,"Ce téléviseur LED de 75 pouces intègre les fonctions Smart et Android TV pour un usage multimedia complet directement dans votre salon.

Points forts
• Grande taille d'ecran de 75 pouces
• Technologie d'affichage LED
• Fonctions Smart et Android TV

Caractéristiques
Type : LED
Taille : 75 pouces
Fonctions : Smart, Android TV"
TVIBS75-IB0075F,Ibson,"Téléviseur Ibson 75 "" Smart Android ib0075f11u",tv,Téléviseurs,441000,tv,jour,"75""","Type: LED | Taille: 75 pouces | Fonctions: Smart, Android TV | Garantie: 12 mois",images/TVIBS75-IB0075F-2.jpg,images/TVIBS75-IB0075F-2.jpg;images/TVIBS75-IB0075F-1.jpg,oui,"Profitez de vos contenus favoris sur ce grand téléviseur LED de 75 pouces équipé des fonctionnalités Android TV et Smart.

Points forts
• Grand écran de 75 pouces
• Technologie LED
• Navigation Smart et Android TV

Caractéristiques
Type : LED
Taille : 75 pouces
Fonctions : Smart, Android TV"
TVIBS85-085A25V,Ibson,"Téléviseur Ibson 85 "" Smart Android ib-0085a25v",tv,Téléviseurs,820000,tv,jour,"85""","Type: LED | Taille: 85 pouces | Fonctions: Smart, Android TV | Garantie: 12 mois",images/TVIBS85-085A25V-1.png,images/TVIBS85-085A25V-1.png,oui,"Ce très grand téléviseur LED de 85 pouces propose les fonctions Smart et Android TV pour une expérience visuelle immersive à la maison.

Points forts
• Immense écran de 85 pouces
• Technologie d'affichage LED
• Fonctions Smart et Android TV intégrées

Caractéristiques
Type : LED
Taille : 85 pouces
Fonctions : Smart, Android TV"
TVJY32-SM32000D,Autre marque,"Téléviseur jy 32 "" Smart 3200d",tv,Téléviseurs,61500,tv,jour,"32""",Type: LED | Taille: 32 pouces | Fonctions: Smart | Garantie: 12 mois,images/TVJY32-SM32000D-1.jpg,images/TVJY32-SM32000D-1.jpg,oui,"Ce téléviseur LED de 32 pouces dispose de fonctions Smart et d'une connectique complète pour vos appareils du quotidien.

Points forts
• Écran LED de 32 pouces
• Fonction Smart TV intégrée
• Connectique HDMI et USB 2.0

Caractéristiques
Type : LED
Taille écran : 32 pouces
Fonctions : Smart
Connectique : HDMI / USB 2.0 / AV-in / VGA
Consommation électrique : 145W (max)
Consommation en veille : 0.5W
Alimentation : AC 120V, 60Hz"
TVKON55-KK5500,Autre marque,"Téléviseur konka 55 "" google tv kk5500sug",tv,Téléviseurs,187000,tv,jour,"55""",Type: LED | Taille: 55 pouces | Fonctions: Google TV | Garantie: 12 mois,images/TVKON55-KK5500-1.jpg,images/TVKON55-KK5500-1.jpg,oui,"Ce téléviseur LED de 55 pouces fonctionne sous Google TV pour vous offrir un accès simplifié à vos contenus et applications.

Points forts
• Écran LED de 55 pouces
• Système Google TV intégré

Caractéristiques
Type : LED
Taille : 55 pouces
Fonctions : Google TV"
TVKON65-KK6500,Autre marque,"Téléviseur konka 65 "" google tv + bar de son integre kk6500sug",tv,Téléviseurs,256000,tv,jour,"65""",Type: LED | Taille: 65 pouces | Fonctions: Google TV | Garantie: 12 mois,images/TVKON65-KK6500-3.png,images/TVKON65-KK6500-3.png;images/TVKON65-KK6500-1.jpg;images/TVKON65-KK6500-4.png;images/TVKON65-KK6500-2.png;images/TVKON65-KK6500-5.png,oui,"Ce téléviseur LED de 65 pouces intègre Google TV et une barre de son pour enrichir votre expérience audiovisuelle.

Points forts
• Grand écran de 65 pouces
• Système Google TV
• Barre de son intégrée

Caractéristiques
Type : LED
Taille : 65 pouces
Fonctions : Google TV, Barre de son intégrée"
TVLG32-LP500BPT,LG,"Téléviseur LG 32 "" LED lp500bpta + support lg200065a offert",tv,Téléviseurs,67000,tv,jour,"32""",Type: LED | Taille: 32 pouces | Garantie: 12 mois,images/TVLG32-LP500BPT-3.png,images/TVLG32-LP500BPT-3.png;images/TVLG32-LP500BPT-1.jpg;images/TVLG32-LP500BPT-2.png,oui,"Ce téléviseur LED de 32 pouces offre un affichage haute définition pour vos programmes quotidiens. Il dispose de deux ports HDMI pour brancher vos appareils.

Points forts
• Classe énergétique A
• Deux ports HDMI intégrés
• Écran de 32 pouces

Caractéristiques
Type : LED
Taille de l'écran : 32 pouces (80 cm)
Ports HDMI : 2
Interface vidéo : Composant, HDMI
Consommation en marche : 41 Watt
Consommation annuelle : 60 kWh
Classe énergétique : Classe A
Largeur : 72.8 cm
Hauteur : 43.6 cm
Profondeur : 6.76 cm
Poids : 5 kg"
TVLG32-32LQ630S,LG,"Téléviseur LG 32 "" Smart Android lq630",tv,Téléviseurs,114500,tv,jour,"32""","Type: LED | Taille: 32 pouces | Fonctions: Smart, Android TV | Garantie: 12 mois",images/TVLG32-32LQ630S-1.jpg,images/TVLG32-32LQ630S-1.jpg;images/TVLG32-32LQ630S-4.png;images/TVLG32-32LQ630S-2.png;images/TVLG32-32LQ630S-5.png;images/TVLG32-32LQ630S-3.png,oui,"Ce téléviseur Smart TV de 32 pouces fonctionne sous WebOS 22 et intègre le Wi-Fi ainsi que le Bluetooth. Il permet de profiter de vos contenus avec un son optimisé.

Points forts
• Fonction Smart TV avec WebOS 22
• Connectivités Wi-Fi et Bluetooth 5.0
• Processeur α5 Gen5 AI Processor
• Technologie audio AI Sound Pro et Clear Voice Pro

Caractéristiques
Type : LED
Taille de l'écran : 32 Pouces (80 cm)
Résolution : 1366 × 768 Pixels
Taux de rafraichissement : 60Hz/50Hz
Système d'exploitation : WebOS 22
Processeur : α5 Gen5 AI Processor
Connectivité : HDMI (2), USB (1), Ethernet (1), Wi-Fi, Bluetooth 5.0
Poids : 5.9 kg"
TVLG32-LM367000,LG,"Téléviseur LG 32 "" Smart lm637",tv,Téléviseurs,77000,tv,jour,"32""",Type: LED | Taille: 32 pouces | Fonctions: Smart | Garantie: 12 mois,images/TVLG32-LM367000-1.jpg,images/TVLG32-LM367000-1.jpg;images/TVLG32-LM367000-4.png;images/TVLG32-LM367000-2.png;images/TVLG32-LM367000-3.png,oui,"Ce téléviseur Smart TV de 32 pouces est équipé du Wi-Fi et d'un port Ethernet pour accéder facilement à vos vidéos. Il intègre un processeur Quad Core et la technologie Active HDR.

Points forts
• Smart TV connectée avec Wi-Fi et Ethernet
• Touche dédiée sur la télécommande pour les contenus favoris
• Processeur Quad Core
• Technologie Active HDR

Caractéristiques
Type : LED
Taille de l'écran : 32 pouces (80 cm)
Définition : 1366 x 768 (HD)
Technologie écran : LED/LCD
Taux de rafraichissement : 50Hz
Rétroéclairage : Direct LED
Processeur : Quad Core Processor"
TVLG43-LP5000PV,LG,"Téléviseur LG 43 "" LED lp5000pta",tv,Téléviseurs,135000,tv,jour,"43""",Type: LED | Taille: 43 pouces | Garantie: 12 mois,images/TVLG43-LP5000PV-1.jpg,images/TVLG43-LP5000PV-1.jpg,oui,"Ce téléviseur LED de 43 pouces propose une résolution Full HD pour vos séances de visionnage. Il est équipé de connectivités HDMI et USB.

Points forts
• Écran Full HD de 43 pouces
• Deux ports HDMI et un port USB
• Fonction Resolution Upscaller

Caractéristiques
Type : LED
Taille de l'écran : 43 pouces
Affichage : FULL HD
Résolution : 1920 x 1080 (FHD)
Connectivités : HDMI (2), USB (1), Prise Antenne (1)"
TVLG43-LR60006L,LG,"Téléviseur LG 43 "" LED Smart tv 43lr60006la",tv,Téléviseurs,172500,tv,jour,"43""",Type: LED | Taille: 43 pouces | Fonctions: Smart | Garantie: 12 mois,images/TVLG43-LR60006L-1.png,images/TVLG43-LR60006L-1.png;images/TVLG43-LR60006L-4.png;images/TVLG43-LR60006L-2.png;images/TVLG43-LR60006L-5.png;images/TVLG43-LR60006L-3.png,oui,"Ce téléviseur LED Smart TV de 43 pouces convient pour le divertissement à la maison.

Points forts
• Écran de 43 pouces
• Fonction Smart TV

Caractéristiques
Type : LED
Taille de l'écran : 43 pouces
Fonctions : Smart TV"
TVLG43-43UR7004,LG,"Téléviseur LG 43 "" Smart 4K magic remote ur73006la",tv,Téléviseurs,252800,tv,jour,"43""",Type: LED | Taille: 43 pouces | Fonctions: Smart | Résolution: 4K UHD | Garantie: 12 mois,images/TVLG43-43UR7004-1.jpg,images/TVLG43-43UR7004-1.jpg;images/TVLG43-43UR7004-4.png;images/TVLG43-43UR7004-2.png;images/TVLG43-43UR7004-5.png;images/TVLG43-43UR7004-3.png,oui,"Ce téléviseur Smart TV de 43 pouces affiche une résolution 4K avec prise en charge HDR 10 Pro. Il intègre un système audio de 20W avec DTS Virtual:X.

Points forts
• Résolution 4K avec 4K Active HDR
• Prise en charge des formats HLG et HDR 10 Pro
• Moteur Quad Core 4K Upscaler
• Audio output 20W avec DTS Virtual:X

Caractéristiques
Type : LED
Taille de l'écran : 43 pouces
Résolution : 4K UHD
Fonctions : Smart
Audio output : 20W/2.0ch
Audio : DTS Virtual:X"
TVLG43-UP7550PV,LG,"Téléviseur LG 43 "" Smart 4K up7550pvg",tv,Téléviseurs,263000,tv,jour,"43""",Type: LED | Taille: 43 pouces | Fonctions: Smart | Résolution: 4K UHD | Garantie: 12 mois,images/TVLG43-UP7550PV-1.jpg,images/TVLG43-UP7550PV-1.jpg,oui,"Ce téléviseur intelligent de 43 pouces offre une résolution 4K UHD pour vos programmes et films. Il intègre des technologies connectées et vocales pour un usage quotidien fluide.

Points forts
• Affichage 4K UHD avec HDR10 Pro
• Système webOS Thinq AI avec assistants vocaux
• Connectivité complète incluant Wi-Fi, Bluetooth et ports HDMI
• Processeur quadricœur 4K

Caractéristiques
Taille écran : 43 pouces
Type d'affichage : 4K UHD
Résolution : 3840 x 2160 pixels
Système d'exploitation : webOS Think AI
Connectivités : HDMI (2), USB (1), Wi-Fi, Bluetooth 5.0, Apple AirPlay 2
Classe énergétique : A"
TVLG43-LM6370PV,LG,"Téléviseur LG 43 "" Smart lm6370pva",tv,Téléviseurs,187000,tv,jour,"43""",Type: LED | Taille: 43 pouces | Fonctions: Smart | Garantie: 12 mois,images/TVLG43-LM6370PV-1.jpg,images/TVLG43-LM6370PV-1.jpg,oui,"Profitez d'un téléviseur Full HD de 43 pouces doté de fonctionnalités connectées. Il s'intègre facilement dans votre salon pour vos divertissements multimédias.

Points forts
• Résolution Full HD de 1980 x 1080 pixels
• Système webOS Smart TV
• Audio DTS Virtual X
• Connexions multiples avec ports HDMI et USB

Caractéristiques
Taille écran : 43 pouces (108 cm)
Catégorie : Full HD
Résolution : 1980 x 1080 pixels
Système d'exploitation : webOS Smart TV
Connectivités : HDMI (3), USB (2), Wi-Fi, Bluetooth
Poids : 8,1 kg
Classe énergétique : A"
TVLG49-LK5100PV,LG,"Téléviseur LG 49 "" LED lk5100pvb",tv,Téléviseurs,192500,tv,jour,"49""",Type: LED | Taille: 49 pouces | Garantie: 12 mois,images/TVLG49-LK5100PV-2.png,images/TVLG49-LK5100PV-2.png;images/TVLG49-LK5100PV-3.png;images/TVLG49-LK5100PV-1.png;images/TVLG49-LK5100PV-4.png,oui,"Ce téléviseur LED de 49 pouces propose une image en résolution Full HD accompagnée d'un son Surround. Il dispose d'un tuner pour la réception TV numérique.

Points forts
• Écran LED Full HD de 49 pouces
• Son Virtual Surround avec haut-parleurs de 10 W
• Réception TV numérique terrestre, câble et satellite
• Renforcement des couleurs dynamique

Caractéristiques
Taille : 49 pouces
Type : LED
Résolution : 1920 x 1080 pixels
Réception TV numérique : DVB-T2/C/S2
Connectique : HDMI (2), USB (1)"
TVLG50-50NANO,LG,"Téléviseur LG 50 "" Smart 4K nano cell 50nano75vpa",tv,Téléviseurs,192500,tv,jour,"50""",Type: LED | Taille: 50 pouces | Fonctions: Smart | Résolution: 4K UHD | Garantie: 12 mois,images/TVLG50-50NANO-1.png,images/TVLG50-50NANO-1.png;images/TVLG50-50NANO-4.png;images/TVLG50-50NANO-2.png;images/TVLG50-50NANO-5.png;images/TVLG50-50NANO-3.png,oui,"Ce téléviseur NanoCell de 50 pouces utilise une technologie avancée pour des couleurs pures et précises. Il combine intelligence artificielle et fonctions connectées.

Points forts
• Technologie NanoCell 4K pour des couleurs pures
• Processeur IA a5 4K avec mise à l'échelle
• Interface ThinQ AI avec webOS et télécommande Magic Remote
• Fréquence de rafraîchissement de 50 Hz à 100 Hz

Caractéristiques
Taille : 50 pouces
Type : LED
Résolution : 3840 x 2160
Fréquence de rafraîchissement : 50 Hz / 100 Hz
Alimentation : CA 100~240 V 50-60 Hz"
TVLG50-UP7550PV,LG,"Téléviseur LG 50 "" Smart UHD 4K +telecomande magic remote up7550pvg",tv,Téléviseurs,269000,tv,jour,"50""",Type: LED | Taille: 50 pouces | Fonctions: Smart | Résolution: 4K UHD | Garantie: 12 mois,images/TVLG50-UP7550PV-1.jpg,images/TVLG50-UP7550PV-1.jpg,oui,"Apportez l'expérience du cinéma chez vous avec ce téléviseur intelligent de 50 pouces en résolution 4K. Il donne un accès direct à vos plateformes de streaming favorites.

Points forts
• Résolution 4K UHD avec mode Filmmaker et HDR
• Accès aux applications de streaming comme Netflix, Disney+ et Apple TV
• Expérience visuelle immersive

Caractéristiques
Taille : 50 pouces
Type : LED
Fonctions : Smart"
TVLG50-UM7340PV,LG,"Téléviseur LG 50 "" Smart ur73006la + telecommande magic remote",tv,Téléviseurs,252800,tv,jour,"50""",Type: LED | Taille: 50 pouces | Fonctions: Smart | Garantie: 12 mois,images/TVLG50-UM7340PV-2.png,images/TVLG50-UM7340PV-2.png;images/TVLG50-UM7340PV-5.png;images/TVLG50-UM7340PV-3.png;images/TVLG50-UM7340PV-1.jpg;images/TVLG50-UM7340PV-4.png,oui,"Ce téléviseur 4K UHD de 50 pouces diffuse des images aux couleurs vives et détaillées. Il propose un accès simplifié au streaming grâce à sa conception intelligente.

Points forts
• Technologie 4K HDR10 Pro
• Processeur a5 Gen6 AI 4K
• Streaming intégré avec Netflix et Prime Video
• Taux de rafraîchissement de 50 Hz

Caractéristiques
Taille : 50 pouces
Type : LED / 4K UHD
Taux de rafraîchissement : 50 Hz
Fonctions : Smart"
TVLG55-846QANAN,LG,"Téléviseur LG 55 "" nano cell 1jambe 55nano846qa",tv,Téléviseurs,417950,tv,jour,"55""",Type: LED | Taille: 55 pouces | Garantie: 12 mois,images/TVLG55-846QANAN-1.png,images/TVLG55-846QANAN-1.png;images/TVLG55-846QANAN-4.png;images/TVLG55-846QANAN-2.png;images/TVLG55-846QANAN-5.png;images/TVLG55-846QANAN-3.png,oui,"Ce téléviseur LED de 55 pouces vous permet de profiter de vos programmes avec un grand écran confortable au salon.

Points forts
• Taille d'écran de 55 pouces
• Technologie d'affichage LED

Caractéristiques
Type : LED
Taille : 55 pouces"
TVLG55-55C56LAO,LG,"Téléviseur LG 55 "" OLED 55c56la",tv,Téléviseurs,727000,tv,jour,"55""",Type: OLED | Taille: 55 pouces | Garantie: 12 mois,images/TVLG55-55C56LAO-3.png,images/TVLG55-55C56LAO-3.png;images/TVLG55-55C56LAO-1.png;images/TVLG55-55C56LAO-4.png;images/TVLG55-55C56LAO-2.png;images/TVLG55-55C56LAO-5.png,oui,"Ce téléviseur OLED de 55 pouces offre une belle qualité d'image pour vos divertissements à la maison.

Points forts
• Taille d'écran de 55 pouces
• Technologie d'affichage OLED

Caractéristiques
Type : OLED
Taille : 55 pouces"
TVLG55-D55CS6LA,LG,"Téléviseur LG 55 "" OLED 55cs6la",tv,Téléviseurs,752000,tv,jour,"55""",Type: OLED | Taille: 55 pouces | Garantie: 12 mois,images/TVLG55-D55CS6LA-1.png,images/TVLG55-D55CS6LA-1.png;images/TVLG55-D55CS6LA-2.png;images/TVLG55-D55CS6LA-3.png,oui,"Ce téléviseur OLED de 55 pouces est conçu pour diffuser vos films et émissions avec un grand confort visuel.

Points forts
• Taille d'écran de 55 pouces
• Technologie d'affichage OLED

Caractéristiques
Type : OLED
Taille : 55 pouces"
TVLG55-55OB36LA,LG,"Téléviseur LG 55 "" OLED Smart 4K b36la",tv,Téléviseurs,850000,tv,jour,"55""",Type: OLED | Taille: 55 pouces | Fonctions: Smart | Résolution: 4K UHD | Garantie: 12 mois,images/TVLG55-55OB36LA-2.png,images/TVLG55-55OB36LA-2.png;images/TVLG55-55OB36LA-1.png,oui,"Ce téléviseur Smart OLED 4K de 55 pouces associe une belle résolution à des fonctionnalités connectées pour vos divertissements.

Points forts
• Affichage 4K OLED
• Processeur d'image α7 AI 4K Gen6
• Compatible Dolby Vision, HDR10 et HLG
• Sortie audio de 20W

Caractéristiques
Type : OLED
Taille : 55 pouces
Résolution : 4K UHD
Fonctions : Smart
Fréquence de rafraîchissement : 100 Hz natif
Processeur : α7 AI 4K Gen6
Sortie audio : 20W"
TVLG55-OLED55A1,LG,"Téléviseur LG 55 "" OLED Smart 4K oled55a1pva",tv,Téléviseurs,280000,tv,jour,"55""",Type: OLED | Taille: 55 pouces | Fonctions: Smart | Résolution: 4K UHD | Garantie: 12 mois,images/TVLG55-OLED55A1-3.png,images/TVLG55-OLED55A1-3.png;images/TVLG55-OLED55A1-1.jpg;images/TVLG55-OLED55A1-4.png;images/TVLG55-OLED55A1-2.png;images/TVLG55-OLED55A1-5.png,oui,"Ce téléviseur Smart 4K OLED de 55 pouces intègre des technologies d'intelligence artificielle et un son enveloppant pour vos contenus.

Points forts
• Écran OLED 4K UHD de 55 pouces
• Système d'exploitation webOS ThinQ AI
• Audio Dolby Atmos
• Connectivité Wi-Fi, Bluetooth et ports HDMI

Caractéristiques
Type : OLED
Taille : 55 pouces
Résolution : 3840 x 2160 pixels Ultra 4K
Fonctions : Smart
Processeur principal : α7 Gen4 Processor 4K
Système d'exploitation : webOS Think AI
Audio : Dolby Atmos, Clear Voice III
Connectivité : HDMI, USB, Wi-Fi, Bluetooth 5.0, Apple AirPlay 2, Port Ethernet"
TVLG55-OLED55BX,LG,"Téléviseur LG 55 "" OLED Smart 4K oled55bxpva",tv,Téléviseurs,280000,tv,jour,"55""",Type: OLED | Taille: 55 pouces | Fonctions: Smart | Résolution: 4K UHD | Garantie: 12 mois,images/TVLG55-OLED55BX-1.jpg,images/TVLG55-OLED55BX-1.jpg,oui,"Ce téléviseur Smart 4K OLED de 55 pouces propose des contrastes profonds et des couleurs intenses pour vos sessions de visionnage et de jeux.

Points forts
• Pixels à allumage automatique avec contraste infini
• Processeur α7 de troisième génération
• Compatibilité Dolby Vision IQ et Dolby Atmos
• Prise en charge de NVIDIA G-SYNC

Caractéristiques
Type : OLED
Taille : 55 pouces
Résolution : 4K UHD
Fonctions : Smart
Processeur : α7 de troisième génération"
TVLG55-OLED55C1,LG,"Téléviseur LG 55 "" OLED Smart 4K oled55c1",tv,Téléviseurs,825000,tv,jour,"55""",Type: OLED | Taille: 55 pouces | Fonctions: Smart | Résolution: 4K UHD | Garantie: 12 mois,images/TVLG55-OLED55C1-1.jpg,images/TVLG55-OLED55C1-1.jpg,oui,"Ce téléviseur OLED de 55 pouces offre une résolution 4K UHD ainsi que des technologies d'image et de son avancées pour vos programmes et vos jeux.

Points forts
• Dalle OLED de 55 pouces en résolution 4K UHD
• Compatibilité Dolby Vision, HDR10 et Dolby Atmos
• Fonctions gaming intègrant HDMI 2.1, ALLM et VRR
• Interface fluide et intuitive

Caractéristiques
Type : OLED
Taille : 55 pouces
Résolution : 4K UHD
Fonctions : Smart"
TVLG55-CXPVAOLED,LG,"Téléviseur LG 55 "" OLED Smart 4K oled55cxpva",tv,Téléviseurs,280000,tv,jour,"55""",Type: OLED | Taille: 55 pouces | Fonctions: Smart | Résolution: 4K UHD | Garantie: 12 mois,images/TVLG55-CXPVAOLED-3.jpg,images/TVLG55-CXPVAOLED-3.jpg;images/TVLG55-CXPVAOLED-1.jpg;images/TVLG55-CXPVAOLED-4.jpg;images/TVLG55-CXPVAOLED-2.jpg;images/TVLG55-CXPVAOLED-5.jpg,oui,"Profitez d'un téléviseur OLED de 55 pouces doté d'un écran auto-émissif et d'un processeur performant pour vos divertissements à la maison.

Points forts
• Écran OLED auto-émissif
• Processeur α9 4K Gen 3 AI ThinQ
• Expérience cinématographique et divertissement illimité

Caractéristiques
Type : OLED
Taille : 55 pouces
Résolution : 4K UHD
Fonctions : Smart"
TVLG55-UA85006LA,LG,"Téléviseur LG 55 "" Smart 4K + intelligence artificielle 55ua85006la",tv,Téléviseurs,310000,tv,jour,"55""",Type: LED | Taille: 55 pouces | Fonctions: Smart | Résolution: 4K UHD | Garantie: 12 mois,images/TVLG55-UA85006LA-3.png,images/TVLG55-UA85006LA-3.png;images/TVLG55-UA85006LA-1.jpg;images/TVLG55-UA85006LA-4.png;images/TVLG55-UA85006LA-2.png,oui,"Ce téléviseur LED de 55 pouces propose des fonctions intelligentes pour accéder à vos contenus en résolution 4K UHD.

Points forts
• Écran LED de 55 pouces
• Résolution 4K UHD
• Fonctions Smart

Caractéristiques
Type : LED
Taille : 55 pouces
Résolution : 4K UHD
Fonctions : Smart"
TVLG55-UQ7050PS,LG,"Téléviseur LG 55 "" Smart 4K uq7050psa",tv,Téléviseurs,281900,tv,jour,"55""",Type: LED | Taille: 55 pouces | Fonctions: Smart | Résolution: 4K UHD | Garantie: 12 mois,images/TVLG55-UQ7050PS-1.jpg,images/TVLG55-UQ7050PS-1.jpg;images/TVLG55-UQ7050PS-4.jpg;images/TVLG55-UQ7050PS-2.jpg;images/TVLG55-UQ7050PS-5.jpg;images/TVLG55-UQ7050PS-3.jpg,oui,"Le téléviseur LED de 55 pouces connectable intègre le système Web OS et des options de connectivité pour vos divertissements quotidiens.

Points forts
• Écran LED de 55 pouces
• Fonction d'économie d'énergie
• Connectivité WiFi, HDMI, LAN et USB

Caractéristiques
Type : LED
Taille : 55 pouces
Résolution : 4K UHD
Système d'exploitation : Web OS 3.5
Processeur : Dual core
Connectivité : WiFi, HDMI x2, LAN x1, USB x1
Fonctions : Smart"
TVLG55-UP75006L,LG,"Téléviseur LG 55 "" Smart 4K uq75006lg",tv,Téléviseurs,295000,tv,jour,"55""",Type: LED | Taille: 55 pouces | Fonctions: Smart | Résolution: 4K UHD | Garantie: 12 mois,images/TVLG55-UP75006L-1.jpg,images/TVLG55-UP75006L-1.jpg;images/TVLG55-UP75006L-4.jpg;images/TVLG55-UP75006L-2.jpg;images/TVLG55-UP75006L-5.jpg;images/TVLG55-UP75006L-3.jpg,oui,"Ce téléviseur intelligent de 55 pouces associe une résolution 4K UHD à des modes d'optimisation pour le cinéma et le jeu.

Points forts
• Processeur AI α5 Gen5 4K avec mise à l'échelle
• Plateforme ThinQ AI webOS avec télécommande magique
• Support Active HDR et mode Film Maker
• Fonctions gaming HGiG, ALLM et HDMI 2.0 eARC

Caractéristiques
Type : LED
Taille : 55 pouces
Résolution : 4K UHD
Fonctions : Smart"
TVLG55-UR78006L,LG,"Téléviseur LG 55 "" Smart 4K ur78006lk",tv,Téléviseurs,282800,tv,jour,"55""",Type: LED | Taille: 55 pouces | Fonctions: Smart | Résolution: 4K UHD | Garantie: 12 mois,images/TVLG55-UR78006L-1.jpg,images/TVLG55-UR78006L-1.jpg,oui,"Ce téléviseur Smart TV de 55 pouces intègre des technologies de traitement d'image et un accès direct à vos plateformes de streaming favorites.

Points forts
• Résolution Real 4K et HDR10 Pro
• Processeur 4K α5 Gen6 avec IA
• Plateforme webOS 23 personnalisée
• Plateformes de streaming et application Sports Alert intégrées

Caractéristiques
Type : LED
Taille : 55 pouces
Résolution : 4K UHD
Fonctions : Smart"
TVLG55-UR80506L,LG,"Téléviseur LG 55 "" Smart Android 4K UHD 55ur80506lk",tv,Téléviseurs,330000,tv,jour,"55""","Type: LED | Taille: 55 pouces | Fonctions: Smart, Android TV | Résolution: 4K UHD | Garantie: 12 mois",images/TVLG55-UR80506L-1.png,images/TVLG55-UR80506L-1.png;images/TVLG55-UR80506L-4.png;images/TVLG55-UR80506L-2.png;images/TVLG55-UR80506L-3.png,oui,"Ce téléviseur LED de 55 pouces offre une résolution 4K UHD et intègre les fonctions Smart et Android TV pour vos programmes.

Points forts
• Taille d'écran de 55 pouces
• Résolution 4K UHD
• Fonctions Smart et Android TV

Caractéristiques
Type : LED
Taille : 55 pouces
Résolution : 4K UHD
Fonctions : Smart, Android TV"
TVLG55-55UR781,LG,"Téléviseur LG 55 "" Smart UHD 4K ai 55ur781colk",tv,Téléviseurs,320000,tv,jour,"55""",Type: LED | Taille: 55 pouces | Fonctions: Smart | Résolution: 4K UHD | Garantie: 12 mois,images/TVLG55-55UR781-2.jpg,images/TVLG55-55UR781-2.jpg;images/TVLG55-55UR781-5.png;images/TVLG55-55UR781-3.png;images/TVLG55-55UR781-1.jpg;images/TVLG55-55UR781-4.png,oui,"Ce téléviseur intelligent LED de 55 pouces diffuse vos contenus en résolution 4K UHD.

Points forts
• Téléviseur intelligent
• Résolution 4K UHD
• Taille d'écran de 55 pouces

Caractéristiques
Type : LED
Taille : 55 pouces
Résolution : 4K UHD
Fonctions : Smart"
TVLG55-55UP7550,LG,"Téléviseur LG 55 "" ur73006la/ut73006la pvg 4K +telecomande magic remote",tv,Téléviseurs,340000,tv,jour,"55""",Type: LED | Taille: 55 pouces | Résolution: 4K UHD | Garantie: 12 mois,images/TVLG55-55UP7550-1.jpg,images/TVLG55-55UP7550-1.jpg;images/TVLG55-55UP7550-4.jpg;images/TVLG55-55UP7550-2.jpg;images/TVLG55-55UP7550-5.jpg;images/TVLG55-55UP7550-3.jpg,oui,"Ce téléviseur LED de 55 pouces propose une image 4K UHD avec des couleurs vives et un accès direct aux services de streaming.

Points forts
• Technologie 4K HDR10 Pro
• Processeur a5 Gen6 AI 4K
• ThinQ AI et WebOS
• Streaming intégré (Netflix, Disney+, Apple TV+, LG Channels)

Caractéristiques
Type : LED
Taille : 55 pouces
Résolution : 4K UHD"
TVLG65-LG65TR3D,LG,"Téléviseur LG 65 "" interactif tactil 65tr3dq-baueq",tv,Téléviseurs,346500,tv,jour,"65""",Type: LED | Taille: 65 pouces | Garantie: 12 mois,images/TVLG65-LG65TR3D-3.png,images/TVLG65-LG65TR3D-3.png;images/TVLG65-LG65TR3D-1.png;images/TVLG65-LG65TR3D-4.png;images/TVLG65-LG65TR3D-2.png;images/TVLG65-LG65TR3D-5.png,oui,"Ce téléviseur LED interactif et tactile de 65 pouces est conçu pour un affichage précis en résolution UHD avec de multiples connectiques.

Points forts
• Écran tactile interactif jusqu'à 50 points de contact
• Résolution UHD 3 840 x 2 160
• Système d'exploitation Android 14
• Nombreuses interfaces de connexion HDMI, USB et réseau

Caractéristiques
Type : LED
Taille : 65 pouces
Résolution : 3 840 x 2 160 (UHD)
Luminosité : 400 nits
Points de contact : Max. 50 points
Système d'exploitation : Android 14 (EDLA)
Interfaces entrées : HDMI (3), DP, RGB (VGA), audio, RS-232C, RJ45 (LAN), USB Type-C (2), USB 3.0 Type-A (5), USB 2.0 Type-A
Interfaces sorties : Sortie HDMI, sortie audio, USB tactile (3), RJ45 (LAN)"
TVLG65-Q846NANO,LG,"Téléviseur LG 65 "" nano cell 1jambe 65nano846qa",tv,Téléviseurs,417950,tv,jour,"65""",Type: LED | Taille: 65 pouces | Garantie: 12 mois,images/TVLG65-Q846NANO-3.png,images/TVLG65-Q846NANO-3.png;images/TVLG65-Q846NANO-1.jpg;images/TVLG65-Q846NANO-4.png;images/TVLG65-Q846NANO-2.png,oui,"Ce téléviseur LED Nano Cell de 65 pouces propose un grand format d'affichage pour vos divertissements.

Points forts
• Taille d'écran de 65 pouces
• Technologie Nano Cell

Caractéristiques
Type : LED
Taille : 65 pouces"
TVLG65-D65C56LA,LG,"Téléviseur LG 65 "" OLED 65c56la",tv,Téléviseurs,468000,tv,jour,"65""",Type: OLED | Taille: 65 pouces | Garantie: 12 mois,images/TVLG65-D65C56LA-2.png,images/TVLG65-D65C56LA-2.png;images/TVLG65-D65C56LA-3.png;images/TVLG65-D65C56LA-1.png;images/TVLG65-D65C56LA-4.png,oui,"Ce téléviseur OLED de 65 pouces offre une qualité d'image grand format.

Points forts
• Technologie OLED
• Taille d'écran de 65 pouces

Caractéristiques
Type : OLED
Taille : 65 pouces"
TVLG65-O65CS3VA,LG,"Téléviseur LG 65 "" OLED Smart 4K 65oled65cs",tv,Téléviseurs,1202000,tv,jour,"65""",Type: OLED | Taille: 65 pouces | Fonctions: Smart | Résolution: 4K UHD | Garantie: 12 mois,images/TVLG65-O65CS3VA-2.jpg,images/TVLG65-O65CS3VA-2.jpg;images/TVLG65-O65CS3VA-5.jpg;images/TVLG65-O65CS3VA-3.jpg;images/TVLG65-O65CS3VA-1.jpg;images/TVLG65-O65CS3VA-4.jpg,oui,"Ce téléviseur OLED de 65 pouces offre une résolution 4K Ultra HD et intègre des technologies avancées pour vos programmes et vos jeux.

Points forts
• Écran OLED auto-éclairé avec résolution 4K Ultra HD
• Processeur IA a9 Gen6 et technologies ThinQ AI
• Système webOS 23 avec reconnaissance vocale intelligente
• Télécommande Magic Remote incluse

Caractéristiques
Type : OLED
Taille de l'écran : 65 pouces
Résolution : 4K Ultra HD (3840 x 2160)
Taux de rafraîchissement : 100 Hz Natif
Interface TV : webOS 23
Fonction Smart : Oui"
TELEVISEUR-LG-65-OLED-SMART-4K-OLED65CS6LA,LG,"Téléviseur LG 65 "" OLED Smart 4K oled65cs6la",tv,Téléviseurs,468000,tv,jour,"65""",Type: OLED | Taille: 65 pouces | Fonctions: Smart | Résolution: 4K UHD | Garantie: 12 mois,images/TELEVISEUR-LG-65-OLED-SMART-4K-OLED65CS6LA-3.jpg,images/TELEVISEUR-LG-65-OLED-SMART-4K-OLED65CS6LA-3.jpg;images/TELEVISEUR-LG-65-OLED-SMART-4K-OLED65CS6LA-1.jpg;images/TELEVISEUR-LG-65-OLED-SMART-4K-OLED65CS6LA-4.jpg;images/TELEVISEUR-LG-65-OLED-SMART-4K-OLED65CS6LA-2.jpg;images/TELEVISEUR-LG-65-OLED-SMART-4K-OLED65CS6LA-5.jpg,oui,"Découvrez ce téléviseur OLED de 65 pouces affichant une résolution 4K pour un visionnage de qualité.

Points forts
• Résolution 3840 x 2160 pixels
• Taux de rafraîchissement de 120 Hz
• Contraste avec noir parfait et Pixel Dimming

Caractéristiques
Type : OLED
Taille de l'écran : 65 pouces
Résolution : 3840 x 2160
Taux de rafraîchissement : 120 Hz
HDR : Cinéma HDR
Fonction Smart : Oui"
TVLG65-65UA8500,LG,"Téléviseur LG 65 "" Smart 4K ai + telecommande magic 65ua85006la",tv,Téléviseurs,346500,tv,jour,"65""",Type: LED | Taille: 65 pouces | Fonctions: Smart | Résolution: 4K UHD | Garantie: 12 mois,images/TVLG65-65UA8500-3.png,images/TVLG65-65UA8500-3.png;images/TVLG65-65UA8500-1.png;images/TVLG65-65UA8500-2.png,oui,"Ce téléviseur LED intelligent de 65 pouces propose une résolution 4K UHD et est fourni avec une télécommande magique.

Points forts
• Grand écran de 65 pouces
• Résolution 4K UHD
• Fonction Smart TV

Caractéristiques
Type : LED
Taille de l'écran : 65 pouces
Résolution : 4K UHD
Fonctions : Smart"
TVLG65-65UR7300,LG,"Téléviseur LG 65 "" ur73006la/ut73006la 4K + telecommande magic remote",tv,Téléviseurs,346500,tv,jour,"65""",Type: LED | Taille: 65 pouces | Résolution: 4K UHD | Garantie: 12 mois,images/TVLG65-65UR7300-1.jpg,images/TVLG65-65UR7300-1.jpg,oui,"Ce téléviseur LED de 65 pouces combine une résolution 4K Ultra HD et des fonctionnalités connectées pour vos divertissements à domicile.

Points forts
• Diagonale de 164 cm en résolution 4K Ultra HD
• Fonctionnalités Smart TV avec Wi-Fi et Bluetooth
• Compatibilité avec plusieurs assistants vocaux et services connectés

Caractéristiques
Type : LED
Diagonale : 164 cm (65 pouces)
Résolution : 4K Ultra HD (3840 x 2160)
Fluidité : Dalle 50 Hz
Système Audio : 2.0 de 20 W RMS
Classe énergétique : G"
TVLG70-UP7550PV,LG,"Téléviseur LG 70 "" Smart 4K up7550pvd",tv,Téléviseurs,494200,tv,jour,"70""",Type: LED | Taille: 70 pouces | Fonctions: Smart | Résolution: 4K UHD | Garantie: 12 mois,images/TVLG70-UP7550PV-2.jpg,images/TVLG70-UP7550PV-2.jpg;images/TVLG70-UP7550PV-5.png;images/TVLG70-UP7550PV-3.png;images/TVLG70-UP7550PV-1.jpg;images/TVLG70-UP7550PV-4.png,oui,"Ce téléviseur Smart 4K de 70 pouces offre un affichage éclatant et intègre une plateforme connectée pour vos applications.

Points forts
• Affichage 4K Ultra HD
• Plateforme webOS avec Netflix et Amazon Prime
• Processeur a5 AI 4K et télécommande magique IA ThinQ

Caractéristiques
Type : LED
Taille de l'écran : 70 pouces
Résolution : 4K Ultra HD
Processeur : a5 AI 4K
Fonctions : Smart"
TVLG75-LG5TR3DQ,LG,"Téléviseur LG 75 "" interactif tactil 75tr3dq-baueq",tv,Téléviseurs,597000,tv,jour,"75""",Type: LED | Taille: 75 pouces | Garantie: 12 mois,images/TVLG75-LG5TR3DQ-1.jpg,images/TVLG75-LG5TR3DQ-1.jpg;images/TVLG75-LG5TR3DQ-4.png;images/TVLG75-LG5TR3DQ-2.png;images/TVLG75-LG5TR3DQ-5.png;images/TVLG75-LG5TR3DQ-3.png,oui,"Ce grand écran interactif tactile de 75 pouces est conçu pour des usages multimédias et professionnels.

Points forts
• Grand écran de 75 pouces
• Fonction tactile interactive

Caractéristiques
Type : LED
Taille de l'écran : 75 pouces"
TVLG75-NU840B6L,LG,"Téléviseur LG 75 "" nano cell + magic remote 4K 75nu840b6la",tv,Téléviseurs,681800,tv,jour,"75""",Type: LED | Taille: 75 pouces | Résolution: 4K UHD | Garantie: 12 mois,images/TVLG75-NU840B6L-2.png,images/TVLG75-NU840B6L-2.png;images/TVLG75-NU840B6L-3.png;images/TVLG75-NU840B6L-1.jpg,oui,"Ce téléviseur LED de 75 pouces offre une résolution 4K UHD pour vos programmes et divertissements.

Points forts
• Grande taille d'écran de 75 pouces
• Résolution 4K UHD

Caractéristiques
Type : LED
Taille : 75 pouces
Résolution : 4K UHD"
TVLG75-75NANO76,LG,"Téléviseur LG 75 "" Smart nano cell 766qa",tv,Téléviseurs,722800,tv,jour,"75""",Type: LED | Taille: 75 pouces | Fonctions: Smart | Garantie: 12 mois,images/TVLG75-75NANO76-2.png,images/TVLG75-75NANO76-2.png;images/TVLG75-75NANO76-3.png;images/TVLG75-75NANO76-1.jpg,oui,"Ce téléviseur Nanocell de 75 pouces intègre des fonctionnalités intelligentes et un contrôle vocal pour vos contenus en résolution 4K UHD.

Points forts
• Écran Nanocell UHD de 75 pouces
• Fonctions Smart TV avec WebOS 22
• Contrôle vocal compatible ThinQ, Alexa et Google Assistant
• Optimiseur de jeu avec HDMI 2.0, ALLM et eARC

Caractéristiques
Type : LED
Taille : 75 pouces
Fonctions : Smart
Résolution : 3840*2160
Processeur : α5 Gen5 AI Processor 4K
Plateforme Smart TV : WebOS 22
Poids avec pied : 34,6 Kg"
TVLG75-75UA751C,LG,"Téléviseur LG 75 "" Smart tv 4K UHD 75ua751c",tv,Téléviseurs,642000,tv,jour,"75""",Type: LED | Taille: 75 pouces | Fonctions: Smart | Résolution: 4K UHD | Garantie: 12 mois,images/TVLG75-75UA751C-2.jpg,images/TVLG75-75UA751C-2.jpg;images/TVLG75-75UA751C-3.jpg;images/TVLG75-75UA751C-1.jpg;images/TVLG75-75UA751C-4.jpg,oui,"Ce téléviseur Smart TV LED de 75 pouces propose une résolution 4K UHD pour vos sessions visuelles.

Points forts
• Grand écran de 75 pouces
• Fonctions Smart TV
• Résolution 4K UHD

Caractéristiques
Type : LED
Taille : 75 pouces
Fonctions : Smart
Résolution : 4K UHD"
TVLG82-82UP8000,LG,"Téléviseur LG 82 "" LED Smart 4K 82up80006la",tv,Téléviseurs,901900,tv,jour,"82""",Type: LED | Taille: 82 pouces | Fonctions: Smart | Résolution: 4K UHD | Garantie: 12 mois,images/TVLG82-82UP8000-1.jpg,images/TVLG82-82UP8000-1.jpg;images/TVLG82-82UP8000-4.png;images/TVLG82-82UP8000-2.png;images/TVLG82-82UP8000-5.png;images/TVLG82-82UP8000-3.png,oui,"Ce téléviseur LED intelligent de 82 pouces affiche vos programmes en résolution 4K UHD.

Points forts
• Grand écran LED de 82 pouces
• Résolution 4K UHD
• Mode ALLM pour les jeux vidéo

Caractéristiques
Type : LED
Taille : 82 pouces
Fonctions : Smart
Résolution : 4K UHD
Processeur : α7 Gen4 AI Processor 4K"
TVLG83-83C1PVA0,LG,"Téléviseur LG 83 "" OLED b46la",tv,Téléviseurs,946000,tv,jour,"83""",Type: OLED | Taille: 83 pouces | Garantie: 12 mois,images/TVLG83-83C1PVA0-1.jpg,images/TVLG83-83C1PVA0-1.jpg;images/TVLG83-83C1PVA0-4.png;images/TVLG83-83C1PVA0-2.png;images/TVLG83-83C1PVA0-5.png;images/TVLG83-83C1PVA0-3.png,oui,"Ce téléviseur intelligent OLED de 83 pouces procure une image précise en résolution 4K avec prise en charge de plusieurs formats HDR.

Points forts
• Écran OLED de 83 pouces
• Résolution de 3.840 x 2.160 pixels
• Taux de rafraîchissement de 120 Hz
• Compatibilité Dolby Vision et formats HDR

Caractéristiques
Type : OLED
Taille : 83 pouces
Résolution : 3.840 x 2.160 pixels
Plateforme : WebOS
Taux de rafraîchissement : 120 Hz
Format de l'écran : 16:9"
TVLG86-86TR3DQB,LG,"Téléviseur LG 85 "" interactif tactil 85tr3dq-baueq",tv,Téléviseurs,946000,tv,jour,"85""",Type: LED | Taille: 85 pouces | Garantie: 12 mois,images/TVLG86-86TR3DQB-2.png,images/TVLG86-86TR3DQB-2.png;images/TVLG86-86TR3DQB-5.png;images/TVLG86-86TR3DQB-3.png;images/TVLG86-86TR3DQB-1.jpg;images/TVLG86-86TR3DQB-4.png,oui,"Ce modèle interactif tactile de 85 pouces convient pour un usage professionnel ou éducatif.

Points forts
• Grand écran interactif tactile de 85 pouces

Caractéristiques
Type : LED
Taille : 85 pouces"
TVLG85-85NU840B,LG,"Téléviseur LG 85 "" nano cell + magic remote 4K 85nu840b6la",tv,Téléviseurs,969600,tv,jour,"85""",Type: LED | Taille: 85 pouces | Résolution: 4K UHD | Garantie: 12 mois,images/TVLG85-85NU840B-2.png,images/TVLG85-85NU840B-2.png;images/TVLG85-85NU840B-1.jpg,oui,"Ce téléviseur grand format de 85 pouces offre une image nette en résolution 4K UHD avec la technologie LED et inclut une télécommande magique pour une utilisation simplifiée au quotidien.

Points forts
• Grand écran de 85 pouces
• Résolution 4K UHD
• Technologie d'affichage LED
• Livré avec une magic remote

Caractéristiques
Type : LED
Taille de l'écran : 85 pouces
Résolution : 4K UHD"
TVLG86-QNED81,LG,"Téléviseur LG 86 "" Smart nano cell 86qned816ra",tv,Téléviseurs,1579000,tv,jour,"86""",Type: LED | Taille: 86 pouces | Fonctions: Smart | Garantie: 12 mois,images/TVLG86-QNED81-1.jpg,images/TVLG86-QNED81-1.jpg;images/TVLG86-QNED81-4.jpg;images/TVLG86-QNED81-2.jpg;images/TVLG86-QNED81-5.jpg;images/TVLG86-QNED81-3.jpg,oui,"Ce téléviseur intelligent de 86 pouces intègre la technologie Nano Cell pour vos programmes et s'intègre parfaitement dans votre salon.

Points forts
• Grand écran de 86 pouces
• Fonctions Smart TV
• Technologie Nano Cell

Caractéristiques
Type : LED
Taille de l'écran : 86 pouces
Fonctions : Smart"
TVLG86-UQ80006B,LG,"Téléviseur LG 86 "" Smart UHD 4K 86ur78006lc",tv,Téléviseurs,1579000,tv,jour,"86""",Type: LED | Taille: 86 pouces | Fonctions: Smart | Résolution: 4K UHD | Garantie: 12 mois,images/TVLG86-UQ80006B-3.jpg,images/TVLG86-UQ80006B-3.jpg;images/TVLG86-UQ80006B-1.jpg;images/TVLG86-UQ80006B-2.jpg,oui,"Ce grand téléviseur de 86 pouces propose une image en résolution 4K UHD ainsi que de nombreuses fonctionnalités adaptées aux jeux vidéo et au divertissement.

Points forts
• Immense écran de 86 pouces (217 cm)
• Résolution 4K UHD avec taux de rafraîchissement de 100 Hz
• Processeur vidéo alpha 7 Gen4 AI Processor 4K
• Compatible HDR10, HLG et Dolby Vision IQ
• Optimiseur de jeu et mode ALLM intégrés

Caractéristiques
Taille de l'écran : 86 pouces (217 cm)
Définition : 3840*2160 (4K UHD)
Taux de rafraîchissement : 100 Hz
Technologie écran : LED/LCD
Rétroéclairage : Direct Led
Processeur : α7 Gen4 AI Processor 4K
Fonctions : Smart"
TVMAS43-MS4300S,Autre marque,"Téléviseur maser 43 "" Smart full hd4300s",tv,Téléviseurs,102000,tv,jour,"43""",Type: LED | Taille: 43 pouces | Fonctions: Smart | Garantie: 12 mois,images/TVMAS43-MS4300S-1.jpg,images/TVMAS43-MS4300S-1.jpg,oui,"Ce téléviseur intelligent de 43 pouces de la marque Maser offre une résolution Full HD et un accès direct à vos applications de streaming préférées.

Points forts
• Résolution Full HD 1080p
• Fonction Smart TV avec Netflix et Amazon Prime Video
• Connectivité complète USB, HDMI, Wifi et Hotspot
• Deux haut-parleurs latéraux intégrés

Caractéristiques
Marque : Autre marque
Type de téléviseur : TV intelligente LED
Taille de l'écran : 43 pouces
Couleur : Noir
Résolution : Full HD 1080p
Technologie d'affichage : LED
Taux de rafraîchissement : 120 Hz
Connectivité : USB, HDMI, Wifi et Hotspot"
TVSAM32-UA32H50,Samsung,"Téléviseur Samsung 32 "" Smart ua32h500fuxly",tv,Téléviseurs,77000,tv,jour,"32""",Type: LED | Taille: 32 pouces | Fonctions: Smart | Garantie: 12 mois,images/TVSAM32-UA32H50-3.png,images/TVSAM32-UA32H50-3.png;images/TVSAM32-UA32H50-1.jpg;images/TVSAM32-UA32H50-4.png;images/TVSAM32-UA32H50-2.png;images/TVSAM32-UA32H50-5.png,oui,"Ce téléviseur Samsung de 32 pouces est doté de la technologie LED et de fonctionnalités intelligentes pour un usage familial.

Points forts
• Écran compact de 32 pouces
• Technologie d'affichage LED
• Fonctions Smart TV

Caractéristiques
Type : LED
Taille de l'écran : 32 pouces
Fonctions : Smart"
TVSAM40-N5000AS,Samsung,"Téléviseur Samsung 40 "" ua 40n5000as",tv,Téléviseurs,135000,tv,jour,"40""",Type: LED | Taille: 40 pouces | Garantie: 12 mois,images/TVSAM40-N5000AS-2.png,images/TVSAM40-N5000AS-2.png;images/TVSAM40-N5000AS-5.png;images/TVSAM40-N5000AS-3.png;images/TVSAM40-N5000AS-1.jpg;images/TVSAM40-N5000AS-4.png,oui,"Ce téléviseur Samsung de 40 pouces propose une image Full HD et un système audio de qualité pour profiter de vos programmes.

Points forts
• Écran de 40 pouces avec résolution 1 920 x 1 080
• Moteur d'image Hyper réel
• Sortie sonore de 20W avec Dolby Digital Plus
• Mode film inclus

Caractéristiques
Type de produit : LED
Séries : 5
Taille de l'écran : 40 pouces
Résolution : 1 920 x 1 080
Moteur d'image : Hyper réel
Taux de mouvement : 60 PQI (300)
Sortie sonore : 20W
Mode film : Oui"
TVSAM43-N5300AS,Samsung,"Téléviseur Samsung 43 "" Smart ua 43n5300as",tv,Téléviseurs,135000,tv,jour,"43""",Type: LED | Taille: 43 pouces | Fonctions: Smart | Garantie: 12 mois,images/TVSAM43-N5300AS-1.jpg,images/TVSAM43-N5300AS-1.jpg,oui,"Ce téléviseur LED de 43 pouces intègre des fonctions Smart TV pour accéder à vos contenus en ligne. Il offre une résolution de 1920 x 1080 pixels.

Points forts
• Navigateur Internet inclus pour la navigation web
• Connectivité Wi-Fi Direct et réplication d'écran mobile
• Puissance sonore de 20 W avec technologie Dolby Digital Plus
• Nombreux ports dont 2 HDMI et 1 USB

Caractéristiques
Type : LED
Taille de l'écran : 43 pouces
Résolution : 1920 x 1080
Série : 5
Puissance sonore : 20 W
Fonctions Smart : Navigateur Internet, Wi-Fi Direct, Miroitage
Ports HDMI : 2
Ports USB : 1"
TVSAM43-UA43F60,Samsung,"Téléviseur Samsung 43 "" Smart ua43f6000fuxly",tv,Téléviseurs,161900,tv,jour,"43""",Type: LED | Taille: 43 pouces | Fonctions: Smart | Garantie: 12 mois,images/TVSAM43-UA43F60-2.png,images/TVSAM43-UA43F60-2.png;images/TVSAM43-UA43F60-5.png;images/TVSAM43-UA43F60-3.png;images/TVSAM43-UA43F60-1.jpg;images/TVSAM43-UA43F60-4.png,oui,"Ce téléviseur LED de 43 pouces dispose de fonctionnalités Smart TV pour vos divertissements à la maison.

Points forts
• Écran LED de 43 pouces
• Fonctionnalités Smart TV intégrées

Caractéristiques
Type : LED
Taille : 43 pouces
Fonctions : Smart"
TVSAM43-N5000AS,Samsung,"Téléviseur Samsung 43 "" ua 43n5000as",tv,Téléviseurs,114500,tv,jour,"43""",Type: LED | Taille: 43 pouces | Garantie: 12 mois,images/TVSAM43-N5000AS-1.jpg,images/TVSAM43-N5000AS-1.jpg,oui,"Ce téléviseur LED de 43 pouces propose une image claire en résolution 1920 x 1080 pour le visionnage de vos programmes.

Points forts
• Résolution de 1920 x 1080 pixels
• Moteur d'image Hyper Real
• Puissance sonore de 20 W avec Dolby Digital Plus

Caractéristiques
Type de produit : LED
Série : 5
Taille de l'écran : 43 pouces
Résolution : 1920 x 1080
Puissance en sortie : 20 W"
TVSAM50-UA50UB8,Samsung,"Téléviseur Samsung 50 "" Smart Android ua50u8000fuxly",tv,Téléviseurs,239600,tv,jour,"50""","Type: LED | Taille: 50 pouces | Fonctions: Smart, Android TV | Garantie: 12 mois",images/TVSAM50-UA50UB8-3.png,images/TVSAM50-UA50UB8-3.png;images/TVSAM50-UA50UB8-1.jpg;images/TVSAM50-UA50UB8-4.png;images/TVSAM50-UA50UB8-2.png;images/TVSAM50-UA50UB8-5.png,oui,"Ce téléviseur LED de 50 pouces intègre le système Android TV ainsi que des fonctions Smart pour vos divertissements.

Points forts
• Grand écran de 50 pouces
• Fonctions Smart et Android TV intégrées

Caractéristiques
Type : LED
Taille : 50 pouces
Fonctions : Smart, Android TV"
TELEVISEUR-SAMSUNG-55-4K-UA-55CU7000U,Samsung,"Téléviseur Samsung 55 "" 4K ua 55cu7000u",tv,Téléviseurs,310000,tv,jour,"55""",Type: LED | Taille: 55 pouces | Résolution: 4K UHD | Garantie: 12 mois,images/TELEVISEUR-SAMSUNG-55-4K-UA-55CU7000U-2.jpg,images/TELEVISEUR-SAMSUNG-55-4K-UA-55CU7000U-2.jpg;images/TELEVISEUR-SAMSUNG-55-4K-UA-55CU7000U-3.jpg;images/TELEVISEUR-SAMSUNG-55-4K-UA-55CU7000U-1.jpg,oui,"Ce téléviseur LED de 55 pouces affiche une résolution 4K UHD pour un rendu visuel détaillé et net. Il intègre le processeur Crystal 4K.

Points forts
• Résolution 4K UHD de 3840 x 2160 pixels
• Processeur Crystal 4K pour le traitement d'image
• Compatibilité HDR et HDR 10+
• Technologie de couleur PurColor

Caractéristiques
Taille de l'écran : 55 pouces
Résolution : 3840 x 2160
Moteur d'image : Processeur Crystal 4K
Technologie HDR : HDR, HDR 10+, HLG
Couleur : PurColor"
TVSAM55-UA55M70,Samsung,"Téléviseur Samsung 55 "" mini LED Smart ua55m70hauxly",tv,Téléviseurs,332800,tv,jour,"55""",Type: Mini LED | Taille: 55 pouces | Fonctions: Smart | Garantie: 12 mois,images/TVSAM55-UA55M70-3.png,images/TVSAM55-UA55M70-3.png;images/TVSAM55-UA55M70-1.jpg;images/TVSAM55-UA55M70-4.png;images/TVSAM55-UA55M70-2.png,oui,"Ce téléviseur de 55 pouces est doté de la technologie Mini LED et de fonctionnalités Smart TV.

Points forts
• Technologie d'affichage Mini LED
• Grand écran de 55 pouces
• Fonctionnalités Smart TV

Caractéristiques
Type : Mini LED
Taille : 55 pouces
Fonctions : Smart"
TVSAM55-Q60LEDQ,Samsung,"Téléviseur Samsung 55 "" QLED 4K 55q60d",tv,Téléviseurs,410000,tv,jour,"55""",Type: QLED | Taille: 55 pouces | Résolution: 4K UHD | Garantie: 12 mois,images/TVSAM55-Q60LEDQ-1.jpg,images/TVSAM55-Q60LEDQ-1.jpg,oui,"Ce televiseur QLED de 55 pouces offre une belle qualite d'affichage en resolution 4K. Il integre des fonctions connectees pour acceder facilement a vos services internet et plateformes de streaming.

Points forts
• Affichage QLED en resolution 4K UHD
• Fonctions Smart et Internet integrees
• Connectivite Bluetooth et Wi-Fi
• Services Internet pris en charge comme YouTube

Caractéristiques
Type : QLED
Taille de l'ecran : 55 pouces
Resolution : 4K
Frequence de rafraichissement : 60 Hz
Connectivite : Bluetooth, Wi-Fi
Services internet : YouTube
Type de fixation : Montage sur table
Dimensions : 140.4 x 15.8 x 87.1 cm"
TVSAM55-QA55Q7F,Samsung,"Téléviseur Samsung 55 "" QLED 4K qa55q7faauxly",tv,Téléviseurs,280000,tv,jour,"55""",Type: QLED | Taille: 55 pouces | Résolution: 4K UHD | Garantie: 12 mois,images/TVSAM55-QA55Q7F-1.jpg,images/TVSAM55-QA55Q7F-1.jpg;images/TVSAM55-QA55Q7F-4.png;images/TVSAM55-QA55Q7F-2.png;images/TVSAM55-QA55Q7F-5.png;images/TVSAM55-QA55Q7F-3.png,oui,"Ce televiseur QLED de 55 pouces propose une resolution 4K UHD pour vos programmes et divertissements a la maison.

Points forts
• Technologie d'affichage QLED
• Taille d'ecran de 55 pouces
• Resolution 4K UHD

Caractéristiques
Type : QLED
Taille de l'ecran : 55 pouces
Resolution : 4K UHD"
TVSAM55-55U8072,Samsung,"Téléviseur Samsung 55 "" Smart Android 4K 55u8072",tv,Téléviseurs,320000,tv,jour,"55""","Type: LED | Taille: 55 pouces | Fonctions: Smart, Android TV | Résolution: 4K UHD | Garantie: 12 mois",images/TVSAM55-55U8072-2.png,images/TVSAM55-55U8072-2.png;images/TVSAM55-55U8072-3.png;images/TVSAM55-55U8072-1.png;images/TVSAM55-55U8072-4.png,oui,"Profitez de vos contenus preferes avec ce televiseur LED de 55 pouces dote des fonctions Smart et Android TV en resolution 4K UHD.

Points forts
• Taille d'ecran de 55 pouces
• Resolution 4K UHD
• Fonctions Smart et Android TV

Caractéristiques
Type : LED
Taille de l'ecran : 55 pouces
Resolution : 4K UHD
Fonctions : Smart, Android TV"
TVSAM55-RU71700,Samsung,"Téléviseur Samsung 55 "" Smart Android 4K ua55du7010uxl",tv,Téléviseurs,282800,tv,jour,"55""","Type: LED | Taille: 55 pouces | Fonctions: Smart, Android TV | Résolution: 4K UHD | Garantie: 12 mois",images/TVSAM55-RU71700-2.jpg,images/TVSAM55-RU71700-2.jpg;images/TVSAM55-RU71700-5.jpg;images/TVSAM55-RU71700-3.jpg;images/TVSAM55-RU71700-1.jpg;images/TVSAM55-RU71700-4.jpg,oui,"Ce televiseur Crystal UHD de 55 pouces offre une resolution 4K precise et des technologies d'amelioration de l'image pour un visionnage de qualite.

Points forts
• Resolution 4K de 3840 x 2160 pixels
• Technologie Crystal Processor 4K et PurColor
• Acces Smart TV et Smart Hub
• Technologie d'amelioration de l'image PQI

Caractéristiques
Type : LED
Taille de l'ecran : 55 pouces
Resolution : 3840 x 2160 pixels
Taux de rafraichissement : 50 Hz
Fonctions : Smart, Android TV
Processeur : Crystal Processor 4K"
TVSAM55-UE55TU7,Samsung,"Téléviseur Samsung 55 "" Smart Android 4K ue55au7170u/ue55du7170u",tv,Téléviseurs,300000,tv,jour,"55""","Type: LED | Taille: 55 pouces | Fonctions: Smart, Android TV | Résolution: 4K UHD | Garantie: 12 mois",images/TVSAM55-UE55TU7-1.jpg,images/TVSAM55-UE55TU7-1.jpg;images/TVSAM55-UE55TU7-2.jpg,oui,"Ce televiseur LED de 55 pouces combine une resolution 4K UHD et des fonctionnalites Smart Android pour acceder a vos applications.

Points forts
• Taille d'ecran de 55 pouces
• Resolution 4K UHD
• Fonctions Smart et Android TV

Caractéristiques
Type : LED
Taille de l'ecran : 55 pouces
Resolution : 4K UHD
Fonctions : Smart, Android TV"
TVSAM55-55DU700,Samsung,"Téléviseur Samsung 55 "" Smart Android 4K UHD du7000uxzn",tv,Téléviseurs,299000,tv,jour,"55""","Type: LED | Taille: 55 pouces | Fonctions: Smart, Android TV | Résolution: 4K UHD | Garantie: 12 mois",images/TVSAM55-55DU700-2.jpg,images/TVSAM55-55DU700-2.jpg;images/TVSAM55-55DU700-5.jpg;images/TVSAM55-55DU700-3.jpg;images/TVSAM55-55DU700-1.jpg;images/TVSAM55-55DU700-4.jpg,oui,"Ce televiseur Crystal UHD 4K de 55 pouces integre le systeme d'exploitation Samsung Tizen et un upscaling en 4K pour des images detaillees.

Points forts
• Resolution 4K UHD de 3840 x 2160
• Systeme d'exploitation Samsung Tizen
• Fonction d'upscaling en 4K
• Processeur Crystal 4K

Caractéristiques
Type : LED
Taille de l'ecran : 55 pouces
Resolution : 4K UHD (3840 x 2160)
Systeme d'exploitation : Samsung Tizen
Fonctions : Smart, Android TV
Processeur : Crystal 4K"
TVSAM55-DU7172,Samsung,"Téléviseur Samsung 55 "" Smart Android 55du7172u",tv,Téléviseurs,315000,tv,jour,"55""","Type: LED | Taille: 55 pouces | Fonctions: Smart, Android TV | Garantie: 12 mois",images/TVSAM55-DU7172-3.png,images/TVSAM55-DU7172-3.png;images/TVSAM55-DU7172-1.png;images/TVSAM55-DU7172-4.png;images/TVSAM55-DU7172-2.png;images/TVSAM55-DU7172-5.png,oui,"Ce téléviseur LED de 55 pouces intègre les fonctions Smart et Android TV pour vos divertissements à la maison.

Points forts
• Taille d'écran de 55 pouces
• Technologie d'affichage LED
• Fonctions Smart et Android TV

Caractéristiques
Type : LED
Taille : 55 pouces
Fonctions : Smart, Android TV"
TVSAM55-UA55UB8,Samsung,"Téléviseur Samsung 55 "" Smart Android ua55u8000fkxxt",tv,Téléviseurs,325000,tv,jour,"55""","Type: LED | Taille: 55 pouces | Fonctions: Smart, Android TV | Garantie: 12 mois",images/TVSAM55-UA55UB8-3.png,images/TVSAM55-UA55UB8-3.png;images/TVSAM55-UA55UB8-1.jpg;images/TVSAM55-UA55UB8-4.png;images/TVSAM55-UA55UB8-2.png;images/TVSAM55-UA55UB8-5.png,oui,"Découvrez ce téléviseur LED de 55 pouces doté des fonctionnalités Smart et Android TV.

Points forts
• Taille d'écran de 55 pouces
• Technologie LED
• Fonctions Smart et Android TV

Caractéristiques
Type : LED
Taille : 55 pouces
Fonctions : Smart, Android TV"
TVSAM55-LH55WMB,Samsung,"Téléviseur Samsung 55 "" Smart tactil interactif lh55wmfwbgcxen",tv,Téléviseurs,650000,tv,jour,"55""",Type: LED | Taille: 55 pouces | Fonctions: Smart | Garantie: 12 mois,images/TVSAM55-LH55WMB-2.png,images/TVSAM55-LH55WMB-2.png;images/TVSAM55-LH55WMB-5.png;images/TVSAM55-LH55WMB-3.png;images/TVSAM55-LH55WMB-1.jpg;images/TVSAM55-LH55WMB-4.png,oui,"Ce téléviseur LED tactile interactif de 55 pouces offre des connexions variées et une fonction multi-touch réactive.

Points forts
• Fonction multi-touch avec temps de latence de 26 ms
• Partage d'écran jusqu’à 6 écrans avec SmartView+
• Multiples connectiques dont HDMI, USB Type-C et DP
• Mémoire flash de 32 Go

Caractéristiques
Type : LED
Taille : 55 pouces
Fonctions : Smart, Tactile
Temps de latence : 26 ms
Connectique : HDMI, USB Type-C, USB, DP, WLAN-Screenshare
Entrée HDMI : 2
Entrée DP : 1
Version HDMI : 2
Sortie audio : Stereo Mini Jack
Tactile : Oui
Taille mémoire flash : 32 Go"
TVSAM65-AU65M70,Samsung,"Téléviseur Samsung 65 "" mini LED Smart ua65m70hauxly",tv,Téléviseurs,476800,tv,jour,"65""",Type: Mini LED | Taille: 65 pouces | Fonctions: Smart | Garantie: 12 mois,images/TVSAM65-AU65M70-3.png,images/TVSAM65-AU65M70-3.png;images/TVSAM65-AU65M70-1.png;images/TVSAM65-AU65M70-4.png;images/TVSAM65-AU65M70-2.png,oui,"Ce téléviseur mini LED de 65 pouces dispose de fonctionnalités Smart pour vos programmes.

Points forts
• Grand écran de 65 pouces
• Technologie mini LED
• Fonctions Smart

Caractéristiques
Type : Mini LED
Taille : 65 pouces
Fonctions : Smart"
TVSAM65-QA65SBS,Samsung,"Téléviseur Samsung 65 "" OLED qa65s85faexly",tv,Téléviseurs,468000,tv,jour,"65""",Type: OLED | Taille: 65 pouces | Garantie: 12 mois,images/TVSAM65-QA65SBS-2.png,images/TVSAM65-QA65SBS-2.png;images/TVSAM65-QA65SBS-5.png;images/TVSAM65-QA65SBS-3.png;images/TVSAM65-QA65SBS-1.jpg;images/TVSAM65-QA65SBS-4.png,oui,"Profitez de ce téléviseur OLED de 65 pouces pour un affichage de qualité.

Points forts
• Diagonale de 65 pouces
• Technologie d'écran OLED

Caractéristiques
Type : OLED
Taille : 65 pouces"
TVSAM65-65Q60DD,Samsung,"Téléviseur Samsung 65 "" QLED 4K 65q60d",tv,Téléviseurs,579800,tv,jour,"65""",Type: QLED | Taille: 65 pouces | Résolution: 4K UHD | Garantie: 12 mois,images/TVSAM65-65Q60DD-1.jpg,images/TVSAM65-65Q60DD-1.jpg;images/TVSAM65-65Q60DD-4.jpg;images/TVSAM65-65Q60DD-2.jpg;images/TVSAM65-65Q60DD-5.jpg;images/TVSAM65-65Q60DD-3.jpg,oui,"Ce téléviseur QLED de 65 pouces offre une résolution 4K UHD et des fonctionnalités connectées adaptées au divertissement.

Points forts
• Écran QLED 4K UHD de 65 pouces (165 cm)
• Technologie Quantum HDR
• Fonctions Smart TV et Gaming Hub
• Connectivité WiFi et 3 ports HDMI

Caractéristiques
Type : QLED
Taille : 65 pouces (165 cm)
Résolution : 4K UHD 3840 x 2160
Technologie HDR : Quantum HDR
Fonctions : Smart TV, Gaming Hub
Connectivité : 3 x HDMI, WiFi"
TVSAM65-QA65Q7F,Samsung,"Téléviseur Samsung 65 "" QLED 4K qa65q7faauxly",tv,Téléviseurs,597000,tv,jour,"65""",Type: QLED | Taille: 65 pouces | Résolution: 4K UHD | Garantie: 12 mois,images/TVSAM65-QA65Q7F-3.png,images/TVSAM65-QA65Q7F-3.png;images/TVSAM65-QA65Q7F-1.png;images/TVSAM65-QA65Q7F-4.png;images/TVSAM65-QA65Q7F-2.png,oui,"Ce téléviseur QLED de 65 pouces offre une résolution 4K Ultra HD et un affichage aux couleurs vives. Il convient pour vos divertissements à la maison grâce à son système Tizen OS et ses modes dédiés.

Points forts
• Resolution 4K Ultra HD avec 3840 x 2160 pixels
• Technologie QLED et Quantum Dot pour des couleurs vives
• Systeme d'exploitation Tizen OS integre
• Presence d'un mode jeu et du HDR Quantum

Caractéristiques
Type d'affichage : QLED
Taille de l'ecran : 65 pouces
Resolution : 4K Ultra HD
Systeme d'exploitation : Tizen OS
HDR : Quantum HDR
Connectivite : 2x HDMI, 2x USB, Wi-Fi integre, Bluetooth
Dimensions : 145 x 83 cm"
TVSAM65-65U8072,Samsung,"Téléviseur Samsung 65 "" Smart 4K 65u8072f",tv,Téléviseurs,346500,tv,jour,"65""",Type: LED | Taille: 65 pouces | Fonctions: Smart | Résolution: 4K UHD | Garantie: 12 mois,images/TVSAM65-65U8072-1.png,images/TVSAM65-65U8072-1.png;images/TVSAM65-65U8072-4.png;images/TVSAM65-65U8072-2.png;images/TVSAM65-65U8072-5.png;images/TVSAM65-65U8072-3.png,oui,"Ce téléviseur LED de 65 pouces propose une résolution 4K UHD et des fonctions intelligentes pour vos programmes favoris.

Points forts
• Taille d'ecran de 65 pouces
• Resolution 4K UHD
• Fonctions Smart integrees

Caractéristiques
Type d'affichage : LED
Taille de l'ecran : 65 pouces
Resolution : 4K UHD
Fonctions : Smart"
TVSAM65-UE65DU7,Samsung,"Téléviseur Samsung 65 "" Smart 4K ue65du7100u",tv,Téléviseurs,346500,tv,jour,"65""",Type: LED | Taille: 65 pouces | Fonctions: Smart | Résolution: 4K UHD | Garantie: 12 mois,images/TVSAM65-UE65DU7-1.jpg,images/TVSAM65-UE65DU7-1.jpg;images/TVSAM65-UE65DU7-2.png;images/TVSAM65-UE65DU7-3.png,oui,"Ce téléviseur LED de 65 pouces est equipe de fonctions intelligentes pour visionner vos contenus en résolution 4K UHD.

Points forts
• Grand ecran de 65 pouces
• Resolution 4K UHD
• Fonctions Smart integrees

Caractéristiques
Type d'affichage : LED
Taille de l'ecran : 65 pouces
Resolution : 4K UHD
Fonctions : Smart"
TVSAM65-UA65UB8,Samsung,"Téléviseur Samsung 65 "" Smart Android ua65u8000fuxly",tv,Téléviseurs,346500,tv,jour,"65""","Type: LED | Taille: 65 pouces | Fonctions: Smart, Android TV | Garantie: 12 mois",images/TVSAM65-UA65UB8-3.png,images/TVSAM65-UA65UB8-3.png;images/TVSAM65-UA65UB8-1.png;images/TVSAM65-UA65UB8-4.png;images/TVSAM65-UA65UB8-2.jpg;images/TVSAM65-UA65UB8-5.jpg,oui,"Ce téléviseur LED de 65 pouces combine les fonctions Smart et le système Android TV pour accéder à vos applications.

Points forts
• Ecran de 65 pouces
• Interface Android TV
• Fonctions Smart

Caractéristiques
Type d'affichage : LED
Taille de l'ecran : 65 pouces
Fonctions : Smart, Android TV"
TVSAM65-LH65WMB,Samsung,"Téléviseur Samsung 65 "" Smart tactil interactif lh65wmfwbgcxen",tv,Téléviseurs,346500,tv,jour,"65""",Type: LED | Taille: 65 pouces | Fonctions: Smart | Garantie: 12 mois,images/TVSAM65-LH65WMB-3.png,images/TVSAM65-LH65WMB-3.png;images/TVSAM65-LH65WMB-1.jpg;images/TVSAM65-LH65WMB-4.png;images/TVSAM65-LH65WMB-2.png;images/TVSAM65-LH65WMB-5.png,oui,"Ce téléviseur tactile et interactif de 65 pouces est conçu pour le partage d'écran et le travail collaboratif avec plusieurs possibilités de connexion.

Points forts
• Fonction multi-touch avec un temps de latence de 26 ms
• Partage jusqu'a 6 ecrans grace a SmartView+
• Multiples connectivites dont HDMI, USB Type-C et WLAN-Screenshare

Caractéristiques
Type d'affichage : LED
Taille de l'ecran : 65 pouces
Fonctions : Smart, Tactile interactif
Connectivite : HDMI, USB Type-C, USB, DP, WLAN-Screenshare"
TVSAM65-65DU700,Samsung,"Téléviseur Samsung 65 "" Smart UHD 4K 65du7000",tv,Téléviseurs,372000,tv,jour,"65""",Type: LED | Taille: 65 pouces | Fonctions: Smart | Résolution: 4K UHD | Garantie: 12 mois,images/TVSAM65-65DU700-2.png,images/TVSAM65-65DU700-2.png;images/TVSAM65-65DU700-5.png;images/TVSAM65-65DU700-3.png;images/TVSAM65-65DU700-1.png;images/TVSAM65-65DU700-4.png,oui,"Ce téléviseur Crystal UHD 4K de 65 pouces intègre le système d'exploitation Tizen et des technologies d'optimisation de l'image et du son.

Points forts
• Resolution 4K de 3 840 x 2 160 pixels
• Systeme d'exploitation Samsung Tizen
• Technologie de mouvement Accelarateur de mouvement
• Fonction Q-Symphonie et HDMI eARC/ARC

Caractéristiques
Type d'affichage : LED
Taille de l'ecran : 65 pouces
Resolution : 4K UHD
Systeme d'exploitation : Samsung Tizen
Connectivite : HDMI 3, USB 1 x USB-A
Fonctions : Smart, HDR, Q-Symphonie, eARC/ARC"
TVSAM75-UA75M70,Samsung,"Téléviseur Samsung 75 "" mini LED Smart ua75m70hauxly",tv,Téléviseurs,673800,tv,jour,"75""",Type: Mini LED | Taille: 75 pouces | Fonctions: Smart | Garantie: 12 mois,images/TVSAM75-UA75M70-2.png,images/TVSAM75-UA75M70-2.png;images/TVSAM75-UA75M70-3.png;images/TVSAM75-UA75M70-1.png;images/TVSAM75-UA75M70-4.png,oui,"Ce téléviseur Samsung de 75 pouces intègre la technologie Mini LED et des fonctions Smart pour vos programmes favoris.

Points forts
• Grand écran de 75 pouces
• Technologie d'affichage Mini LED
• Fonctions Smart connectées

Caractéristiques
Type d'écran : Mini LED
Taille de l'écran : 75 pouces
Fonctions : Smart"
TVSAM75-QA75Q7F,Samsung,"Téléviseur Samsung 75 "" QLED qe75q7faauxly",tv,Téléviseurs,593500,tv,jour,"75""",Type: QLED | Taille: 75 pouces | Garantie: 12 mois,images/TVSAM75-QA75Q7F-3.png,images/TVSAM75-QA75Q7F-3.png;images/TVSAM75-QA75Q7F-1.png;images/TVSAM75-QA75Q7F-4.png;images/TVSAM75-QA75Q7F-2.png,oui,"Découvrez ce téléviseur Samsung QLED de 75 pouces pour un affichage de grande taille dans votre salon.

Points forts
• Technologie QLED
• Grand format de 75 pouces

Caractéristiques
Type d'écran : QLED
Taille de l'écran : 75 pouces"
TVSAM75-U8092FU,Samsung,"Téléviseur Samsung 75 "" Smart 4K 75u8092fuxxh",tv,Téléviseurs,566750,tv,jour,"75""",Type: LED | Taille: 75 pouces | Fonctions: Smart | Résolution: 4K UHD | Garantie: 12 mois,images/TVSAM75-U8092FU-3.webp,images/TVSAM75-U8092FU-3.webp;images/TVSAM75-U8092FU-1.jpg;images/TVSAM75-U8092FU-4.webp;images/TVSAM75-U8092FU-2.webp;images/TVSAM75-U8092FU-5.webp,oui,"Profitez d'un grand écran de 75 pouces en résolution 4K UHD avec les fonctions Smart de ce téléviseur Samsung.

Points forts
• Résolution 4K UHD
• Grand écran de 75 pouces
• Fonctions Smart intégrées

Caractéristiques
Type d'écran : LED
Taille de l'écran : 75 pouces
Résolution : 4K UHD
Fonctions : Smart"
TVSAM75-75DU700,Samsung,"Téléviseur Samsung 75 "" Smart 75du7000",tv,Téléviseurs,566750,tv,jour,"75""",Type: LED | Taille: 75 pouces | Fonctions: Smart | Garantie: 12 mois,images/TVSAM75-75DU700-1.jpg,images/TVSAM75-75DU700-1.jpg;images/TVSAM75-75DU700-4.jpg;images/TVSAM75-75DU700-2.jpg;images/TVSAM75-75DU700-3.jpg,oui,"Ce téléviseur Crystal UHD 4K HDR de 75 pouces propose des couleurs réalistes, l'upscaling en 4K et le système Samsung Tizen.

Points forts
• Couleurs vibrantes ultra réalistes
• Upscaling en 4K
• Système d'exploitation Samsung Tizen
• Fonctions Smart TV

Caractéristiques
Type d'écran : LED Crystal UHD
Taille de l'écran : 75 pouces
Résolution : 4K HDR
Système d'exploitation : Samsung Tizen
Fonctions : Smart TV"
TVSAM75-75U8000,Samsung,"Téléviseur Samsung 75 "" Smart Android ua75u8000f",tv,Téléviseurs,566750,tv,jour,"75""","Type: LED | Taille: 75 pouces | Fonctions: Smart, Android TV | Garantie: 12 mois",images/TVSAM75-75U8000-2.jpg,images/TVSAM75-75U8000-2.jpg;images/TVSAM75-75U8000-5.png;images/TVSAM75-75U8000-3.png;images/TVSAM75-75U8000-1.png;images/TVSAM75-75U8000-4.png,oui,"Ce téléviseur Samsung de 75 pouces combine une grande surface d'affichage avec les fonctionnalités Smart et Android TV.

Points forts
• Grand écran de 75 pouces
• Fonctions Smart et Android TV

Caractéristiques
Type d'écran : LED
Taille de l'écran : 75 pouces
Fonctions : Smart, Android TV"
TVSAM75-LH75WMB,Samsung,"Téléviseur Samsung 75 "" Smart tactil interactif lh75wmfwlgcxen",tv,Téléviseurs,597000,tv,jour,"75""",Type: LED | Taille: 75 pouces | Fonctions: Smart | Garantie: 12 mois,images/TVSAM75-LH75WMB-2.png,images/TVSAM75-LH75WMB-2.png;images/TVSAM75-LH75WMB-5.png;images/TVSAM75-LH75WMB-3.png;images/TVSAM75-LH75WMB-1.jpg;images/TVSAM75-LH75WMB-4.png,oui,"Ce téléviseur interactif tactile Samsung de 75 pouces est conçu pour le partage d'écran et l'affichage en résolution 4K Ultra HD.

Points forts
• Fonction multi-touch avec temps de latence de 26 ms
• Résolution 4K Ultra HD
• Partage d'écran jusqu'à 6 écrans avec SmartView+
• Multiples possibilités de connexion

Caractéristiques
Type d'écran : LED tactile interactif
Technologie d'affichage : LCD
Taille de l'écran : 75 pouces
Résolution : 4K / ULTRA HD (3840 x 2160 pixels)
Luminosité : 350 cd/m²
Fonctions : Smart, Tactile multi-touch
Connectique : HDMI, USB Type-C, USB, DP, WLAN-Screenshare"
TVSAM75-75DU717,Samsung,"Téléviseur Samsung 75 "" Smart UHD 4K 75du7170u",tv,Téléviseurs,566750,tv,jour,"75""",Type: LED | Taille: 75 pouces | Fonctions: Smart | Résolution: 4K UHD | Garantie: 12 mois,images/TVSAM75-75DU717-1.jpg,images/TVSAM75-75DU717-1.jpg;images/TVSAM75-75DU717-4.png;images/TVSAM75-75DU717-2.png;images/TVSAM75-75DU717-5.png;images/TVSAM75-75DU717-3.png,oui,"Ce téléviseur LED de 75 pouces offre une résolution 4K Ultra HD pour vos programmes. Il intègre des fonctions Smart et des options de connectivité sans fil.

Points forts
• Grand écran de 75 pouces (190,5 cm)
• Résolution 4K Ultra HD
• Connectivité Wi-Fi et Bluetooth
• 3 ports HDMI et 1 port USB-A

Caractéristiques
Type : LED
Taille d'écran : 75 pouces (190,5 cm)
Résolution : 4K Ultra HD (3840 x 2160 px)
Fonctions : Smart
HDMI : 3
USB : 1 x USB-A
Wi-Fi : Oui (Wi-Fi 5)
Bluetooth : Oui (BT5.2)
Alimentation électrique : AC220-240V~ 50/60Hz"
TVSAM75-QA75SBS,Samsung,"Téléviseur Samsung 77 "" OLED qa77s85faexly",tv,Téléviseurs,946000,tv,jour,"77""",Type: OLED | Taille: 77 pouces | Garantie: 12 mois,images/TVSAM75-QA75SBS-3.png,images/TVSAM75-QA75SBS-3.png;images/TVSAM75-QA75SBS-1.png;images/TVSAM75-QA75SBS-4.png;images/TVSAM75-QA75SBS-2.png,oui,"Ce téléviseur OLED de 77 pouces diffuse vos contenus avec la technologie d'affichage OLED.

Points forts
• Grand écran de 77 pouces
• Technologie d'affichage OLED

Caractéristiques
Type : OLED
Taille : 77 pouces"
TVSAM77-77S90CA,Samsung,"Téléviseur Samsung 77 "" OLED Smart 4K qe77s91fae",tv,Téléviseurs,946000,tv,jour,"77""",Type: OLED | Taille: 77 pouces | Fonctions: Smart | Résolution: 4K UHD | Garantie: 12 mois,images/TVSAM77-77S90CA-1.jpg,images/TVSAM77-77S90CA-1.jpg;images/TVSAM77-77S90CA-4.jpg;images/TVSAM77-77S90CA-2.jpg;images/TVSAM77-77S90CA-5.jpg;images/TVSAM77-77S90CA-3.webp,oui,"Ce téléviseur OLED Smart de 77 pouces propose une image en résolution 4K Ultra HD. Il intègre le Wi-Fi, le Bluetooth et un son Dolby Atmos.

Points forts
• Écran OLED de 195,6 cm (77 pouces)
• Résolution 4K Ultra HD
• Expérience audio Dolby Atmos
• Streaming sans fil grâce au Wi-Fi intégré

Caractéristiques
Type : OLED
Taille de l'écran : 195,6 cm (77 pouces)
Résolution : 3840 x 2160 pixels
Type HD : 4K Ultra HD
Fonctions : Smart TV
Connectivité : 3 HDMI, 2 USB
Processeur : Processeur α5 Gen6 AI 4K
Sans fil : Wi-Fi, Bluetooth
Couleur : Noir"
TVSAM85-85DU717,Samsung,"Téléviseur Samsung 85 "" Smart 4K Android 85du7170",tv,Téléviseurs,877000,tv,jour,"85""","Type: LED | Taille: 85 pouces | Fonctions: Smart, Android TV | Résolution: 4K UHD | Garantie: 12 mois",images/TVSAM85-85DU717-2.png,images/TVSAM85-85DU717-2.png;images/TVSAM85-85DU717-5.png;images/TVSAM85-85DU717-3.png;images/TVSAM85-85DU717-1.jpg;images/TVSAM85-85DU717-4.png,oui,"Ce téléviseur LED de 85 pouces combine Smart TV, Android TV et une résolution 4K UHD. Il prend en charge le format HDR pour vos sources vidéo.

Points forts
• Écran géant de 85 pouces Crystal UHD
• Définition 4K avec processeur Crystal Processor 4K
• Compatibilité HDR et HDR 10+
• Connectivité Wi-Fi 5 et ports HDMI avec eARC/ARC

Caractéristiques
Type : LED
Taille : 85 pouces
Fonctions : Smart, Android TV
Résolution : 4K (3840 x 2160)
HDMI : 3
USB : 1 x USB-A
Processeur : Crystal Processor 4K
HDR : HDR, HDR 10+
Wi-Fi : Oui (Wi-Fi 5)
Dimensions avec support : 1901.2 x 1132.3 x 359 mm"
TVSAM85-85DU700,Samsung,"Téléviseur Samsung 85 "" Smart Android 4K 85du7000",tv,Téléviseurs,870000,tv,jour,"85""","Type: LED | Taille: 85 pouces | Fonctions: Smart, Android TV | Résolution: 4K UHD | Garantie: 12 mois",images/TVSAM85-85DU700-3.jpg,images/TVSAM85-85DU700-3.jpg;images/TVSAM85-85DU700-1.jpg;images/TVSAM85-85DU700-4.jpg;images/TVSAM85-85DU700-2.jpg,oui,"Ce téléviseur LED de 85 pouces propose les technologies Smart TV et Android TV en résolution 4K UHD. Il intègre le système d'exploitation Samsung Tizen.

Points forts
• Grand écran de 85 pouces Crystal UHD
• Définition 4K avec upscaling en 4K
• Système d'exploitation Samsung Tizen
• Fonction Smart TV

Caractéristiques
Type : LED
Taille : 85 pouces
Fonctions : Smart, Android TV
Résolution : 4K UHD
Système d'exploitation : Samsung Tizen"
TVSAM85-DU7100U,Samsung,"Téléviseur Samsung 85 "" Smart Android 85du7100u",tv,Téléviseurs,946000,tv,jour,"85""","Type: LED | Taille: 85 pouces | Fonctions: Smart, Android TV | Garantie: 12 mois",images/TVSAM85-DU7100U-1.jpg,images/TVSAM85-DU7100U-1.jpg;images/TVSAM85-DU7100U-4.png;images/TVSAM85-DU7100U-2.png;images/TVSAM85-DU7100U-3.png,oui,"Ce téléviseur LED de 85 pouces est équipé des fonctions Smart TV et Android TV pour vos divertissements.

Points forts
• Grand écran de 85 pouces
• Fonctions Smart et Android TV

Caractéristiques
Type : LED
Taille : 85 pouces
Fonctions : Smart, Android TV"
TVSAM85-LH85WMB,Samsung,"Téléviseur Samsung 85 "" Smart tactil interactif lh85wmfwlgcxen",tv,Téléviseurs,946000,tv,jour,"85""",Type: LED | Taille: 85 pouces | Fonctions: Smart | Garantie: 12 mois,images/TVSAM85-LH85WMB-3.png,images/TVSAM85-LH85WMB-3.png;images/TVSAM85-LH85WMB-1.jpg;images/TVSAM85-LH85WMB-4.png;images/TVSAM85-LH85WMB-2.png;images/TVSAM85-LH85WMB-5.png,oui,"Découvrez ce téléviseur interactif Samsung de 85 pouces, doté d'un écran tactile réactif et d'une connectique complète. Il convient pour le partage de contenu et les présentations dynamiques.

Points forts
• Technologie tactile la plus réactive du marché
• Partage d'écran en Miracast, Airplay ou Smartview+
• Port USB-C 3-en-1
• Navigateur web et accès à O365
• Panneau de contrôle en façade avec traitement antimicrobien et anticasse

Caractéristiques
Type : LED
Taille : 85 pouces
Fonctions : Smart
Résolution : 3,840 x 2,160
Pixel Pitch : 0.4875(H) mm x 0.4875(W) mm"
TVSAM85-BU8070,Samsung,"Téléviseur Samsung 85 "" Smart ue85cu8070u",tv,Téléviseurs,1290000,tv,jour,"85""",Type: LED | Taille: 85 pouces | Fonctions: Smart | Garantie: 12 mois,images/TVSAM85-BU8070-1.jpg,images/TVSAM85-BU8070-1.jpg;images/TVSAM85-BU8070-2.png,oui,"Ce téléviseur LED Samsung de 85 pouces offre une image nette en définition 4K avec le processeur Crystal 4K. Il intègre des fonctions intelligentes pour un usage multimédia complet.

Points forts
• Définition 3,840 x 2,160 avec Crystal Processor 4K
• Technologie Dynamic Crystal Color
• Fonction Smart TV sous Tizen avec navigateur web
• Puissance sonore de 20W avec Dolby Digital Plus

Caractéristiques
Type : LED
Taille : 85 pouces
Fonctions : Smart
Définition : 3,840 x 2,160
Processeur : Crystal Processor 4K
Puissance sonore : 20W
Système d'exploitation : Tizen"
TVSAM85-CU80000,Samsung,"Téléviseur Samsung 85 "" Smart UHD 4K cu7000u",tv,Téléviseurs,947000,tv,jour,"85""",Type: LED | Taille: 85 pouces | Fonctions: Smart | Résolution: 4K UHD | Garantie: 12 mois,images/TVSAM85-CU80000-2.jpg,images/TVSAM85-CU80000-2.jpg;images/TVSAM85-CU80000-5.jpg;images/TVSAM85-CU80000-3.jpg;images/TVSAM85-CU80000-1.jpg;images/TVSAM85-CU80000-4.jpg,oui,"Profitez d'un grand écran de 85 pouces avec ce téléviseur Crystal UHD 4K Samsung. Il combine un design fin et des couleurs dynamiques pour vos contenus multimédias.

Points forts
• Grand écran de 85 pouces
• Résolution 4K UHD avec processeur Crystal 4K
• Portail Smart Hub intelligent
• Design Airslim

Caractéristiques
Type : LED
Taille : 85 pouces
Fonctions : Smart
Résolution : 4K UHD"
TVSAM85-85U8000,Samsung,"Téléviseur Samsung 85 "" Smart UHD 4K ua85u8000",tv,Téléviseurs,948000,tv,jour,"85""",Type: LED | Taille: 85 pouces | Fonctions: Smart | Résolution: 4K UHD | Garantie: 12 mois,images/TVSAM85-85U8000-3.png,images/TVSAM85-85U8000-3.png;images/TVSAM85-85U8000-1.jpg;images/TVSAM85-85U8000-4.png;images/TVSAM85-85U8000-2.png;images/TVSAM85-85U8000-5.png,oui,"Ce téléviseur LED Samsung de 85 pouces propose une résolution 4K UHD et des fonctionnalités intelligentes pour vos divertissements à la maison.

Points forts
• Grand écran de 85 pouces
• Résolution 4K UHD
• Fonctions Smart

Caractéristiques
Type : LED
Taille : 85 pouces
Fonctions : Smart
Résolution : 4K UHD"
TVSAM98-98DU907,Samsung,"Téléviseur Samsung 98 "" Smart 4K 98du9070",tv,Téléviseurs,2402000,tv,jour,"98""",Type: LED | Taille: 98 pouces | Fonctions: Smart | Résolution: 4K UHD | Garantie: 12 mois,images/TVSAM98-98DU907-1.jpg,images/TVSAM98-98DU907-1.jpg;images/TVSAM98-98DU907-4.png;images/TVSAM98-98DU907-2.png;images/TVSAM98-98DU907-3.png,oui,"Immergez-vous dans vos programmes avec ce téléviseur Samsung de 98 pouces. Il intègre la technologie Crystal UHD 4K pour une qualité d'image détaillée sur grand format.

Points forts
• Immense écran de 98 pouces
• Résolution 4K UHD
• Processeur Crystal Processor 4K
• Fonctions Smart TV

Caractéristiques
Type : LED
Taille : 98 pouces
Fonctions : Smart
Résolution : 4K UHD
Processeur : Crystal Processor 4K"
TVSAM98-98DU902,Samsung,"Téléviseur Samsung 98 "" Smart 4K ultra HD 98du9072",tv,Téléviseurs,1752000,tv,jour,"98""",Type: LED | Taille: 98 pouces | Fonctions: Smart | Résolution: 4K UHD | Garantie: 12 mois,images/TVSAM98-98DU902-3.png,images/TVSAM98-98DU902-3.png;images/TVSAM98-98DU902-1.png;images/TVSAM98-98DU902-4.png;images/TVSAM98-98DU902-2.png;images/TVSAM98-98DU902-5.png,oui,"Ce téléviseur Samsung de 98 pouces offre un format géant en résolution 4K UHD avec des fonctions intelligentes pour un usage multimédia avancé.

Points forts
• Écran géant de 98 pouces
• Résolution 4K UHD
• Fonctions Smart

Caractéristiques
Type : LED
Taille : 98 pouces
Fonctions : Smart
Résolution : 4K UHD"
TVSHA43-SMARTTV,Sharp,"Téléviseur Sharp 43 "" Smart Android 2tc43gh3000nx",tv,Téléviseurs,134400,tv,jour,"43""","Type: LED | Taille: 43 pouces | Fonctions: Smart, Android TV | Garantie: 12 mois",images/TVSHA43-SMARTTV-1.png,images/TVSHA43-SMARTTV-1.png;images/TVSHA43-SMARTTV-4.png;images/TVSHA43-SMARTTV-2.png;images/TVSHA43-SMARTTV-3.png,oui,"Ce téléviseur LED de 43 pouces intègre Android TV et Google TV pour accéder facilement à vos applications de streaming et partager vos contenus.

Points forts
• Taille d'écran de 43 pouces avec rétroéclairage Direct LED
• Fonctions Smart avec Google TV et Chromecast intégré
• Puissance audio de 16 W avec prise en charge Dolby Audio
• Connectivité complète comprenant HDMI, USB, Wi-Fi et Ethernet

Caractéristiques
Type : LED
Taille : 43 pouces
Fréquence de balayage : 60 Hz
Compatibilité : HDR10 / HLG
Puissance audio : 16 W
Fonctions : Smart, Android TV
Connectique : 2 ports HDMI, 2 ports USB 2.0, Wi-Fi, Ethernet LAN"
TVSHA55-SMARTTV,Sharp,"Téléviseur Sharp 55 "" LED Smart google tv 4tc55fj1nx",tv,Téléviseurs,215000,tv,jour,"55""","Type: LED | Taille: 55 pouces | Fonctions: Smart, Google TV | Garantie: 12 mois",images/TVSHA55-SMARTTV-3.png,images/TVSHA55-SMARTTV-3.png;images/TVSHA55-SMARTTV-1.jpg;images/TVSHA55-SMARTTV-4.png;images/TVSHA55-SMARTTV-2.png;images/TVSHA55-SMARTTV-5.png,oui,"Ce téléviseur LED de 55 pouces sous Google TV propose un accès direct aux grandes plateformes de streaming et un système audio Harman Kardon.

Points forts
• Grand écran de 55 pouces (139 cm)
• Système d'enceintes Harman Kardon intégré
• Accès aux applications YouTube, Netflix et Prime Video
• Connectivité sans fil Bluetooth et Wi-Fi avec ports HDMI et USB

Caractéristiques
Type : LED
Taille : 55 pouces (139 cm)
Fonctions : Smart, Google TV
Audio : Système d'enceintes Harman Kardon
Connectique : 3 entrées HDMI, USB, lecteur de carte SD, Bluetooth, Wi-Fi
Tuner : HD DVB-T/T2/C/S/S2"
TVSHA65-SMARTTV,Sharp,"Téléviseur Sharp 65 "" LED Smart google tv 4tc65fj1mx",tv,Téléviseurs,306400,tv,jour,"65""","Type: LED | Taille: 65 pouces | Fonctions: Smart, Google TV | Garantie: 12 mois",images/TVSHA65-SMARTTV-1.jpg,images/TVSHA65-SMARTTV-1.jpg;images/TVSHA65-SMARTTV-4.png;images/TVSHA65-SMARTTV-2.png;images/TVSHA65-SMARTTV-5.png;images/TVSHA65-SMARTTV-3.png,oui,"Profitez d'un grand écran de 65 pouces avec ce téléviseur LED connecté sous Google TV, idéal pour vos divertissements et le streaming.

Points forts
• Grand écran de 65 pouces (164 cm)
• Google TV avec Chromecast intégré
• Compatibilité HDR et Dolby Vision
• Connexion sans fil Bluetooth et Wi-Fi

Caractéristiques
Type : LED
Taille : 65 pouces (164 cm)
Fonctions : Smart, Google TV
Technologie d'affichage : Dolby Vision, HDR
Connectique : HDMI, USB, Bluetooth, Wi-Fi
Tuner : UHD DVB-T/T2/C/S/S2"
TVSHA75-C75EK2N,Sharp,"Téléviseur Sharp 75 "" LED Smart Android 4tc75ek2nx",tv,Téléviseurs,519000,tv,jour,"75""","Type: LED | Taille: 75 pouces | Fonctions: Smart, Android TV | Garantie: 12 mois",images/TVSHA75-C75EK2N-2.png,images/TVSHA75-C75EK2N-2.png;images/TVSHA75-C75EK2N-3.png;images/TVSHA75-C75EK2N-1.jpg,oui,"Ce téléviseur de 75 pouces offre une résolution 4K Ultra HD et l'interface Android 9.0 pour profiter de vos contenus en grand format.

Points forts
• Immense écran de 75 pouces en résolution 4K Ultra HD
• Système Android 9.0 avec accès au Play Store
• Applications Netflix et YouTube préinstallées avec Chromecast
• Connectivité HDMI, USB, Wi-Fi et Bluetooth

Caractéristiques
Type : LED
Taille : 75 pouces
Résolution : 3840 x 2160 pixels
Fonctions : Smart, Android TV
Système : Android 9.0
Connectique : 3 ports HDMI, 2 ports USB, Wi-Fi, sortie audio Bluetooth"
TVSHA75-C75FJ1M,Sharp,"Téléviseur Sharp 75 "" LED Smart google tv 4tc75fj1nx",tv,Téléviseurs,418800,tv,jour,"75""","Type: LED | Taille: 75 pouces | Fonctions: Smart, Google TV | Garantie: 12 mois",images/TVSHA75-C75FJ1M-3.png,images/TVSHA75-C75FJ1M-3.png;images/TVSHA75-C75FJ1M-1.png;images/TVSHA75-C75FJ1M-4.png;images/TVSHA75-C75FJ1M-2.png,oui,"Ce téléviseur LED de 75 pouces combine une résolution 4K et l'interface Google TV pour une expérience visuelle immersive à la maison.

Points forts
• Grand écran de 75 pouces (190 cm en diagonale)
• Résolution 4K avec HDR 10 pour des couleurs optimisées
• Google TV intégré avec applications de streaming
• Connectivité variée avec 4 ports HDMI et 2 ports USB

Caractéristiques
Type : LED
Taille : 75 pouces (190 cm)
Résolution : 3840 x 2160 pixels
Fonctions : Smart, Google TV
Technologies : HDR 10, Dolby
Connectique : 4 ports HDMI, 2 ports USB, 1 port casque, Bluetooth"
TVSJG32-ASJ32AL,SJ,"Téléviseur SJ general 32 "" LED asj32aled",tv,Téléviseurs,52000,tv,jour,"32""",Type: LED | Taille: 32 pouces | Garantie: 12 mois,images/TVSJG32-ASJ32AL-1.jpg,images/TVSJG32-ASJ32AL-1.jpg,oui,"Ce téléviseur LED de 32 pouces convient pour un usage standard dans une chambre ou un espace réduit.

Points forts
• Écran LED de 32 pouces

Caractéristiques
Type : LED
Taille : 32 pouces"
TVTEC50-STT5090,Smart Technology,"Téléviseur Smart technology 50 "" LED stt5090h",tv,Téléviseurs,165000,tv,jour,"50""",Type: LED | Taille: 50 pouces | Fonctions: Smart | Garantie: 12 mois,images/TVTEC50-STT5090-1.jpg,images/TVTEC50-STT5090-1.jpg,oui,"Ce téléviseur LED de 50 pouces offre un affichage large et confortable pour vos programmes. Il intègre un syntoniseur numérique et des connexions pratiques pour vos appareils.

Points forts
• Ecran large de 50 pouces avec diagonale de 127 cm
• Conception de panneau élégant et armoire ultra mince
• Entrées HDMI et USB intégrées
• Filtre en peigne 3D et temps de réponse rapide

Caractéristiques
Type d'écran : LED
Taille de l'écran : 50 pouces (127 cm)
Format d'image : 16:9
Fonctions : Smart
Tension : 100 – 240 V
Fréquence : 50 – 60 Hz"
TVTEC50-STT500W,Smart Technology,"Téléviseur Smart technology 50 "" Smart + 2 telecommandes stt5007wa",tv,Téléviseurs,176900,tv,jour,"50""",Type: LED | Taille: 50 pouces | Fonctions: Smart | Garantie: 12 mois,images/TVTEC50-STT500W-2.png,images/TVTEC50-STT500W-2.png;images/TVTEC50-STT500W-1.jpg,oui,"Ce téléviseur LED intelligent de 50 pouces est livré avec deux télécommandes pour un usage facilité au quotidien.

Points forts
• Taille d'écran de 50 pouces
• Fonctionnalité Smart intégrée
• Fourni avec deux télécommandes

Caractéristiques
Type d'écran : LED
Taille de l'écran : 50 pouces
Fonctions : Smart"
TVTEC40-STT5140,Smart Technology,"Téléviseur Smart techynology 40 "" Smart stt-5140sa",tv,Téléviseurs,102000,tv,jour,"40""",Type: LED | Taille: 40 pouces | Fonctions: Smart | Garantie: 12 mois,images/TVTEC40-STT5140-3.png,images/TVTEC40-STT5140-3.png;images/TVTEC40-STT5140-1.png;images/TVTEC40-STT5140-4.png;images/TVTEC40-STT5140-2.png,oui,"Profitez de vos contenus connectés et de vos programmes favoris sur ce téléviseur LED de 40 pouces.

Points forts
• Taille d'écran de 40 pouces
• Fonctions Smart intégrées

Caractéristiques
Type d'écran : LED
Taille de l'écran : 40 pouces
Fonctions : Smart"
TVTEC50-STT5007,Smart Technology,"Téléviseur Smart techynology 50 "" Smart stt5007sa",tv,Téléviseurs,142500,tv,jour,"50""",Type: LED | Taille: 50 pouces | Fonctions: Smart | Garantie: 12 mois,images/TVTEC50-STT5007-2.png,images/TVTEC50-STT5007-2.png;images/TVTEC50-STT5007-1.jpg,oui,"Ce téléviseur LED de 50 pouces propose des fonctionnalités connectées pour un divertissement varié à la maison.

Points forts
• Grand écran de 50 pouces
• Fonctions Smart intégrées

Caractéristiques
Type d'écran : LED
Taille de l'écran : 50 pouces
Fonctions : Smart"
TELEVISEUR-SONY-50-LED-SMART-UHD-KDL50W660F,Sony,"Téléviseur Sony 50 "" LED Smart UHD kdl50w660f",tv,Téléviseurs,361000,tv,jour,"50""",Type: LED | Taille: 50 pouces | Fonctions: Smart | Résolution: 4K UHD | Garantie: 12 mois,images/TELEVISEUR-SONY-50-LED-SMART-UHD-KDL50W660F-1.png,images/TELEVISEUR-SONY-50-LED-SMART-UHD-KDL50W660F-1.png;images/TELEVISEUR-SONY-50-LED-SMART-UHD-KDL50W660F-4.png;images/TELEVISEUR-SONY-50-LED-SMART-UHD-KDL50W660F-2.png;images/TELEVISEUR-SONY-50-LED-SMART-UHD-KDL50W660F-3.png,oui,"Ce téléviseur Sony de 50 pouces combine une belle qualité d'image avec des fonctions connectées et la prise en charge HDR.

Points forts
• Ecran de 50 pouces avec rétroéclairage LED directe
• Compatibilité HDR10 et HLG
• Connexion Wi-Fi intégrée
• Deux ports USB disponibles

Caractéristiques
Taille de l'écran : 50 pouces
Résolution d'affichage : 1920 x 1080
Type de rétroéclairage : LED directe
Wi-Fi : Wi-Fi 802.11b / g / n
Système TV : DVB-T / T2
Ports USB : 2
Amplificateur de mouvement : Motionflow XR 200
HDR : HDR10, HLG
Consommation en veille : 0,5 W
Consommation en fonctionnement : 117 W
Fonctions : Smart"
TELEVISEUR-SONY-50-LED-SMART-UHD-KDL50W660F-2,Sony,"Téléviseur Sony 50 "" LED Smart UHD kdl50w660f",tv,Téléviseurs,361000,tv,jour,"50""",Type: LED | Taille: 50 pouces | Fonctions: Smart | Résolution: 4K UHD | Garantie: 12 mois,images/TELEVISEUR-SONY-50-LED-SMART-UHD-KDL50W660F-2-2.png,images/TELEVISEUR-SONY-50-LED-SMART-UHD-KDL50W660F-2-2.png;images/TELEVISEUR-SONY-50-LED-SMART-UHD-KDL50W660F-2-3.png;images/TELEVISEUR-SONY-50-LED-SMART-UHD-KDL50W660F-2-1.png;images/TELEVISEUR-SONY-50-LED-SMART-UHD-KDL50W660F-2-4.png,oui,"Ce téléviseur Sony de 50 pouces combine une belle qualité d'image avec des fonctions connectées et la prise en charge HDR.

Points forts
• Ecran de 50 pouces avec rétroéclairage LED directe
• Compatibilité HDR10 et HLG
• Connexion Wi-Fi intégrée
• Deux ports USB disponibles

Caractéristiques
Taille de l'écran : 50 pouces
Résolution d'affichage : 1920 x 1080
Type de rétroéclairage : LED directe
Wi-Fi : Wi-Fi 802.11b / g / n
Système TV : DVB-T / T2
Ports USB : 2
Amplificateur de mouvement : Motionflow XR 200
HDR : HDR10, HLG
Consommation en veille : 0,5 W
Consommation en fonctionnement : 117 W
Fonctions : Smart"
TELEVISEUR-SONY-50-LED-SMART-UHD-KDL50W660F-3,Sony,"Téléviseur Sony 50 "" LED Smart UHD kdl50w660f",tv,Téléviseurs,361000,tv,jour,"50""",Type: LED | Taille: 50 pouces | Fonctions: Smart | Résolution: 4K UHD | Garantie: 12 mois,images/TELEVISEUR-SONY-50-LED-SMART-UHD-KDL50W660F-3-1.png,images/TELEVISEUR-SONY-50-LED-SMART-UHD-KDL50W660F-3-1.png;images/TELEVISEUR-SONY-50-LED-SMART-UHD-KDL50W660F-3-4.png;images/TELEVISEUR-SONY-50-LED-SMART-UHD-KDL50W660F-3-2.png;images/TELEVISEUR-SONY-50-LED-SMART-UHD-KDL50W660F-3-3.png,oui,"Ce téléviseur Sony de 50 pouces intègre les fonctions Smart et une compatibilité HDR pour vos programmes.

Points forts
• Taille d'écran de 50 pouces
• Compatible HDR10 et HLG
• Connexion Wi-Fi intégrée
• Deux ports USB disponibles

Caractéristiques
Type d'écran : LED
Taille de l'écran : 50 pouces
Résolution : 1920 x 1080
Rétroéclairage : LED directe
Wi-Fi : Wi-Fi 802.11b / g / n
Ports USB : 2
Amélioration du mouvement : Motionflow XR 200
Formats HDR : HDR10, HLG
Consommation en veille : 0,5 W
Consommation en fonctionnement : 117 W"
TVSON50-50W660F,Sony,"Téléviseur Sony 50 "" LED Smart UHD kdl50w660f",tv,Téléviseurs,361000,tv,jour,"50""",Type: LED | Taille: 50 pouces | Fonctions: Smart | Résolution: 4K UHD | Garantie: 12 mois,images/TVSON50-50W660F-3.png,images/TVSON50-50W660F-3.png;images/TVSON50-50W660F-1.png;images/TVSON50-50W660F-4.png;images/TVSON50-50W660F-2.png,oui,"Ce téléviseur Sony de 50 pouces intègre les fonctions Smart et une compatibilité HDR pour vos programmes.

Points forts
• Taille d'écran de 50 pouces
• Compatible HDR10 et HLG
• Connexion Wi-Fi intégrée
• Deux ports USB disponibles

Caractéristiques
Type d'écran : LED
Taille de l'écran : 50 pouces
Résolution : 1920 x 1080
Rétroéclairage : LED directe
Wi-Fi : Wi-Fi 802.11b / g / n
Ports USB : 2
Amélioration du mouvement : Motionflow XR 200
Formats HDR : HDR10, HLG
Consommation en veille : 0,5 W
Consommation en fonctionnement : 117 W"
TVSON55-KD55X75,Sony,"Téléviseur Sony 55 "" Smart google tv kd55x7500af1",tv,Téléviseurs,420000,tv,jour,"55""","Type: LED | Taille: 55 pouces | Fonctions: Smart, Google TV | Garantie: 12 mois",images/TVSON55-KD55X75-3.png,images/TVSON55-KD55X75-3.png;images/TVSON55-KD55X75-1.png;images/TVSON55-KD55X75-4.png;images/TVSON55-KD55X75-2.png,oui,"Ce téléviseur Sony de 55 pouces propose les fonctionnalités Smart et Google TV pour vos contenus.

Points forts
• Taille d'écran de 55 pouces
• Fonctions Smart et Google TV

Caractéristiques
Type d'écran : LED
Taille de l'écran : 55 pouces
Fonctions : Smart, Google TV"
TVSON55-KD55X80,Sony,Téléviseur Sony 55 LED Smart google tv kd55x8000haf1,tv,Téléviseurs,192500,tv,jour,,"Type: LED | Fonctions: Smart, Google TV | Garantie: 12 mois",images/TVSON55-KD55X80-1.jpg,images/TVSON55-KD55X80-1.jpg,oui,"Ce téléviseur Sony intègre les technologies Smart et Google TV pour le divertissement.

Points forts
• Fonctions Smart et Google TV

Caractéristiques
Type d'écran : LED
Fonctions : Smart, Google TV"
TVSON65-65KDX75,Sony,"Téléviseur Sony 65 "" Smart google tv kd65x75k/af1",tv,Téléviseurs,442000,tv,jour,"65""","Type: LED | Taille: 65 pouces | Fonctions: Smart, Google TV | Garantie: 12 mois",images/TVSON65-65KDX75-3.png,images/TVSON65-65KDX75-3.png;images/TVSON65-65KDX75-1.png;images/TVSON65-65KDX75-4.png;images/TVSON65-65KDX75-2.png;images/TVSON65-65KDX75-5.png,oui,"Ce téléviseur Sony de 65 pouces dispose des options Smart et Google TV.

Points forts
• Taille d'écran de 65 pouces
• Fonctions Smart et Google TV

Caractéristiques
Type d'écran : LED
Taille de l'écran : 65 pouces
Fonctions : Smart, Google TV"
TVSON75-K75S31D,Sony,"Téléviseur Sony 75 "" Smart google tv 75s31d",tv,Téléviseurs,597000,tv,jour,"75""","Type: LED | Taille: 75 pouces | Fonctions: Smart, Google TV | Garantie: 12 mois",images/TVSON75-K75S31D-1.png,images/TVSON75-K75S31D-1.png;images/TVSON75-K75S31D-4.png;images/TVSON75-K75S31D-2.png;images/TVSON75-K75S31D-5.png;images/TVSON75-K75S31D-3.png,oui,"Ce téléviseur Sony grand format de 75 pouces offre les fonctions Smart et Google TV.

Points forts
• Taille d'écran de 75 pouces
• Fonctions Smart et Google TV

Caractéristiques
Type d'écran : LED
Taille de l'écran : 75 pouces
Fonctions : Smart, Google TV"
TVSON98-K82501T,Sony,"Téléviseur Sony 98 "" Smart google tv k82501",tv,Téléviseurs,1579000,tv,jour,"98""","Type: LED | Taille: 98 pouces | Fonctions: Smart, Google TV | Garantie: 12 mois",images/TVSON98-K82501T-2.png,images/TVSON98-K82501T-2.png;images/TVSON98-K82501T-1.png,oui,"Ce téléviseur LED Sony de 98 pouces intègre Google TV pour accéder à vos contenus connectés. Il prend en charge les formats audio Dolby et dispose d'une alimentation de 220 V – 240 V.

Points forts
• Grand écran de 98 pouces avec interface Google TV
• Compatibilité Dolby Audio et Dolby Atmos
• Fonction 360 Spatial Sound Personalizer via Bluetooth
• Synchronisation Acoustic Center avec une barre de son compatible

Caractéristiques
Type : LED
Taille d'écran : 98 pouces
Système : Google TV
Alimentation : 220 V – 240 V CA
Formats audio : Dolby Audio, Dolby Atmos"
TVSTAR65-UH680G1,Autre marque,"Téléviseur star x 65 "" Smart google tv 65uh680g",tv,Téléviseurs,256000,tv,jour,"65""","Type: LED | Taille: 65 pouces | Fonctions: Smart, Google TV | Garantie: 12 mois",images/TVSTAR65-UH680G1-1.jpg,images/TVSTAR65-UH680G1-1.jpg,oui,"Ce téléviseur LED de 65 pouces fonctionne sous Google TV pour vos divertissements à la maison.

Points forts
• Diagonale de 65 pouces
• Fonction Smart Google TV

Caractéristiques
Type : LED
Taille d'écran : 65 pouces
Fonctions : Smart, Google TV"
TVSTAR75-UH680G1,Autre marque,"Téléviseur star x 75 "" Smart google tv 75uh680g",tv,Téléviseurs,441000,tv,jour,"75""","Type: LED | Taille: 75 pouces | Fonctions: Smart, Google TV | Garantie: 12 mois",images/TVSTAR75-UH680G1-1.jpg,images/TVSTAR75-UH680G1-1.jpg,oui,"Ce grand téléviseur LED de 75 pouces est équipé de Google TV pour accéder facilement à vos programmes connectés.

Points forts
• Grand écran de 75 pouces
• Fonction Smart Google TV

Caractéristiques
Type : LED
Taille d'écran : 75 pouces
Fonctions : Smart, Google TV"
TVTCL32-32S4500,TCL,"Téléviseur TCL 32 "" Smart Android 4K UHD 32s4500a",tv,Téléviseurs,82000,tv,jour,"32""","Type: LED | Taille: 32 pouces | Fonctions: Smart, Android TV | Résolution: 4K UHD | Garantie: 12 mois",images/TVTCL32-32S4500-3.png,images/TVTCL32-32S4500-3.png;images/TVTCL32-32S4500-1.jpg;images/TVTCL32-32S4500-2.png,oui,"Ce téléviseur LCD TCL de 32 pouces propose une résolution HD et intègre le système AndroidTV. Il dispose de tuners TNT, satellite et câble ainsi que de connectivités sans fil.

Points forts
• Interface AndroidTV avec assistants connectés
• Traitements HDR10 et Micro Dimming
• Connectivité Wi-Fi, Bluetooth et DLNA
• Tuner TNT, satellite et câble intégrés

Caractéristiques
Type : LED
Taille d'écran : 32 pouces
Résolution : 1366 x 768
Classe énergétique : F
Système audio : 10 W RMS
Connectique sans fil : Wi-Fi, Bluetooth"
TVTCL43-43S6800,TCL,"Téléviseur TCL 43 "" Smart s5400a",tv,Téléviseurs,132000,tv,jour,"43""",Type: LED | Taille: 43 pouces | Fonctions: Smart | Garantie: 12 mois,images/TVTCL43-43S6800-1.jpg,images/TVTCL43-43S6800-1.jpg,oui,"Ce téléviseur TCL de 43 pouces offre une résolution FHD avec un design sans lunette métallique. Il intègre le système Dolby Audio et des options de connectivité sans fil.

Points forts
• Résolution FHD avec compatibilité HDR10
• Design sans lunette métallique
• Prise en charge du Dolby Audio
• Connectivité Wi-Fi et Bluetooth 5.0

Caractéristiques
Type : LED
Taille d'écran : 43 pouces
Résolution : FHD
Connectique : HDMI x 2
Connectivité : Wi-Fi, Bluetooth 5.0"
TVTCL50-50P618A,TCL,"Téléviseur TCL 50 "" google tv QLED t 2k 50s5k",tv,Téléviseurs,189000,tv,jour,"50""",Type: QLED | Taille: 50 pouces | Fonctions: Google TV | Garantie: 12 mois,images/TVTCL50-50P618A-1.jpg,images/TVTCL50-50P618A-1.jpg,oui,"Ce téléviseur QLED TCL de 50 pouces affiche une résolution 4K UHD pour des images détaillées. Il intègre la fonction Smart Volume pour réguler les variations sonores.

Points forts
• Résolution 4K UHD de 3840 x 2160 pixels
• Technologie QLED pour des couleurs naturelles
• Fonction Smart Volume anti-fluctuations sonores
• Interface Google TV

Caractéristiques
Type : QLED
Taille d'écran : 50 pouces
Résolution : 4K UHD (3840 x 2160 pixels)
Système : Google TV"
TVTCL55-55V6B0,TCL,"Téléviseur TCL 55 "" Smart google tv 4K UHD + voice control 55v6b/55v6d",tv,Téléviseurs,242000,tv,jour,"55""","Type: LED | Taille: 55 pouces | Fonctions: Smart, Google TV | Résolution: 4K UHD | Garantie: 12 mois",images/TVTCL55-55V6B0-1.jpg,images/TVTCL55-55V6B0-1.jpg;images/TVTCL55-55V6B0-4.png;images/TVTCL55-55V6B0-2.png;images/TVTCL55-55V6B0-5.png;images/TVTCL55-55V6B0-3.png,oui,"Ce téléviseur LED de 55 pouces propose une résolution 4K Ultra HD et intègre le système Google TV pour vos contenus multimédias.

Points forts
• Image 4K Ultra HD avec traitements Smart HDR
• Système Google TV intégré pour vos applications
• Connectivité Wi-Fi et Bluetooth
• Système audio 2.0 de 20 W RMS

Caractéristiques
Type : LED
Taille de l'écran : 55 pouces
Diagonale : 139 cm
Résolution : 3840 x 2160 pixels
Fonctions : Smart, Google TV
Classe énergétique : E
Puissance audio : 20 W RMS
Connectique : Wi-Fi, Bluetooth, DLNA v.1.5"
TVTCL65-65V6DZX,TCL,"Téléviseur TCL 65 "" Smart google tv 4K + voice control 65v6d zxm",tv,Téléviseurs,331500,tv,jour,"65""","Type: LED | Taille: 65 pouces | Fonctions: Smart, Google TV | Résolution: 4K UHD | Garantie: 12 mois",images/TVTCL65-65V6DZX-1.png,images/TVTCL65-65V6DZX-1.png;images/TVTCL65-65V6DZX-2.png,oui,"Ce téléviseur LED de 65 pouces offre une résolution 4K UHD et un accès aux fonctionnalités Smart Google TV.

Points forts
• Grand écran de 65 pouces
• Résolution 4K UHD
• Fonctionnalités Smart Google TV

Caractéristiques
Type : LED
Taille de l'écran : 65 pouces
Résolution : 4K UHD
Fonctions : Smart, Google TV"
TVTCL65-65P618A,TCL,"Téléviseur TCL 65 "" Smart google tv 4K 65p755 / 65v6c",tv,Téléviseurs,331500,tv,jour,"65""","Type: LED | Taille: 65 pouces | Fonctions: Smart, Google TV | Résolution: 4K UHD | Garantie: 12 mois",images/TVTCL65-65P618A-1.jpg,images/TVTCL65-65P618A-1.jpg,oui,"Profitez d'un grand écran LED de 65 pouces en résolution 4K Ultra HD avec ce téléviseur doté de Google TV.

Points forts
• Résolution 4K Ultra HD avec Micro Dimming
• Système Google TV intégré
• Compatibilité HDR HLG
• Plusieurs modes d'image disponibles dont Sport, Jeux et Film

Caractéristiques
Type : LED
Taille de l'écran : 65 pouces
Diagonale : 165 cm
Résolution : 3840 x 2160 pixels
Fonctions : Smart, Google TV
Luminosité : 290 cd/m²"
TVTCL75-75P7250,TCL,"Téléviseur TCL 75 "" Smart google tv 4K 75p755",tv,Téléviseurs,494200,tv,jour,"75""","Type: LED | Taille: 75 pouces | Fonctions: Smart, Google TV | Résolution: 4K UHD | Garantie: 12 mois",images/TVTCL75-75P7250-1.jpg,images/TVTCL75-75P7250-1.jpg;images/TVTCL75-75P7250-2.jpg,oui,"Ce téléviseur LED de 75 pouces procure une image 4K Ultra HD et intègre Google TV pour un divertissement connecté.

Points forts
• Immense écran de 74 à 75 pouces
• Résolution 4K Ultra HD avec compatibilité HDR
• Système audio 2.0 de 30 W RMS
• Connectivité complète avec Wi-Fi et Bluetooth

Caractéristiques
Type : LED
Taille de l'écran : 75 pouces
Diagonale : 189 cm
Résolution : 3840 x 2160 pixels
Fonctions : Smart, Google TV
Classe énergétique : F
Puissance audio : 30 W RMS
Connectique : Wi-Fi, Bluetooth, DLNA v.1.5, Navigateur Internet"
TVTCL75-75P6350,TCL,"Téléviseur TCL 75 "" Smart QLED UHD 4K 75p635/75p7k/75t6d",tv,Téléviseurs,646000,tv,jour,"75""",Type: QLED | Taille: 75 pouces | Fonctions: Smart | Résolution: 4K UHD | Garantie: 12 mois,images/TVTCL75-75P6350-1.png,images/TVTCL75-75P6350-1.png;images/TVTCL75-75P6350-2.png,oui,"Ce téléviseur QLED de 75 pouces offre une résolution 4K UHD et des fonctionnalités connectées Smart.

Points forts
• Technologie d'affichage QLED
• Grand écran de 75 pouces
• Résolution 4K UHD

Caractéristiques
Type : QLED
Taille de l'écran : 75 pouces
Résolution : 4K UHD
Fonctions : Smart"
TVTCL85-85P7LZX,TCL,"Téléviseur TCL 85 "" google tv QLED 4K + voice control 85p7l zxm",tv,Téléviseurs,946000,tv,jour,"85""",Type: QLED | Taille: 85 pouces | Fonctions: Google TV | Résolution: 4K UHD | Garantie: 12 mois,images/TVTCL85-85P7LZX-2.png,images/TVTCL85-85P7LZX-2.png;images/TVTCL85-85P7LZX-3.png;images/TVTCL85-85P7LZX-1.png;images/TVTCL85-85P7LZX-4.png,oui,"Découvrez le très grand format de ce téléviseur QLED de 85 pouces avec Google TV et résolution 4K UHD.

Points forts
• Écran géant QLED de 85 pouces
• Résolution 4K UHD
• Système Google TV intégré

Caractéristiques
Type : QLED
Taille de l'écran : 85 pouces
Résolution : 4K UHD
Fonctions : Google TV"
TVTCL85-SMART4K,TCL,"Téléviseur TCL 85 "" google tv QLED 4K p745 / 85c655zxm",tv,Téléviseurs,946000,tv,jour,"85""",Type: QLED | Taille: 85 pouces | Fonctions: Google TV | Résolution: 4K UHD | Garantie: 12 mois,images/TVTCL85-SMART4K-1.jpg,images/TVTCL85-SMART4K-1.jpg,oui,"Ce téléviseur grand format combine une technologie d'affichage avancée et des fonctionnalités connectées pour vos divertissements. Il intègre Google TV pour accéder facilement aux contenus en streaming et prend en charge les formats vidéo et audio récents.

Points forts
• Grand écran de 85 pouces avec technologie QLED et résolution 4K UHD
• Système Google TV intégré avec Google Assistant et module Chromecast
• Compatibilité HDR10, HDR10+, HLG et Dolby Vision
• Ports HDMI 2.1 supportant les jeux vidéo en 4K 120 Hz
• Audio immersif grâce au système de 30 W RMS, Dolby Atmos et DTS Virtual:X

Caractéristiques
Type : QLED
Taille : 85 pouces
Résolution : 4K UHD
Fonctions : Google TV
Fluidité : Dalle 50Hz
Indice : 2300 (Picture Performance Index)
Traitements spéciaux : HDR (HDR10, HDR HLG), HDR10+, Dolby Vision
Système Audio : 2.0 de 30 W RMS
Tuner : TNT, Satellite, Câble
Connectée : Navigateur Internet, Wi-Fi, Bluetooth, DLNA v.1.5"
TVTCL98-98C655U,TCL,"Téléviseur TCL 98 "" QLED ultra 4K 98c655",tv,Téléviseurs,1341900,tv,jour,"98""",Type: QLED | Taille: 98 pouces | Résolution: 4K UHD | Garantie: 12 mois,images/TVTCL98-98C655U-3.png,images/TVTCL98-98C655U-3.png;images/TVTCL98-98C655U-1.jpg;images/TVTCL98-98C655U-4.png;images/TVTCL98-98C655U-2.png;images/TVTCL98-98C655U-5.png,oui,"Ce téléviseur grand format offre une image ultra haute définition pour vos programmes et films. Il est équipé d'une dalle QLED de 98 pouces.

Points forts
• Grand écran de 98 pouces
• Technologie QLED
• Résolution 4K UHD

Caractéristiques
Type : QLED
Taille : 98 pouces
Résolution : 4K UHD"
TVTEK32-32V6WEG,Autre marque,"Téléviseur teko 32 "" google tv 32v6wegtw",tv,Téléviseurs,61500,tv,jour,"32""",Type: LED | Taille: 32 pouces | Fonctions: Google TV | Garantie: 12 mois,images/TVTEK32-32V6WEG-1.jpg,images/TVTEK32-32V6WEG-1.jpg,oui,"Ce téléviseur connecté de 32 pouces fonctionne sous Google TV pour vous permettre de profiter de vos applications et programmes favoris.

Points forts
• Écran LED de 32 pouces
• Fonctionnalité Google TV intégrée

Caractéristiques
Type : LED
Taille : 32 pouces
Fonctions : Google TV"
TVTEK43-43V6WEG,Autre marque,"Téléviseur teko 43 "" google tv 43v6wegtw",tv,Téléviseurs,102000,tv,jour,"43""",Type: LED | Taille: 43 pouces | Fonctions: Google TV | Garantie: 12 mois,images/TVTEK43-43V6WEG-1.jpg,images/TVTEK43-43V6WEG-1.jpg,oui,"Ce téléviseur LED de 43 pouces intègre le système Google TV pour un accès simplifié à vos contenus connectés.

Points forts
• Écran LED de 43 pouces
• Système Google TV intégré

Caractéristiques
Type : LED
Taille : 43 pouces
Fonctions : Google TV"
TVTEK55-55V6F2G,Autre marque,"Téléviseur teko 55 "" google tv 55v6f2gtw",tv,Téléviseurs,187000,tv,jour,"55""",Type: LED | Taille: 55 pouces | Fonctions: Google TV | Garantie: 12 mois,images/TVTEK55-55V6F2G-1.jpg,images/TVTEK55-55V6F2G-1.jpg,oui,"Ce téléviseur de 55 pouces est équipé de la technologie LED et du système d'exploitation Google TV pour vos divertissements à la maison.

Points forts
• Écran LED de 55 pouces
• Système Google TV intégré

Caractéristiques
Type : LED
Taille : 55 pouces
Fonctions : Google TV"
TVTOR32-ANTICAS,Autre marque,"Téléviseur torl 32 "" Smart Android anti casse secam dvbt2",tv,Téléviseurs,61500,tv,jour,"32""","Type: LED | Taille: 32 pouces | Fonctions: Smart, Android TV | Garantie: 12 mois",images/TVTOR32-ANTICAS-1.jpg,images/TVTOR32-ANTICAS-1.jpg,oui,"Ce téléviseur intelligent de 32 pouces fonctionne sous Android et intègre un système anti-casse. Il dispose également d'un tuner numérique et analogique.

Points forts
• Écran de 32 pouces avec design frameless anti-casse
• Fonctionnalité Smart Android TV
• Tuner numérique DVB-T2 et analogique SECAM

Caractéristiques
Type : LED
Taille : 32 pouces
Fonctions : Smart, Android TV
Design : Frameless anti-casse
Analog TV system : SECAM
Analog audio system : K1
Digital TV system : DVB-T2"
TVTOR65-SMARTTV,Autre marque,"Téléviseur torl 65 "" Smart Android 4K",tv,Téléviseurs,256000,tv,jour,"65""","Type: LED | Taille: 65 pouces | Fonctions: Smart, Android TV | Résolution: 4K UHD | Garantie: 12 mois",images/TVTOR65-SMARTTV-1.jpg,images/TVTOR65-SMARTTV-1.jpg,oui,"Ce téléviseur LED de 65 pouces offre une image en résolution 4K UHD. Il intègre le système Smart Android 11 pour vos contenus connectés.

Points forts
• Grand écran de 65 pouces
• Résolution 4K UHD 3840 x 2160
• Système Smart Android 11 avec 1G+8G
• Design sans bord
• Tuner numérique DVB-T2 intégré

Caractéristiques
Type : LED
Taille d'écran : 65 pouces
Résolution : 3840 x 2160 pixels
Design : Frameless
Système : Smart Android 11
Mémoire : 1G+8G
Système TV analogique : SECAM
Système audio analogique : K1
Système TV numérique : DVB-T2"
TVTOR75-SMARTTV,Autre marque,"Téléviseur torl 75 "" Smart Android 4K",tv,Téléviseurs,441000,tv,jour,"75""","Type: LED | Taille: 75 pouces | Fonctions: Smart, Android TV | Résolution: 4K UHD | Garantie: 12 mois",images/TVTOR75-SMARTTV-1.jpg,images/TVTOR75-SMARTTV-1.jpg,oui,"Ce téléviseur LED de 75 pouces propose une image en résolution 4K UHD. Il fonctionne sous Android TV pour un usage connecté.

Points forts
• Immense écran de 75 pouces
• Résolution 4K UHD 3840 x 2160
• Fonction Smart Android 11
• Design sans bord

Caractéristiques
Type : LED
Taille d'écran : 75 pouces
Résolution : 3840 x 2160 pixels
Design : Frameless
Système : Smart Android 11
Mémoire : 1G+8G
Système TV analogique : SECAM
Système audio analogique : K1
Système TV numérique : DVB-T2"
TVTOR85-SMARTTV,Autre marque,"Téléviseur torl 85 "" Smart Android 4K",tv,Téléviseurs,820000,tv,jour,"85""","Type: LED | Taille: 85 pouces | Fonctions: Smart, Android TV | Résolution: 4K UHD | Garantie: 12 mois",images/TVTOR85-SMARTTV-1.jpg,images/TVTOR85-SMARTTV-1.jpg,oui,"Profitez d'un très grand écran avec ce téléviseur LED de 85 pouces en résolution 4K UHD et doté de fonctions connectées.

Points forts
• Très grand écran de 85 pouces
• Résolution 4K UHD 3840 x 2160
• Smart Android 11 intégré
• Conception sans bord

Caractéristiques
Type : LED
Taille d'écran : 85 pouces
Résolution : 3840 x 2160 pixels
Design : Frameless
Système : Smart Android 11
Mémoire : 1G+8G
Système TV analogique : SECAM
Système audio analogique : K1
Système TV numérique : DVB-T2"
TVWES32-TV32LED,Autre marque,"Téléviseur west 32 "" LED",tv,Téléviseurs,61500,tv,jour,"32""",Type: LED | Taille: 32 pouces | Garantie: 12 mois,images/TVWES32-TV32LED-1.jpg,images/TVWES32-TV32LED-1.jpg,oui,"Ce téléviseur LED de 32 pouces convient pour équiper une pièce de taille standard. Il dispose de ports HDMI et USB.

Points forts
• Écran de 32 pouces
• 3 ports HDMI disponibles
• 2 ports USB disponibles

Caractéristiques
Type : LED
Taille d'écran : 32 pouces
Résolution : 1366 x 768 pixels
Connectique : 3 HDMI, 2 USB"
TVWES65-65ZBC8W,Autre marque,"Téléviseur west 65 "" Smart Android 65zbyyw",tv,Téléviseurs,256000,tv,jour,"65""","Type: LED | Taille: 65 pouces | Fonctions: Smart, Android TV | Garantie: 12 mois",images/TVWES65-65ZBC8W-1.jpg,images/TVWES65-65ZBC8W-1.jpg,oui,"Ce téléviseur Smart Android de 65 pouces intègre des récepteurs et la TNT pour vos programmes. Il bénéficie du son Dolby Digital.

Points forts
• Écran de 65 pouces Smart Android
• TNT et récepteurs intégrés
• Son Dolby Digital
• 3 ports HDMI et 2 ports USB

Caractéristiques
Type : LED
Taille d'écran : 65 pouces
Résolution : 1366 x 768 pixels
Audio : Dolby Digital
Fonctions : Smart Android, TNT et récepteurs intégrés
Connectique : 3 HDMI, 2 USB"
TVWIW32-32QBR1W,Wiwlil,"Téléviseur Wiwlil 32 "" Smart 32qbr1w",tv,Téléviseurs,62300,tv,jour,"32""",Type: LED | Taille: 32 pouces | Fonctions: Smart | Garantie: 12 mois,images/TVWIW32-32QBR1W-1.jpg,images/TVWIW32-32QBR1W-1.jpg,oui,"Ce téléviseur Smart de 32 pouces permet d'accéder à des applications connectées comme Netflix et YouTube.

Points forts
• Écran de 32 pouces
• Résolution Full HD 1920 x 1080
• Applications Netflix et YouTube intégrées
• Connectivité USB et HDMI

Caractéristiques
Type : LED
Taille d'écran : 32 pouces (81 cm)
Résolution : 1920 x 1080 pixels
Largeur : 73 cm
Hauteur : 43 cm
Fonctions : Smart TV, Netflix, YouTube
Connectique : USB, HDMI"
TVWIL55-55QBQ6W,Wiwlil,"Téléviseur Wiwlil 55 "" Smart 55qbq6w",tv,Téléviseurs,183500,tv,jour,"55""",Type: LED | Taille: 55 pouces | Fonctions: Smart | Garantie: 12 mois,images/TVWIL55-55QBQ6W-1.jpg,images/TVWIL55-55QBQ6W-1.jpg,oui,"Ce téléviseur à écran plat Wiwlil de 55 pouces transforme votre salon en centre de divertissement multimédia. Il offre une qualité d'image optimale pour profiter de vos sources Haute Définition.

Points forts
• Taille d'écran de 55 pouces (140 cm)
• Résolution de 3840 x 2160 pixels
• Connectivité Wi-Fi, USB et HDMI
• Accès aux applications Netflix et YouTube

Caractéristiques
Type : LED
Taille d'écran : 55 pouces
Résolution : 3840 x 2160 pixels
Taille en cm : 140 cm
Largeur : 123 cm
Hauteur : 71 cm
Rétroéclairage : LED
Connectivité : Wifi, USB, HDMI"
TVWIL65-65QBF1W,Wiwlil,"Téléviseur Wiwlil 65 "" Smart 65qbf1w",tv,Téléviseurs,252800,tv,jour,"65""",Type: LED | Taille: 65 pouces | Fonctions: Smart | Garantie: 12 mois,images/TVWIL65-65QBF1W-1.jpg,images/TVWIL65-65QBF1W-1.jpg,oui,"Profitez d'un grand écran plat Wiwlil de 65 pouces pour transformer votre salon en centre de divertissement multimédia. Cet appareil assure une qualité d'image optimale pour vos sources Haute Définition.

Points forts
• Grand écran de 65 pouces (165 cm)
• Résolution de 3840 x 2160 pixels
• Connexion Wi-Fi intégrée
• Ports USB et HDMI
• Accès à Netflix et YouTube

Caractéristiques
Type : LED
Taille d'écran : 65 pouces
Résolution : 3840 x 2160 pixels
Taille en cm : 165 cm
Largeur : 145 cm
Hauteur : 83 cm
Rétroéclairage : LED
Connectivité : Wifi, USB, HDMI"
TVWIW75-75ANTI0,Wiwlil,"Téléviseur Wiwlil 75 "" Smart Android 4K ultra HD anticasse",tv,Téléviseurs,441000,tv,jour,"75""","Type: LED | Taille: 75 pouces | Fonctions: Smart, Android TV | Résolution: 4K UHD | Garantie: 12 mois",images/TVWIW75-75ANTI0-1.jpg,images/TVWIW75-75ANTI0-1.jpg,oui,"Ce téléviseur grand format Wiwlil de 75 pouces intègre Android 14 et une résolution 4K Ultra HD. Il est conçu pour offrir une expérience visuelle détaillée et connectée.

Points forts
• Écran géant de 75 pouces en résolution 4K Ultra HD
• Système Android 14 et connectivité Wi-Fi
• Fonctionnalité HDR 10 et audio Dolby
• Lecteur USB intégré et compatibilité MPEG 4

Caractéristiques
Type : LED
Taille : 75 pouces
Fonctions : Smart, Android TV
Résolution : 4K UHD (3840 x 2160 pixels)
Système d'exploitation : Android 14
Audio : Dolby Audio
Format d'image : 16:9"
TVWOW65-65SMART,Wow,"Téléviseur Wow 65 "" Smart Android 4K wa65su7200c3",tv,Téléviseurs,265000,tv,jour,"65""","Type: LED | Taille: 65 pouces | Fonctions: Smart, Android TV | Résolution: 4K UHD | Garantie: 12 mois",images/TVWOW65-65SMART-3.jpg,images/TVWOW65-65SMART-3.jpg;images/TVWOW65-65SMART-1.jpg;images/TVWOW65-65SMART-4.jpg;images/TVWOW65-65SMART-2.jpg;images/TVWOW65-65SMART-5.jpg,oui,"Ce téléviseur Smart TV Wow de 65 pouces propose une résolution 4K Ultra HD et un affichage fluide. Il s'intègre facilement dans votre salon pour vos contenus multimédias.

Points forts
• Écran de 65 pouces avec résolution 4K Ultra HD
• Connectique complète avec 3 ports HDMI et 2 ports USB
• Angle de vision de 176 degrés
• Fréquence de balayage de 60 Hz

Caractéristiques
Type : LED
Taille : 65 pouces (165 cm)
Fonctions : Smart, Android TV
Résolution : 4K Ultra HD (3840 x 2160 pixels)
Haut-parleurs : 8W + 8W
HDMI : 3 ports
USB : 2 ports
Rapport hauteur/luminosité : 16:9
Contraste : 3000:1
Temps de réponse : 6,5 ms
Fréquence : 60 Hz
Dimensions : 145,25 x 28,12 x 89,23 cm
Poids : 17,5 kg"
TVWOW75-75SMART,Wow,"Téléviseur Wow 75 "" Smart Android 4K wa75su7200c3",tv,Téléviseurs,410600,tv,jour,"75""","Type: LED | Taille: 75 pouces | Fonctions: Smart, Android TV | Résolution: 4K UHD | Garantie: 12 mois",images/TVWOW75-75SMART-1.jpg,images/TVWOW75-75SMART-1.jpg;images/TVWOW75-75SMART-4.jpg;images/TVWOW75-75SMART-2.jpg;images/TVWOW75-75SMART-5.jpg;images/TVWOW75-75SMART-3.jpg,oui,"Le téléviseur Smart TV Wow de 75 pouces offre un affichage 4K Ultra HD grand format pour vos divertissements. Il dispose d'une connectivité et d'une conception adaptées à votre salon.

Points forts
• Grand écran de 75 pouces (190 cm)
• Résolution 4K Ultra HD pour des images nettes
• Équipé de 3 ports HDMI et 2 ports USB
• Angle de vue large de 176 degrés

Caractéristiques
Type : LED
Taille : 75 pouces (190 cm)
Fonctions : Smart, Android TV
Résolution : 4K Ultra HD (3840 x 2160 pixels)
Haut-parleurs : 8W + 8W
HDMI : 3 ports
USB : 2 ports
Rapport d'aspect : 16:9
Contraste : 3000:1
Angle de vue : 176°(H) X 176°(V)
Fréquence : 60 Hz
Dimensions : 170 cm x 100 cm x 12 cm
Poids : 41,8 kg"
VENROC50-RC50LA,Roch,Ventilateur a eau Roch humidificateur 50 litres rc50l(ac),ventilation,Ventilation,88800,ventilo,jour,50 L,Capacité: 50 L | Garantie: 12 mois,images/VENROC50-RC50LA-1.png,images/VENROC50-RC50LA-1.png,oui,"Ce rafraîchisseur d'air par évaporation Roch est doté d'un grand réservoir pour une utilisation prolongée. Il convient pour rafraîchir les grands espaces.

Points forts
• Grand réservoir d'une capacité de 50 litres
• Autonomie prolongée pour les grandes pièces
• Fonctionne sur alimentation secteur 220V

Caractéristiques
Type d'appareil : Rafraîchisseur d'air par évaporation
Capacité : 50 L
Alimentation : Secteur 220V (AC)"
VENBIN00- 1692B0,Binatone,"Ventilateur Binatone 16 "" sur pied double helices a1692",ventilation,Ventilation,30800,ventilo,jour,"16""",Garantie: 12 mois,images/VENBIN00- 1692B0-1.png,images/VENBIN00- 1692B0-1.png,oui,"Ce ventilateur sur pied de 16 pouces est conçu pour vous rafraîchir efficacement grâce à ses lames jumelées à haute efficacité et ses différentes vitesses.

Points forts
• Puissance de 70 W
• Sélecteur à bouton-pression à 3 vitesses
• Minuterie intégrée de 2 heures
• Lames jumelées à haute efficacité

Caractéristiques
Type de produit : Ventilateur
Modèle : A1692B
Puissance : 70 W
Vitesses : 3
Minuterie : 2 heures"
VENBIN00-IT1660,Binatone,"Ventilateur Binatone 16 "" sur pied noir dore ital1660",ventilation,Ventilation,29000,ventilo,jour,"16""",Couleur: Noir | Garantie: 12 mois,images/VENBIN00-IT1660-1.jpg,images/VENBIN00-IT1660-1.jpg,oui,"Ce ventilateur sur pied de 16 pouces de couleur noire offre une ventilation ajustable grâce à son moteur en cuivre et ses trois vitesses.

Points forts
• Puissance de 65 W
• 3 vitesses réglables
• Moteur en cuivre
• Taille de 16 pouces

Caractéristiques
Type de produit : Ventilateur sur pied
Modèle : ITAL1660
Taille : 16""
Puissance : 65 W
Nombre de vitesses : 3
Couleur : Noir"
VENBIN00-165600,Binatone,"Ventilateur Binatone 16 "" sur pied vs1656",ventilation,Ventilation,30800,ventilo,jour,"16""",Garantie: 12 mois,images/VENBIN00-165600-1.png,images/VENBIN00-165600-1.png,oui,"Ce ventilateur sur pied de 16 pouces assure un flux d'air agréable dans votre pièce grâce à ses pales à haute efficacité et ses trois vitesses.

Points forts
• Puissance de 55 W
• Pales à haute efficacité
• 3 boutons poussoirs pour les vitesses

Caractéristiques
Type de produit : Ventilateur
Modèle : VS-1656
Puissance : 55 W"
VENBIN00-180600,Binatone,"Ventilateur Binatone 18 "" mural wf1806",ventilation,Ventilation,24500,ventilo,jour,"18""",Garantie: 12 mois,images/VENBIN00-180600-1.jpg,images/VENBIN00-180600-1.jpg,oui,"Ce ventilateur mural de 18 pouces permet de rafraîchir votre espace tout en économisant de l'espace au sol grâce à son installation murale.

Points forts
• Dimension de 18 pouces
• 3 vitesses disponibles
• Équipé de 5 pales
• Type mural

Caractéristiques
Type de ventilateur : Mural
Référence : WF1806
Dimension : 18""
Nombre de vitesses : 3
Nombre de pales : 5"
VENBIN18-TS1880,Binatone,"Ventilateur Binatone 18 "" sur pied ts1880",ventilation,Ventilation,30800,ventilo,jour,"18""",Garantie: 12 mois,images/VENBIN18-TS1880-1.jpg,images/VENBIN18-TS1880-1.jpg,oui,"Ce ventilateur sur pied de 18 pouces est équipé d'un moteur puissant pour assurer une bonne circulation de l'air dans la pièce.

Points forts
• Puissance de 100 W
• Taille de 18 pouces

Caractéristiques
Type de produit : Ventilateur sur pied
Modèle : TS1880
Taille : 18""
Puissance : 100 W"
VENBIN18-WF1808,Binatone,"Ventilateur Binatone 18 ""mural avec commande noir wf 1808rc",ventilation,Ventilation,24500,ventilo,jour,,Couleur: Noir | Garantie: 12 mois,images/VENBIN18-WF1808-1.jpg,images/VENBIN18-WF1808-1.jpg,oui,"Ce ventilateur mural noir est doté d'une commande pour une utilisation pratique au quotidien.

Points forts
• Couleur noire
• Modèle mural avec commande

Caractéristiques
Couleur : Noir
Type de produit : Ventilateur mural"
VENBIN20-TS2020,Autre Marque,"Ventilateur Binatone 20 "" sur pied ts2020",ventilation,Ventilation,26000,ventilo,jour,"20""",Garantie: 12 mois,images/VENBIN20-TS2020-1.jpg,images/VENBIN20-TS2020-1.jpg,oui,"Ce ventilateur sur pied de 20 pouces est conçu pour vous rafraîchir efficacement au quotidien dans vos espaces de vie ou de travail.

Points forts
• Comporte 5 lames pour la ventilation
• Structure en métal
• Fonctionne sur une tension de 220 V

Caractéristiques
Type de produit : Ventilateur sur pied
Modèle : TS2020
Matière : Métal
Nombre de lames : 5
Tension : 220 V
Poids : 3 kg
Couleur : Noir"
VENBIN26-IWF260,Binatone,"Ventilateur Binatone 26 "" mural industriel en fer iwf2600",ventilation,Ventilation,52600,ventilo,jour,"26""",Garantie: 12 mois,images/VENBIN26-IWF260-1.jpg,images/VENBIN26-IWF260-1.jpg,oui,"Ce ventilateur mural industriel est conçu pour offrir un fort flux d'air de refroidissement dans les bureaux, les maisons ou les environnements exigeants.

Points forts
• Puissance de 130 watts
• Lames en métal aluminium robustes
• Cordon d'alimentation long pour un placement à distance
• Adapté pour les bureaux et les maisons

Caractéristiques
Type de produit : Ventilateur mural industriel
Modèle : IWF-2600
Puissance : 130 W
Nombre de lames : 3
Matériau des lames : Métal aluminium"
VENBIN30-HDF302,Binatone,"Ventilateur Binatone 30 "" industriel sur pied en fer hdf3020",ventilation,Ventilation,30800,ventilo,jour,"30""",Garantie: 12 mois,images/VENBIN30-HDF302-1.jpg,images/VENBIN30-HDF302-1.jpg,oui,"Ce ventilateur industriel sur pied de 30 pouces assure une ventilation puissante et adaptée aux grands espaces grâce à ses trois vitesses.

Points forts
• Taille de 30 pouces
• Puissance de 70W
• Dispose de 3 vitesses
• Équipé d'un moteur en cuivre

Caractéristiques
Type de produit : Ventilateur sur pied
Modèle : HDF-3020
Taille : 30""
Puissance : 70 W
Nombre de vitesses : 3
Moteur : Cuivre"
VENBIN20-BAC201,Binatone,Ventilateur Binatone a eau humidificateur d'air 20 litres bac 201,ventilation,Ventilation,74000,ventilo,jour,20 L,Capacité: 20 L | Garantie: 12 mois,images/VENBIN20-BAC201-1.png,images/VENBIN20-BAC201-1.png,oui,"Ce ventilateur à eau humidificateur d'air est idéal pour rafraîchir et humidifier l'atmosphère de votre pièce.

Points forts
• Grande capacité de 20 litres

Caractéristiques
Type de produit : Ventilateur à eau humidificateur d'air
Modèle : BAC 201
Capacité : 20 L"
VENBIN00-1692B0,Autre Marque,Ventilateur Binatone sur pied double helices a1692,ventilation,Ventilation,18000,ventilo,jour,,Garantie: 12 mois,images/VENBIN00-1692B0-1.jpg,images/VENBIN00-1692B0-1.jpg,oui,"Ce ventilateur sur pied est doté de doubles hélices pour assurer une circulation optimale de l'air dans votre pièce.

Points forts
• Conception sur pied
• Système à doubles hélices

Caractéristiques
Type de produit : Ventilateur sur pied
Modèle : A1692
Design : Double hélices"
VENDES18-FW47RI,Deska,"Ventilateur Deska 18 "" mural avec commande fw47 (rino)",ventilation,Ventilation,23500,ventilo,jour,"18""",Garantie: 12 mois,images/VENDES18-FW47RI-2.png,images/VENDES18-FW47RI-2.png;images/VENDES18-FW47RI-1.png,oui,"Ce ventilateur mural de 18 pouces est livré avec une commande pour une utilisation pratique à distance.

Points forts
• Format mural de 18 pouces
• Livré avec une commande

Caractéristiques
Type de produit : Ventilateur mural
Modèle : FW47 (Rino)
Taille : 18"""
VENDES18-FS32RI,Deska,"Ventilateur Deska 18 "" sur pied avec commande fs32ri",ventilation,Ventilation,32000,ventilo,jour,"18""",Garantie: 12 mois,images/VENDES18-FS32RI-1.png,images/VENDES18-FS32RI-1.png;images/VENDES18-FS32RI-2.png,oui,"Ce ventilateur sur pied de 18 pouces est conçu pour assurer la ventilation de vos espaces intérieurs.

Points forts
• Ventilateur sur pied de 18 pouces
• Équipé d'une commande

Caractéristiques
Type : Ventilateur sur pied
Taille : 18 pouces"
VENDES18-FS14BL,Deska,"Ventilateur Deska 18 "" sur pied bleu fs14blsc",ventilation,Ventilation,26900,ventilo,jour,"18""",Couleur: Bleu | Garantie: 12 mois,images/VENDES18-FS14BL-1.png,images/VENDES18-FS14BL-1.png,oui,"Ce ventilateur sur pied de 18 pouces de couleur bleue permet de rafraîchir efficacement vos pièces.

Points forts
• Ventilateur sur pied de 18 pouces
• Coloris bleu

Caractéristiques
Type : Ventilateur sur pied
Taille : 18 pouces
Couleur : Bleu"
VENDES18-FS13NO,Deska,"Ventilateur Deska 18 "" sur pied noir fs13nosc",ventilation,Ventilation,26900,ventilo,jour,"18""",Couleur: Noir | Garantie: 12 mois,images/VENDES18-FS13NO-1.png,images/VENDES18-FS13NO-1.png;images/VENDES18-FS13NO-2.png,oui,"Ce ventilateur sur pied de 18 pouces de couleur noire est adapté pour la ventilation de la maison.

Points forts
• Ventilateur sur pied de 18 pouces
• Coloris noir

Caractéristiques
Type : Ventilateur sur pied
Taille : 18 pouces
Couleur : Noir"
VENELA18-L9600N,Elactron,Ventilateur Elactron 18&prime; sur pied avec telecommande noir l96,ventilation,Ventilation,18000,ventilo,jour,,Couleur: Noir | Garantie: 12 mois,images/VENELA18-L9600N-1.png,images/VENELA18-L9600N-1.png,oui,"Ce ventilateur sur pied de 18 pouces avec télécommande assure une diffusion optimale de l'air dans vos pièces.

Points forts
• Ventilateur sur pied de 18 pouces avec commande
• Vent à oscillation complète
• Moteur silencieux
• Voltage de 220V-50Hz

Caractéristiques
Type : Ventilateur sur pied
Taille : 18 pouces
Couleur : Noir
Voltage : 220V-50Hz
Poids : 11,5 kg
Dimensions : 51 x 23 x 56 cm
Fonctions : Oscillation complète, commande"
VENKOR87-087KOR,Autre Marque,"Ventilateur koreq 16 "" mural avec commande fw40d66",ventilation,Ventilation,18000,ventilo,jour,"16""",Garantie: 12 mois,images/VENKOR87-087KOR-1.png,images/VENKOR87-087KOR-1.png,oui,"Ce ventilateur mural de 16 pouces avec commande s'installe facilement sur un mur pour rafraîchir votre pièce.

Points forts
• Ventilateur mural de 16 pouces
• Équipé d'une commande

Caractéristiques
Type : Ventilateur mural
Taille : 16 pouces"
VENKOR88-088KOR,Autre Marque,"Ventilateur koreq 16 "" plafonnier avec commande ed40ei",ventilation,Ventilation,18000,ventilo,jour,"16""",Garantie: 12 mois,images/VENKOR88-088KOR-1.png,images/VENKOR88-088KOR-1.png,oui,"Ce ventilateur plafonnier de 16 pouces avec commande permet de brasser l'air depuis le plafond.

Points forts
• Ventilateur plafonnier de 16 pouces
• Équipé d'une commande

Caractéristiques
Type : Ventilateur plafonnier
Taille : 16 pouces"
VENKOR89-089KOR,Autre Marque,"Ventilateur koreq 18 "" sur pied avec commande blanc fs45a790",ventilation,Ventilation,18000,ventilo,jour,"18""",Couleur: Blanc | Garantie: 12 mois,images/VENKOR89-089KOR-1.jpg,images/VENKOR89-089KOR-1.jpg,oui,"Le ventilateur Koreq de 18 pouces sur pied est équipé d'une commande pour rafraîchir vos pièces.

Points forts
• Diamètre de 18 pouces
• Modèle sur pied avec commande
• Coloris blanc

Caractéristiques
Type : Ventilateur sur pied
Taille : 18 pouces
Couleur : Blanc"
VENKOR45-FS45A7,Autre Marque,"Ventilateur koreq 18 "" sur pied avec commande noir fs45a790",ventilation,Ventilation,18000,ventilo,jour,"18""",Couleur: Noir | Garantie: 12 mois,images/VENKOR45-FS45A7-1.jpg,images/VENKOR45-FS45A7-1.jpg,oui,"Ce ventilateur Koreq de 18 pouces sur pied dispose d'une commande pour une utilisation pratique au quotidien.

Points forts
• Diamètre de 18 pouces
• Modèle sur pied avec commande
• Coloris noir

Caractéristiques
Type : Ventilateur sur pied
Taille : 18 pouces
Couleur : Noir"
VENLEF40-FS1645,Lefon,"Ventilateur lefon 16 "" sur pied avec commande blanc fs1645",ventilation,Ventilation,18900,ventilo,jour,"16""",Couleur: Blanc | Garantie: 12 mois,images/VENLEF40-FS1645-1.jpg,images/VENLEF40-FS1645-1.jpg,oui,"Le ventilateur sur pied Lefon de 16 pouces intègre trois vitesses et une commande pour ventiler efficacement votre intérieur.

Points forts
• Trois vitesses réglables
• Fonctionne avec une commande
• Puissance de 45W

Caractéristiques
Modèle : FS40-1645
Taille : 16 pouces
Voltage : 200V – 240V
Puissance : 45W
Vitesses : 3
Couleur : Blanc"
VENLEF40-FS1659,Lefon,"Ventilateur lefon 16 "" sur pied avec commande noir fs401659",ventilation,Ventilation,18900,ventilo,jour,"16""",Couleur: Noir | Garantie: 12 mois,images/VENLEF40-FS1659-1.jpg,images/VENLEF40-FS1659-1.jpg,oui,"Le ventilateur sur pied multifonctionnel Lefon est proposé avec une commande pour un usage simple et adapté à vos besoins.

Points forts
• Modèle multifonctionnel sur pied
• Livré avec une commande

Caractéristiques
Modèle : FS40-1659
Marque : Lefon
Couleur : Noir"
VENREG16-R165WF,Regal,"Ventilateur regal 16 "" mural avec commande noir r165wf",ventilation,Ventilation,23000,ventilo,jour,"16""",Couleur: Noir | Garantie: 12 mois,images/VENREG16-R165WF-1.png,images/VENREG16-R165WF-1.png,oui,"Le ventilateur mural Regal de 16 pouces avec commande s'installe facilement au mur pour diffuser de l'air.

Points forts
• Modèle mural de 16 pouces
• Équipé d'une commande
• Coloris noir

Caractéristiques
Type : Ventilateur mural
Taille : 16 pouces
Couleur : Noir"
VENREG18-R616WF,Regal,"Ventilateur regal 16 "" mural r616wf",ventilation,Ventilation,23000,ventilo,jour,"16""",Garantie: 12 mois,images/VENREG18-R616WF-1.png,images/VENREG18-R616WF-1.png,oui,"Ce ventilateur mural Regal de 16 pouces est conçu pour être fixé au mur et assurer la ventilation de la pièce.

Points forts
• Modèle mural
• Taille de 16 pouces

Caractéristiques
Type : Ventilateur mural
Taille : 16 pouces"
VENREG16-ROF16P,Regal,"Ventilateur regal 16 "" plafonnier rof16p",ventilation,Ventilation,20000,ventilo,jour,"16""",Garantie: 12 mois,images/VENREG16-ROF16P-1.png,images/VENREG16-ROF16P-1.png,oui,"Ce ventilateur plafonnier de 16 pouces de la marque Regal est conçu pour assurer la ventilation de vos pièces.

Points forts
• Ventilateur plafonnier de 16 pouces

Caractéristiques
Type : Plafonnier
Taille : 16 pouces"
VENREG16-RSF16B,Regal,"Ventilateur regal 16 "" sur pied blanc rsf16b",ventilation,Ventilation,39000,ventilo,jour,"16""",Couleur: Blanc | Garantie: 12 mois,images/VENREG16-RSF16B-1.png,images/VENREG16-RSF16B-1.png,oui,"Ce ventilateur sur pied de 16 pouces de couleur blanche est conçu pour rafraîchir vos espaces de vie au quotidien.

Points forts
• Ventilateur sur pied de 16 pouces
• Coloris blanc

Caractéristiques
Type : Sur pied
Taille : 16 pouces
Couleur : Blanc"
VENREG16-RS16SF,Regal,"Ventilateur regal 16 "" sur pied blanc rsf16sf",ventilation,Ventilation,39000,ventilo,jour,"16""",Couleur: Blanc | Garantie: 12 mois,images/VENREG16-RS16SF-1.png,images/VENREG16-RS16SF-1.png,oui,"Ce ventilateur sur pied blanc de 16 pouces signé Regal assure une diffusion homogène de l'air dans la pièce.

Points forts
• Modèle sur pied de 16 pouces
• Finition blanche

Caractéristiques
Type : Sur pied
Taille : 16 pouces
Couleur : Blanc"
VENREG18-R850WF,Regal,"Ventilateur regal 18 "" mural blanc r850wf",ventilation,Ventilation,23000,ventilo,jour,"18""",Couleur: Blanc | Garantie: 12 mois,images/VENREG18-R850WF-1.png,images/VENREG18-R850WF-1.png,oui,"Ce ventilateur mural de 18 pouces de couleur blanche s'installe facilement au mur pour aérer votre intérieur.

Points forts
• Ventilateur mural de 18 pouces
• Coloris blanc

Caractéristiques
Type : Mural
Taille : 18 pouces
Couleur : Blanc"
VENREG18-R855WF,Regal,"Ventilateur regal 18 "" mural blanc r855wf",ventilation,Ventilation,23000,ventilo,jour,"18""",Couleur: Blanc | Garantie: 12 mois,images/VENREG18-R855WF-1.png,images/VENREG18-R855WF-1.png,oui,"Ce ventilateur mural blanc de 18 pouces est conçu pour un gain de place tout en rafraîchissant efficacement la pièce.

Points forts
• Ventilateur mural de 18 pouces
• Coloris blanc

Caractéristiques
Type : Mural
Taille : 18 pouces
Couleur : Blanc"
VENREG18-R185SF,Regal,"Ventilateur regal 18 "" sur pied noir r185sf",ventilation,Ventilation,39000,ventilo,jour,"18""",Couleur: Noir | Garantie: 12 mois,images/VENREG18-R185SF-1.png,images/VENREG18-R185SF-1.png,oui,"Ce ventilateur sur pied noir de 18 pouces est idéal pour ventiler efficacement toutes vos pièces.

Points forts
• Ventilateur sur pied de 18 pouces
• Coloris noir

Caractéristiques
Type : Sur pied
Taille : 18 pouces
Couleur : Noir"
VENREG18-R18700,Regal,"Ventilateur regal 18 "" sur pied noir r187",ventilation,Ventilation,39000,ventilo,jour,"18""",Couleur: Noir | Garantie: 12 mois,images/VENREG18-R18700-1.png,images/VENREG18-R18700-1.png,oui,"Ce ventilateur sur pied de 18 pouces convient pour rafraichir vos differentes pieces.

Points forts
• Modele sur pied de 18 pouces
• Coloris noir

Caractéristiques
Type : Ventilateur sur pied
Taille : 18 pouces
Couleur : Noir"
VENREG24-RX24IV,Regal,"Ventilateur regal 24 "" plafonnier ivoire rx24",ventilation,Ventilation,21500,ventilo,jour,"24""",Garantie: 12 mois,images/VENREG24-RX24IV-1.png,images/VENREG24-RX24IV-1.png,oui,"Ce ventilateur plafonnier de 24 pouces s'installe au plafond pour aerer votre interieur.

Points forts
• Ventilateur de type plafonnier
• Taille de 24 pouces

Caractéristiques
Type : Ventilateur plafonnier
Taille : 24 pouces"
VENREG24-RX24MA,Regal,"Ventilateur regal 24 "" plafonnier marron rx24",ventilation,Ventilation,21500,ventilo,jour,"24""",Couleur: Marron | Garantie: 12 mois,images/VENREG24-RX24MA-1.png,images/VENREG24-RX24MA-1.png,oui,"Ce ventilateur plafonnier de 24 pouces de couleur marron permet d'aerer votre piece.

Points forts
• Ventilateur de type plafonnier
• Taille de 24 pouces
• Coloris marron

Caractéristiques
Type : Ventilateur plafonnier
Taille : 24 pouces
Couleur : Marron"
VENREG48-AR4800,Regal,"Ventilateur regal 48 "" plafonnier blanc ar48",ventilation,Ventilation,32000,ventilo,jour,"48""",Couleur: Blanc | Garantie: 12 mois,images/VENREG48-AR4800-1.png,images/VENREG48-AR4800-1.png,oui,"Ce ventilateur plafonnier blanc de 48 pouces assure l'aeration de votre espace.

Points forts
• Modele plafonnier de 48 pouces
• Coloris blanc

Caractéristiques
Type : Ventilateur plafonnier
Taille : 48 pouces
Couleur : Blanc"
VENREG48-RCF48B,Regal,"Ventilateur regal 48 "" plafonnier blanc rx48/rcf48",ventilation,Ventilation,24900,ventilo,jour,"48""",Couleur: Blanc | Garantie: 12 mois,images/VENREG48-RCF48B-1.png,images/VENREG48-RCF48B-1.png,oui,"Ce ventilateur plafonnier blanc de 48 pouces convient pour ventiler une piece.

Points forts
• Modele plafonnier de 48 pouces
• Coloris blanc

Caractéristiques
Type : Ventilateur plafonnier
Taille : 48 pouces
Couleur : Blanc"
VENREG48-RX48DE,Regal,"Ventilateur regal 48 "" plafonnier marron rx48/rcf48",ventilation,Ventilation,32000,ventilo,jour,"48""",Couleur: Marron | Garantie: 12 mois,images/VENREG48-RX48DE-1.png,images/VENREG48-RX48DE-1.png,oui,"Ce ventilateur plafonnier marron de 48 pouces s'installe au plafond pour rafraichir votre piece.

Points forts
• Ventilateur de type plafonnier
• Taille de 48 pouces
• Coloris marron

Caractéristiques
Type : Ventilateur plafonnier
Taille : 48 pouces
Couleur : Marron"
VENREG03-PLAFON,Regal,"Ventilateur regal 56 "" plafonnier 3 helivhes metal marron rdf56",ventilation,Ventilation,42000,ventilo,jour,"56""",Couleur: Marron | Garantie: 12 mois,images/VENREG03-PLAFON-1.png,images/VENREG03-PLAFON-1.png;images/VENREG03-PLAFON-2.png,oui,"Ce ventilateur plafonnier Regal de 56 pouces dispose de 3 hélices en métal et convient pour rafraîchir vos pièces.

Points forts
• Diametre de 56 pouces
• 3 helices en metal
• Coloris marron

Caractéristiques
Type : Ventilateur plafonnier
Taille : 56 pouces
Nombre d'helices : 3
Matiere des helices : Metal
Couleur : Marron"
VENREG56-RDF56I,Regal,"Ventilateur regal 56 "" plafonnier beige rdf56",ventilation,Ventilation,42000,ventilo,jour,"56""",Couleur: Beige | Garantie: 12 mois,images/VENREG56-RDF56I-1.png,images/VENREG56-RDF56I-1.png,oui,"Ce ventilateur plafonnier Regal de 56 pouces de couleur beige est conçu pour ventiler efficacement votre interieur.

Points forts
• Modele plafonnier de 56 pouces
• Coloris beige discret

Caractéristiques
Type : Ventilateur plafonnier
Taille : 56 pouces
Couleur : Beige"
VENREG56-AR56BL,Regal,"Ventilateur regal 56 "" plafonnier blanc ar56",ventilation,Ventilation,42000,ventilo,jour,"56""",Couleur: Blanc | Garantie: 12 mois,images/VENREG56-AR56BL-1.jpg,images/VENREG56-AR56BL-1.jpg,oui,"Ce ventilateur plafonnier blanc AR56 de marque Regal assure la ventilation de votre piece.

Points forts
• Modele plafonnier de 56 pouces
• Coloris blanc

Caractéristiques
Type : Ventilateur plafonnier
Taille : 56 pouces
Couleur : Blanc"
VENREG56-RCF56B,Regal,"Ventilateur regal 56 "" plafonnier blanc rcf56/rx56",ventilation,Ventilation,42000,ventilo,jour,"56""",Couleur: Blanc | Garantie: 12 mois,images/VENREG56-RCF56B-1.png,images/VENREG56-RCF56B-1.png,oui,"Ce ventilateur plafonnier blanc de 56 pouces de la marque Regal permet de brasser l'air de votre interieur.

Points forts
• Format plafonnier
• Coloris blanc

Caractéristiques
Type : Ventilateur plafonnier
Taille : 56 pouces
Couleur : Blanc"
VENREG56-RDF56B,Regal,"Ventilateur regal 56 "" plafonnier blanc rdf56",ventilation,Ventilation,42000,ventilo,jour,"56""",Couleur: Blanc | Garantie: 12 mois,images/VENREG56-RDF56B-1.png,images/VENREG56-RDF56B-1.png,oui,"Ce ventilateur plafonnier blanc Regal de 56 pouces s'installe au plafond pour aerer votre piece.

Points forts
• Modele plafonnier de 56 pouces
• Coloris blanc

Caractéristiques
Type : Ventilateur plafonnier
Taille : 56 pouces
Couleur : Blanc"
VENREG56-RCF56M,Regal,"Ventilateur regal 56 "" plafonnier marron rx56deco",ventilation,Ventilation,42000,ventilo,jour,"56""",Couleur: Marron | Garantie: 12 mois,images/VENREG56-RCF56M-1.png,images/VENREG56-RCF56M-1.png,oui,"Ce ventilateur plafonnier marron Regal de 56 pouces est adapte pour ventiler vos espaces de vie.

Points forts
• Modele plafonnier de 56 pouces
• Coloris marron

Caractéristiques
Type : Ventilateur plafonnier
Taille : 56 pouces
Couleur : Marron"
VENROC16-RWF161,Roch,"Ventilateur Roch 16 "" mural rwf1611f",ventilation,Ventilation,20700,ventilo,jour,"16""",Garantie: 12 mois,images/VENROC16-RWF161-1.png,images/VENROC16-RWF161-1.png,oui,"Ce ventilateur mural Roch de 16 pouces permet de rafraîchir vos pièces tout en optimisant l'espace disponible.

Points forts
• Format mural gain de place
• Diamètre de 16 pouces

Caractéristiques
Type : Ventilateur mural
Taille : 16 pouces"
VENROC16-ROFW16,Roch,"Ventilateur Roch 16 "" plafonnier blanc rofw1608",ventilation,Ventilation,26000,ventilo,jour,"16""",Couleur: Blanc | Garantie: 12 mois,images/VENROC16-ROFW16-1.png,images/VENROC16-ROFW16-1.png,oui,"Le ventilateur plafonnier Roch Orbit offre une utilisation simple et un réglage aisé pour ventiler votre intérieur.

Points forts
• Utilisation et réglage aisés
• Fonctionnalité et simplicité

Caractéristiques
Type : Ventilateur plafonnier
Couleur : Blanc
Tension : 220 V/50 Hz"
VENROC18-RWF181,Roch,"Ventilateur Roch 18 "" mural noir rwf1812f",ventilation,Ventilation,20700,ventilo,jour,"18""",Couleur: Noir | Garantie: 12 mois,images/VENROC18-RWF181-1.png,images/VENROC18-RWF181-1.png,oui,"Ce ventilateur mural noir de 18 pouces est conçu pour assurer une ventilation renforcée dans diverses pièces.

Points forts
• Double hélices pour une ventilation renforcée
• 3 niveaux de vitesse
• Moteur en aluminium robuste
• Installation murale pratique

Caractéristiques
Type : Ventilateur mural
Couleur : Noir
Puissance : 55W
Vitesses : 3 niveaux"
VENROC18-RM1804,Roch,"Ventilateur Roch 18 "" mural rwf1804",ventilation,Ventilation,20700,ventilo,jour,"18""",Garantie: 12 mois,images/VENROC18-RM1804-1.png,images/VENROC18-RM1804-1.png,oui,"Ce ventilateur mural de 18 pouces dispose de plusieurs vitesses pour adapter le flux d'air selon vos besoins.

Points forts
• Type mural
• 5 pales
• 3 vitesses

Caractéristiques
Type : Ventilateur mural
Dimension : 18 pouces
Nombre de pales : 5
Nombre de vitesses : 3"
VENROC18-RSF180,Roch,"Ventilateur Roch 18 "" sur pied blanc rsf1801d",ventilation,Ventilation,27500,ventilo,jour,"18""",Couleur: Blanc | Garantie: 12 mois,images/VENROC18-RSF180-2.png,images/VENROC18-RSF180-2.png;images/VENROC18-RSF180-1.png,oui,"Ce ventilateur sur pied blanc de 18 pouces apporte une solution de ventilation adaptée à votre intérieur.

Points forts
• Modèle sur pied
• Diamètre de 18 pouces

Caractéristiques
Type : Ventilateur sur pied
Couleur : Blanc
Taille : 18 pouces"
VENROC18-RSF185,Roch,"Ventilateur Roch 18 "" sur pied gris bleu rsf1852f",ventilation,Ventilation,27500,ventilo,jour,"18""",Couleur: Gris | Garantie: 12 mois,images/VENROC18-RSF185-1.png,images/VENROC18-RSF185-1.png;images/VENROC18-RSF185-2.png,oui,"Ce ventilateur sur pied gris bleu de 18 pouces diffuse l'air efficacement grâce à son oscillation automatique et sa puissance de 55W.

Points forts
• Oscillation automatique horizontale
• 3 niveaux de vitesse
• Pied en métal robuste
• Hauteur réglable

Caractéristiques
Type : Ventilateur sur pied
Couleur : Gris
Diamètre des pales : 18 pouces (45 cm)
Puissance : 55W
Tension : 220V / 50Hz
Nombre de vitesses : 3"
VENROC36-RCLF36,Roch,"Ventilateur Roch 36 "" plafonnier blanc rclf3611e",ventilation,Ventilation,26000,ventilo,jour,"36""",Couleur: Blanc | Garantie: 12 mois,images/VENROC36-RCLF36-1.png,images/VENROC36-RCLF36-1.png,oui,"Decouvrez ce ventilateur plafonnier de 36 pouces de la marque Roch, ideal pour rafraichir vos pieces au quotidien.

Points forts
• Modele plafonnier
• Coloris blanc

Caractéristiques
Couleur : Blanc
Type de produit : Ventilateur plafonnier
Taille : 36 pouces"
VENROC56-RCLF56,Roch,"Ventilateur Roch 56 "" plafonnier blanc rclf5611e",ventilation,Ventilation,28000,ventilo,jour,"56""",Couleur: Blanc | Garantie: 12 mois,images/VENROC56-RCLF56-1.png,images/VENROC56-RCLF56-1.png,oui,"Ce ventilateur plafonnier de 56 pouces de la marque Roch vous permet de ventiler efficacement votre interieur.

Points forts
• Modele plafonnier
• Coloris blanc

Caractéristiques
Couleur : Blanc
Type de produit : Ventilateur plafonnier
Taille : 56 pouces"
VENSMA16-1653WC,Smart Technology,"Ventilateur Smart Technology 16 "" mural avec commande stv1654wc",ventilation,Ventilation,25000,ventilo,jour,"16""",Garantie: 12 mois,images/VENSMA16-1653WC-1.jpg,images/VENSMA16-1653WC-1.jpg,oui,"Ce ventilateur mural de 16 pouces avec commande de Smart Technology s'installe facilement au mur pour aerer votre piece.

Points forts
• Ventilateur mural de 16 pouces avec commande
• Grilles de protection de nervure avec deux poinees
• Poids de 3.5 kg
• Puissance de 50 W

Caractéristiques
Type de produit : Ventilateur mural
Taille : 16 pouces
Tension : 220V
Frequence : 50Hz
Puissance : 50 W
Matiere de la lame : Plastique
Poids : 3.5 kg"
VENSMA18-STV184,Smart Technology,"Ventilateur Smart Technology 18 "" sur pied stv1840c",ventilation,Ventilation,47200,ventilo,jour,"18""",Garantie: 12 mois,images/VENSMA18-STV184-1.jpg,images/VENSMA18-STV184-1.jpg,oui,"Le ventilateur sur pied Smart Technology aide a rafraichir l'air de votre interieur grace a ses boutons de vitesse tournante.

Points forts
• Boutons de vitesse tournante
• Grilles de protection en plastique
• Pales en plastique

Caractéristiques
Type de produit : Ventilateur sur pied
Taille : 20 pouces
Tension : 220V
Frequence : 50Hz
Matiere de la lame : Plastique"
VENSMA18-S1852C,Smart Technology,"Ventilateur Smart Technology 18 "" sur pied stv1852c",ventilation,Ventilation,47200,ventilo,jour,"18""",Garantie: 12 mois,images/VENSMA18-S1852C-1.png,images/VENSMA18-S1852C-1.png,oui,"Ce ventilateur sur pied de 18 pouces de Smart Technology dispose de 3 vitesses pour adapter la ventilation selon vos besoins.

Points forts
• 3 vitesses reglables
• Base de pied ronde
• Poids de 3 kg
• Puissance de 50 W

Caractéristiques
Type de produit : Ventilateur sur pied
Taille : 18 pouces
Tension : 220-240V
Frequence : 50Hz
Puissance : 50 W
Vitesse : 3
Matiere de la lame : Plastique
Hauteur : 130 cm
Poids : 3 kg"
VENSMA18-STV185,Smart Technology,"Ventilateur Smart Technology 18 "" sur pied stv1854c",ventilation,Ventilation,47200,ventilo,jour,"18""",Garantie: 12 mois,images/VENSMA18-STV185-1.jpg,images/VENSMA18-STV185-1.jpg,oui,"Optez pour ce ventilateur sur pied de 18 pouces de Smart Technology pour aerer vos espaces de vie.

Points forts
• Puissance de 50 W
• 3 vitesses ajustables
• Poids leger de 3 kg
• Coloris blanc

Caractéristiques
Type de produit : Ventilateur sur pied
Taille : 18 pouces
Puissance : 50 W
Vitesse : 3
Couleur : Blanc
Poids : 3 kg"
VENSMA18-S1856C,Smart Technology,"Ventilateur Smart Technology 18 "" sur pied stv1856c",ventilation,Ventilation,47200,ventilo,jour,"18""",Garantie: 12 mois,images/VENSMA18-S1856C-1.jpg,images/VENSMA18-S1856C-1.jpg,oui,"Ce ventilateur sur pied de 18 pouces signé Smart Technology assure une ventilation efficace de vos espaces. Il dispose de boutons de vitesse tournante et d'une base de pied ronde.

Points forts
• Puissance de 50 W
• Grilles de protection en plastique
• Poids de 7,5 kg
• Taille de 130 cm

Caractéristiques
Type de produit : Ventilateur 18 pouces
Tension : 220 V
Fréquence : 50 Hz
Puissance : 50 W
Matière de la lame : Plastique
Poids : 7,5 kg
Taille : 130 cm"
VENSMA20-STV200,Smart Technology,"Ventilateur Smart Technology 20 "" industriel sur pied 3 pales stv2001c",ventilation,Ventilation,47200,ventilo,jour,"20""",Garantie: 12 mois,images/VENSMA20-STV200-1.webp,images/VENSMA20-STV200-1.webp,oui,"Le ventilateur industriel sur pied Smart Technology de 20 pouces est conçu pour brasser l'air efficacement. Il est doté de boutons de vitesse tournante.

Points forts
• Modèle 20 pouces
• Grilles de protection en plastique
• Pales en plastique

Caractéristiques
Type de produit : Ventilateur 20 pouces
Tension : 220 V
Fréquence : 50 Hz
Matière de la lame : Plastique"
VENSOL16-FB166G,Solstar,"Ventilateur Solstar 16 "" plafonnier fb1661gr",ventilation,Ventilation,24500,ventilo,jour,"16""",Garantie: 12 mois,images/VENSOL16-FB166G-1.jpg,images/VENSOL16-FB166G-1.jpg,oui,"Ce ventilateur plafonnier Solstar de 16 pouces s'intègre facilement dans votre pièce pour assurer une diffusion homogène de l'air.

Points forts
• Modèle plafonnier 16 pouces

Caractéristiques
Type de produit : Ventilateur plafonnier 16 pouces"
VENSOL56-FC56UB,Solstar,Ventilateur Solstar plafonier 3pales fc56ub,ventilation,Ventilation,18000,ventilo,jour,,Garantie: 12 mois,images/VENSOL56-FC56UB-1.png,images/VENSOL56-FC56UB-1.png,oui,"Ce ventilateur de plafond Solstar est équipé de trois pales en métal et d'un régulateur à 5 vitesses pour moduler le flux d'air selon vos besoins.

Points forts
• Puissance du moteur de 60 W
• Trois lames en métal
• Contrôle à 5 vitesses
• Fil de sécurité de 10 cm

Caractéristiques
Source de courant : 220-240V~ 50Hz, 1Ph
Puissance du moteur : 60 W
Taille de la lame : 56 pouces
Type de lame : 3 lames en métal
Tige descendante : 35 cm
Fil de sécurité : 10 cm
Couleur : Blanc"
VENSYM50-DIET50,Autre Marque,Ventilateur symphony a eau humidicateur diet 50 i 50 litres,ventilation,Ventilation,87000,ventilo,jour,50 L,Capacité: 50 L | Garantie: 12 mois,images/VENSYM50-DIET50-1.jpg,images/VENSYM50-DIET50-1.jpg,oui,"Ce rafraîchisseur d'air à eau humidificateur d'une capacité de 50 litres est idéal pour rafraîchir les pièces jusqu'à 16 m². Il intègre la technologie i-Pure et un tampon en nid d'abeille.

Points forts
• Grand réservoir de 50 L
• Adapté pour des pièces jusqu'à 16 m²
• Consommation de 170 watts
• Équipé d'une télécommande et de roues pivotantes
• Alarme de réservoir vide

Caractéristiques
Capacité du réservoir : 50 L
Puissance : 170 W
Zone de refroidissement : 16 m²
Nombre de roues pivotantes : 4
Milieux de refroidissement : Rayon de miel"
VENYAK12-YXCS48,Yaki,"Ventilateur yaki 12 "" sur pied noir yxcs48",ventilation,Ventilation,18000,ventilo,jour,"12""",Couleur: Noir | Garantie: 12 mois,images/VENYAK12-YXCS48-1.png,images/VENYAK12-YXCS48-1.png,oui,"Ce ventilateur Yaki de 12 pouces sur pied est réglable en hauteur. Il arbore un design moderne avec une finition noire mate et des pales bleues.

Points forts
• Ventilateur sur pied réglable en hauteur
• Puissance de 47 W
• Grille de protection métallique noire
• Socle rond en plastique noir stable

Caractéristiques
Type : Ventilateur sur pied réglable en hauteur
Taille : 12 pouces
Puissance : 47 W
Matière des pales : Plastique
Couleur : Noir"
